customerID,Churn,Churn_label,tenure,MonthlyCharges,Contract,InternetService,TechSupport,OnlineSecurity,PaymentMethod
7590-VHVEG,No,0,1,29.85,Month-to-month,DSL,No,No,Electronic check
5575-GNVDE,No,0,34,56.95,One year,DSL,No,Yes,Mailed check
3668-QPYBK,Yes,1,2,53.85,Month-to-month,DSL,No,Yes,Mailed check
7795-CFOCW,No,0,45,42.3,One year,DSL,Yes,Yes,Bank transfer (automatic)
9237-HQITU,Yes,1,2,70.7,Month-to-month,Fiber optic,No,No,Electronic check
9305-CDSKC,Yes,1,8,99.65,Month-to-month,Fiber optic,No,No,Electronic check
1452-KIOVK,No,0,22,89.1,Month-to-month,Fiber optic,No,No,Credit card (automatic)
6713-OKOMC,No,0,10,29.75,Month-to-month,DSL,No,Yes,Mailed check
7892-POOKP,Yes,1,28,104.8,Month-to-month,Fiber optic,Yes,No,Electronic check
6388-TABGU,No,0,62,56.15,One year,DSL,No,Yes,Bank transfer (automatic)
9763-GRSKD,No,0,13,49.95,Month-to-month,DSL,No,Yes,Mailed check
7469-LKBCI,No,0,16,18.95,Two year,No,No internet service,No internet service,Credit card (automatic)
8091-TTVAX,No,0,58,100.35,One year,Fiber optic,No,No,Credit card (automatic)
0280-XJGEX,Yes,1,49,103.7,Month-to-month,Fiber optic,No,No,Bank transfer (automatic)
5129-JLPIS,No,0,25,105.5,Month-to-month,Fiber optic,Yes,Yes,Electronic check
3655-SNQYZ,No,0,69,113.25,Two year,Fiber optic,Yes,Yes,Credit card (automatic)
8191-XWSZG,No,0,52,20.65,One year,No,No internet service,No internet service,Mailed check
9959-WOFKT,No,0,71,106.7,Two year,Fiber optic,No,Yes,Bank transfer (automatic)
4190-MFLUW,Yes,1,10,55.2,Month-to-month,DSL,Yes,No,Credit card (automatic)
4183-MYFRB,No,0,21,90.05,Month-to-month,Fiber optic,No,No,Electronic check
8779-QRDMV,Yes,1,1,39.65,Month-to-month,DSL,No,No,Electronic check
1680-VDCWW,No,0,12,19.8,One year,No,No internet service,No internet service,Bank transfer (automatic)
1066-JKSGK,Yes,1,1,20.15,Month-to-month,No,No internet service,No internet service,Mailed check
3638-WEABW,No,0,58,59.9,Two year,DSL,Yes,No,Credit card (automatic)
6322-HRPFA,No,0,49,59.6,Month-to-month,DSL,Yes,Yes,Credit card (automatic)
6865-JZNKO,No,0,30,55.3,Month-to-month,DSL,No,Yes,Bank transfer (automatic)
6467-CHFZW,Yes,1,47,99.35,Month-to-month,Fiber optic,No,No,Electronic check
8665-UTDHZ,Yes,1,1,30.2,Month-to-month,DSL,No,No,Electronic check
5248-YGIJN,No,0,72,90.25,Two year,DSL,Yes,Yes,Credit card (automatic)
8773-HHUOZ,Yes,1,17,64.7,Month-to-month,DSL,No,No,Mailed check
3841-NFECX,No,0,71,96.35,Two year,Fiber optic,Yes,Yes,Credit card (automatic)
4929-XIHVW,No,0,2,95.5,Month-to-month,Fiber optic,No,No,Credit card (automatic)
6827-IEAUQ,No,0,27,66.15,One year,DSL,Yes,Yes,Mailed check
7310-EGVHZ,No,0,1,20.2,Month-to-month,No,No internet service,No internet service,Bank transfer (automatic)
3413-BMNZE,No,0,1,45.25,Month-to-month,DSL,No,No,Bank transfer (automatic)
6234-RAAPL,No,0,72,99.9,Two year,Fiber optic,Yes,Yes,Bank transfer (automatic)
6047-YHPVI,Yes,1,5,69.7,Month-to-month,Fiber optic,No,No,Electronic check
6572-ADKRS,No,0,46,74.8,Month-to-month,Fiber optic,No,No,Credit card (automatic)
5380-WJKOV,Yes,1,34,106.35,Month-to-month,Fiber optic,No,No,Electronic check
8168-UQWWF,Yes,1,11,97.85,Month-to-month,Fiber optic,No,No,Bank transfer (automatic)
8865-TNMNX,No,0,10,49.55,One year,DSL,No,No,Mailed check
9489-DEDVP,No,0,70,69.2,Two year,DSL,No,Yes,Credit card (automatic)
9867-JCZSP,No,0,17,20.75,One year,No,No internet service,No internet service,Mailed check
4671-VJLCL,No,0,63,79.85,Two year,DSL,Yes,Yes,Credit card (automatic)
4080-IIARD,No,0,13,76.2,Month-to-month,DSL,Yes,Yes,Electronic check
3714-NTNFO,No,0,49,84.5,Month-to-month,Fiber optic,No,No,Electronic check
5948-UJZLF,No,0,2,49.25,Month-to-month,DSL,No,No,Mailed check
7760-OYPDY,Yes,1,2,80.65,Month-to-month,Fiber optic,No,No,Electronic check
7639-LIAYI,No,0,52,79.75,Two year,DSL,Yes,Yes,Credit card (automatic)
2954-PIBKO,No,0,69,64.15,Two year,DSL,Yes,Yes,Credit card (automatic)
8012-SOUDQ,No,0,43,90.25,Month-to-month,Fiber optic,No,No,Electronic check
9420-LOJKX,Yes,1,15,99.1,Month-to-month,Fiber optic,No,Yes,Credit card (automatic)
6575-SUVOI,No,0,25,69.5,Month-to-month,DSL,Yes,Yes,Credit card (automatic)
7495-OOKFY,Yes,1,8,80.65,Month-to-month,Fiber optic,No,No,Credit card (automatic)
4667-QONEA,No,0,60,74.85,One year,DSL,Yes,Yes,Credit card (automatic)
1658-BYGOY,Yes,1,18,95.45,Month-to-month,Fiber optic,No,No,Electronic check
8769-KKTPH,No,0,63,99.65,One year,Fiber optic,No,Yes,Credit card (automatic)
5067-XJQFU,No,0,66,108.45,One year,Fiber optic,Yes,No,Electronic check
3957-SQXML,No,0,34,24.95,Two year,No,No internet service,No internet service,Credit card (automatic)
5954-BDFSG,No,0,72,107.5,Two year,Fiber optic,Yes,No,Credit card (automatic)
0434-CSFON,No,0,47,100.5,Month-to-month,Fiber optic,No,No,Electronic check
1215-FIGMP,No,0,60,89.9,Month-to-month,Fiber optic,No,No,Bank transfer (automatic)
0526-SXDJP,No,0,72,42.1,Two year,DSL,No,Yes,Bank transfer (automatic)
0557-ASKVU,No,0,18,54.4,One year,DSL,Yes,No,Credit card (automatic)
5698-BQJOH,Yes,1,9,94.4,Month-to-month,Fiber optic,No,No,Electronic check
5122-CYFXA,No,0,3,75.3,Month-to-month,DSL,Yes,No,Electronic check
8627-ZYGSZ,No,0,47,78.9,One year,Fiber optic,No,No,Electronic check
3410-YOQBQ,No,0,31,79.2,Two year,DSL,Yes,No,Mailed check
3170-NMYVV,No,0,50,20.15,Two year,No,No internet service,No internet service,Bank transfer (automatic)
7410-OIEDU,No,0,10,79.85,Month-to-month,Fiber optic,No,Yes,Mailed check
2273-QCKXA,No,0,1,49.05,Month-to-month,DSL,Yes,No,Mailed check
0731-EBJQB,No,0,52,20.4,One year,No,No internet service,No internet service,Electronic check
1891-QRQSA,No,0,64,111.6,Two year,Fiber optic,Yes,Yes,Bank transfer (automatic)
8028-PNXHQ,No,0,62,24.25,Two year,No,No internet service,No internet service,Bank transfer (automatic)
5630-AHZIL,No,0,3,64.5,Month-to-month,DSL,Yes,Yes,Bank transfer (automatic)
2673-CXQEU,No,0,56,110.5,One year,Fiber optic,No,Yes,Electronic check
6416-JNVRK,No,0,46,55.65,One year,DSL,No,No,Credit card (automatic)
5590-ZSKRV,No,0,8,54.65,Month-to-month,DSL,No,Yes,Mailed check
0191-ZHSKZ,No,0,30,74.75,Month-to-month,DSL,No,Yes,Electronic check
3887-PBQAO,No,0,45,25.9,One year,No,No internet service,No internet service,Credit card (automatic)
5919-TMRGD,Yes,1,1,79.35,Month-to-month,Fiber optic,No,No,Electronic check
8108-UXRQN,No,0,11,50.55,Month-to-month,DSL,No,Yes,Electronic check
9191-MYQKX,Yes,1,7,75.15,Month-to-month,Fiber optic,No,No,Bank transfer (automatic)
9919-YLNNG,No,0,42,103.8,Month-to-month,Fiber optic,Yes,No,Bank transfer (automatic)
0318-ZOPWS,No,0,49,20.15,Two year,No,No internet service,No internet service,Bank transfer (automatic)
4445-ZJNMU,No,0,9,99.3,Month-to-month,Fiber optic,No,No,Credit card (automatic)
4808-YNLEU,No,0,35,62.15,One year,DSL,No,Yes,Bank transfer (automatic)
1862-QRWPE,No,0,48,20.65,Two year,No,No internet service,No internet service,Bank transfer (automatic)
2796-NNUFI,No,0,46,19.95,Two year,No,No internet service,No internet service,Mailed check
3016-KSVCP,No,0,29,33.75,Month-to-month,DSL,No,No,Mailed check
4767-HZZHQ,No,0,30,82.05,Month-to-month,Fiber optic,No,No,Bank transfer (automatic)
2424-WVHPL,No,0,1,74.7,Month-to-month,Fiber optic,Yes,No,Electronic check
7233-PAHHL,No,0,66,84.0,Two year,DSL,Yes,Yes,Mailed check
6067-NGCEU,No,0,65,111.05,Month-to-month,Fiber optic,No,Yes,Credit card (automatic)
9848-JQJTX,No,0,72,100.9,Two year,Fiber optic,No,No,Bank transfer (automatic)
8637-XJIVR,Yes,1,12,78.95,Month-to-month,Fiber optic,No,Yes,Electronic check
9803-FTJCG,No,0,71,66.85,One year,DSL,Yes,Yes,Credit card (automatic)
0278-YXOOG,Yes,1,5,21.05,Month-to-month,No,No internet service,No internet service,Mailed check
3212-KXOCR,No,0,52,21.0,Two year,No,No internet service,No internet service,Bank transfer (automatic)
4598-XLKNJ,Yes,1,25,98.5,Month-to-month,Fiber optic,No,No,Electronic check
6380-ARCEH,No,0,1,20.2,Month-to-month,No,No internet service,No internet service,Mailed check
3679-XASPY,No,0,1,19.45,Month-to-month,No,No internet service,No internet service,Electronic check
7123-WQUHX,No,0,38,95.0,One year,Fiber optic,Yes,No,Bank transfer (automatic)
5386-THSLQ,No,0,66,45.55,One year,DSL,No,No,Bank transfer (automatic)
3192-NQECA,Yes,1,68,110.0,Two year,Fiber optic,Yes,No,Bank transfer (automatic)
6180-YBIQI,No,0,5,24.3,Month-to-month,DSL,No,No,Mailed check
6728-DKUCO,No,0,72,104.15,One year,Fiber optic,No,Yes,Electronic check
9750-BOOHV,No,0,32,30.15,One year,DSL,No,Yes,Mailed check
8597-CWYHH,No,0,43,94.35,One year,Fiber optic,No,No,Mailed check
2848-YXSMW,No,0,72,19.4,Two year,No,No internet service,No internet service,Credit card (automatic)
0486-HECZI,Yes,1,55,96.75,Month-to-month,Fiber optic,No,Yes,Electronic check
4549-ZDQYY,No,0,52,57.95,One year,DSL,Yes,Yes,Credit card (automatic)
5712-AHQNN,No,0,43,91.65,Month-to-month,Fiber optic,No,No,Electronic check
4846-WHAFZ,Yes,1,37,76.5,Month-to-month,Fiber optic,No,No,Electronic check
5256-SKJGO,No,0,64,54.6,Two year,DSL,Yes,No,Electronic check
3071-VBYPO,No,0,3,89.85,Month-to-month,Fiber optic,No,Yes,Electronic check
9560-BBZXK,No,0,36,31.05,Two year,DSL,No,Yes,Bank transfer (automatic)
5299-RULOA,Yes,1,10,100.25,Month-to-month,Fiber optic,No,Yes,Electronic check
8402-OOOHJ,No,0,41,20.65,Two year,No,No internet service,No internet service,Mailed check
9445-ZUEQE,No,0,27,85.2,Month-to-month,Fiber optic,Yes,No,Credit card (automatic)
1091-SOZGA,No,0,56,99.8,One year,Fiber optic,No,No,Credit card (automatic)
2928-HLDBA,No,0,6,20.7,Month-to-month,No,No internet service,No internet service,Mailed check
0404-SWRVG,Yes,1,3,74.4,Month-to-month,Fiber optic,No,No,Electronic check
6497-TILVL,No,0,7,50.7,Month-to-month,DSL,No,Yes,Mailed check
7219-TLZHO,No,0,4,20.85,Month-to-month,No,No internet service,No internet service,Mailed check
4622-YNKIJ,No,0,33,88.95,Two year,Fiber optic,Yes,Yes,Electronic check
4412-YLTKF,Yes,1,27,78.05,Month-to-month,Fiber optic,No,No,Electronic check
6734-PSBAW,No,0,72,23.55,Two year,No,No internet service,No internet service,Bank transfer (automatic)
3930-ZGWVE,No,0,1,19.75,Month-to-month,No,No internet service,No internet service,Mailed check
2639-UGMAZ,No,0,71,56.45,One year,DSL,No,Yes,Electronic check
2876-GZYZC,No,0,13,85.95,Month-to-month,Fiber optic,No,No,Electronic check
6207-WIOLX,Yes,1,25,58.6,Month-to-month,DSL,No,Yes,Credit card (automatic)
8587-XYZSF,No,0,67,50.55,Two year,DSL,Yes,No,Bank transfer (automatic)
3091-FYHKI,Yes,1,1,35.45,Month-to-month,DSL,No,No,Electronic check
2372-HWUHI,Yes,1,2,44.35,Month-to-month,DSL,No,No,Electronic check
7799-LGRDP,No,0,43,25.7,Two year,No,No internet service,No internet service,Credit card (automatic)
7850-VWJUU,No,0,23,75.0,Month-to-month,Fiber optic,No,Yes,Bank transfer (automatic)
3774-VBNXY,No,0,64,20.2,Two year,No,No internet service,No internet service,Mailed check
6217-KDYWC,No,0,57,19.6,Two year,No,No internet service,No internet service,Mailed check
0390-DCFDQ,Yes,1,1,70.45,Month-to-month,Fiber optic,No,No,Mailed check
3146-MSEGF,No,0,72,88.05,Two year,DSL,Yes,Yes,Credit card (automatic)
4080-OGPJL,Yes,1,8,71.15,Month-to-month,DSL,Yes,Yes,Electronic check
1095-WGNGG,No,0,61,101.05,Two year,Fiber optic,No,No,Bank transfer (automatic)
2636-SJDOU,No,0,64,84.3,One year,Fiber optic,No,Yes,Credit card (automatic)
1131-QQZEB,No,0,71,23.95,Two year,No,No internet service,No internet service,Bank transfer (automatic)
5716-EZXZN,No,0,65,99.05,Two year,Fiber optic,Yes,Yes,Credit card (automatic)
6837-BJYDQ,No,0,3,19.6,One year,No,No internet service,No internet service,Mailed check
2135-RXIHG,Yes,1,1,45.65,Month-to-month,DSL,No,No,Electronic check
6440-DKQGE,No,0,30,64.5,One year,DSL,No,No,Credit card (automatic)
3466-BYAVD,No,0,15,69.5,Month-to-month,DSL,Yes,No,Mailed check
3780-YVMFA,No,0,8,68.55,Month-to-month,DSL,Yes,No,Electronic check
3874-EQOEP,Yes,1,7,95.0,Month-to-month,Fiber optic,No,No,Mailed check
1679-JRFBR,No,0,70,108.15,One year,Fiber optic,No,Yes,Credit card (automatic)
9073-ZZIAY,No,0,62,86.1,Two year,DSL,Yes,Yes,Electronic check
3077-RSNTJ,No,0,6,19.7,Month-to-month,No,No internet service,No internet service,Mailed check
6551-GNYDG,No,0,14,80.9,Month-to-month,Fiber optic,No,No,Bank transfer (automatic)
9167-APMXZ,No,0,22,84.15,Month-to-month,Fiber optic,No,No,Bank transfer (automatic)
2749-CTKAJ,No,0,22,20.15,One year,No,No internet service,No internet service,Mailed check
6371-NZYEG,No,0,16,64.25,Two year,DSL,No,Yes,Mailed check
7554-NEWDD,No,0,10,25.7,Two year,No,No internet service,No internet service,Bank transfer (automatic)
8992-VONJD,No,0,13,56.0,Month-to-month,DSL,No,Yes,Electronic check
0867-MKZVY,Yes,1,20,82.4,Month-to-month,Fiber optic,No,Yes,Electronic check
4482-EWFMI,No,0,2,69.7,Month-to-month,Fiber optic,No,No,Electronic check
4648-YPBTM,No,0,53,73.9,Two year,DSL,Yes,No,Bank transfer (automatic)
2907-ILJBN,No,0,11,20.6,One year,No,No internet service,No internet service,Mailed check
6345-FZOQH,No,0,69,19.9,Two year,No,No internet service,No internet service,Mailed check
3376-BMGFE,Yes,1,4,70.9,Month-to-month,Fiber optic,No,No,Bank transfer (automatic)
5997-OPVFA,No,0,72,89.05,Two year,DSL,Yes,Yes,Bank transfer (automatic)
3445-HXXGF,Yes,1,58,45.3,Month-to-month,DSL,No,No,Electronic check
1159-WFSGR,No,0,16,20.4,Month-to-month,No,No internet service,No internet service,Electronic check
7654-YWJUF,No,0,43,84.25,One year,Fiber optic,Yes,Yes,Bank transfer (automatic)
1875-QIVME,Yes,1,2,104.4,Month-to-month,Fiber optic,Yes,No,Electronic check
6727-IOTLZ,No,0,14,81.95,Two year,DSL,Yes,No,Mailed check
0691-JVSYA,Yes,1,53,94.85,One year,Fiber optic,No,No,Bank transfer (automatic)
5918-VUKWP,No,0,32,20.55,One year,No,No internet service,No internet service,Bank transfer (automatic)
1744-JHKYS,No,0,34,24.7,Month-to-month,No,No internet service,No internet service,Electronic check
2656-FMOKZ,Yes,1,15,74.45,Month-to-month,Fiber optic,No,No,Mailed check
2070-FNEXE,Yes,1,7,76.45,Month-to-month,Fiber optic,No,Yes,Bank transfer (automatic)
5947-SGKCL,No,0,15,105.35,Month-to-month,Fiber optic,No,No,Bank transfer (automatic)
3712-PKXZA,No,0,61,20.55,One year,No,No internet service,No internet service,Credit card (automatic)
6317-YPKDH,Yes,1,1,29.95,Month-to-month,DSL,No,No,Bank transfer (automatic)
6582-OIVSP,No,0,1,45.3,Month-to-month,DSL,No,No,Mailed check
9367-WXLCH,Yes,1,8,84.5,Month-to-month,Fiber optic,No,No,Bank transfer (automatic)
5524-KHNJP,No,0,33,74.75,One year,DSL,No,Yes,Credit card (automatic)
1918-ZBFQJ,Yes,1,13,79.25,Month-to-month,Fiber optic,No,No,Electronic check
1024-GUALD,Yes,1,1,24.8,Month-to-month,DSL,No,No,Electronic check
4827-USJHP,No,0,20,51.8,Month-to-month,DSL,No,No,Mailed check
8167-GJLRN,No,0,3,30.4,Month-to-month,DSL,Yes,No,Electronic check
0956-SYCWG,No,0,13,19.65,One year,No,No internet service,No internet service,Electronic check
8017-UVSZU,No,0,40,56.6,Month-to-month,DSL,No,No,Credit card (automatic)
7100-FQPRV,No,0,43,71.9,One year,DSL,Yes,Yes,Credit card (automatic)
2472-OVKUP,Yes,1,6,91.0,Month-to-month,Fiber optic,No,No,Electronic check
2984-RGEYA,No,0,69,19.75,Two year,No,No internet service,No internet service,Bank transfer (automatic)
9680-NIAUV,No,0,72,109.7,Two year,Fiber optic,No,Yes,Credit card (automatic)
2146-EGVDT,No,0,59,19.3,Two year,No,No internet service,No internet service,Credit card (automatic)
2604-IJPDU,No,0,20,96.55,Month-to-month,Fiber optic,Yes,Yes,Electronic check
9178-JHUVJ,No,0,24,24.1,Two year,No,No internet service,No internet service,Bank transfer (automatic)
6168-YBYNP,No,0,59,111.35,Month-to-month,Fiber optic,Yes,No,Electronic check
7255-SSFBC,No,0,72,112.25,Two year,Fiber optic,Yes,No,Bank transfer (automatic)
3645-DEYGF,No,0,1,20.75,Month-to-month,No,No internet service,No internet service,Mailed check
9323-HGFWY,No,0,27,101.9,One year,Fiber optic,Yes,Yes,Credit card (automatic)
8544-GOQSH,No,0,14,80.05,Month-to-month,Fiber optic,Yes,No,Credit card (automatic)
3363-DTIVD,No,0,71,105.55,Two year,Fiber optic,No,Yes,Electronic check
7018-WBJNK,No,0,13,78.3,Month-to-month,Fiber optic,No,No,Credit card (automatic)
9142-KZXOP,No,0,44,68.85,Month-to-month,Fiber optic,No,No,Credit card (automatic)
7674-YTAFD,No,0,33,79.95,One year,Fiber optic,Yes,No,Bank transfer (automatic)
6348-SNFUS,No,0,72,55.45,Two year,DSL,Yes,Yes,Credit card (automatic)
1285-OKIPP,Yes,1,1,79.9,Month-to-month,Fiber optic,No,No,Electronic check
7825-ECJRF,Yes,1,19,106.6,Month-to-month,Fiber optic,Yes,Yes,Electronic check
1347-KTTTA,No,0,64,102.45,One year,Fiber optic,Yes,No,Credit card (automatic)
7841-TZDMQ,Yes,1,2,46.0,Month-to-month,DSL,No,No,Credit card (automatic)
4195-NZGTA,No,0,1,25.25,Month-to-month,DSL,No,No,Electronic check
7157-SMCFK,No,0,61,19.75,Two year,No,No internet service,No internet service,Mailed check
4709-LKHYG,No,0,29,20.0,One year,No,No internet service,No internet service,Electronic check
2504-DSHIH,No,0,23,86.8,Month-to-month,Fiber optic,No,No,Electronic check
0699-NDKJM,No,0,57,58.75,Month-to-month,DSL,No,Yes,Bank transfer (automatic)
9286-BHDQG,No,0,72,45.25,Two year,DSL,Yes,Yes,Credit card (automatic)
0230-WEQUW,No,0,66,56.6,Two year,DSL,Yes,Yes,Bank transfer (automatic)
2040-LDIWQ,No,0,65,84.2,Two year,DSL,Yes,No,Bank transfer (automatic)
6496-JDSSB,No,0,8,80.0,Month-to-month,Fiber optic,No,No,Bank transfer (automatic)
9408-SSNVZ,Yes,1,4,70.15,Month-to-month,Fiber optic,No,No,Electronic check
4443-EMBNA,No,0,71,24.75,Two year,No,No internet service,No internet service,Bank transfer (automatic)
6469-MRVET,No,0,1,20.2,One year,No,No internet service,No internet service,Electronic check
0742-MOABM,Yes,1,4,50.05,Month-to-month,DSL,Yes,No,Mailed check
5961-VUSRV,No,0,12,19.35,One year,No,No internet service,No internet service,Bank transfer (automatic)
6778-JFCMK,No,0,24,50.6,One year,DSL,No,Yes,Mailed check
6341-JVQGF,No,0,31,81.15,One year,DSL,Yes,Yes,Mailed check
2232-DMLXU,Yes,1,1,55.2,Month-to-month,DSL,No,No,Mailed check
4811-JBUVU,No,0,30,89.9,Month-to-month,Fiber optic,Yes,No,Credit card (automatic)
0945-TSONX,No,0,47,85.3,Two year,DSL,Yes,Yes,Credit card (automatic)
2651-ZCBXV,No,0,54,108.0,Two year,Fiber optic,Yes,Yes,Credit card (automatic)
3316-UWXUY,No,0,50,93.5,Month-to-month,Fiber optic,Yes,Yes,Credit card (automatic)
8937-RDTHP,Yes,1,1,84.6,Month-to-month,Fiber optic,No,Yes,Mailed check
7083-MIOPC,No,0,72,20.25,Two year,No,No internet service,No internet service,Credit card (automatic)
1984-GPTEH,No,0,29,25.15,Month-to-month,No,No internet service,No internet service,Electronic check
1251-KRREG,Yes,1,2,54.4,Month-to-month,DSL,No,No,Mailed check
0621-JFHOL,No,0,10,29.6,Two year,DSL,Yes,No,Mailed check
9903-LYSAB,No,0,18,73.15,Month-to-month,Fiber optic,No,No,Electronic check
0094-OIFMO,Yes,1,11,95.0,Month-to-month,Fiber optic,No,No,Electronic check
9227-UAQFT,No,0,16,19.75,Two year,No,No internet service,No internet service,Mailed check
7301-ABVAD,No,0,72,86.6,Two year,DSL,Yes,No,Bank transfer (automatic)
6614-FHDBO,No,0,72,109.2,Two year,Fiber optic,Yes,No,Bank transfer (automatic)
7576-ASEJU,No,0,41,74.7,One year,DSL,Yes,Yes,Credit card (automatic)
9058-HRZSV,No,0,65,94.4,Month-to-month,Fiber optic,No,Yes,Electronic check
4522-AKYLR,No,0,13,54.8,Month-to-month,DSL,No,No,Electronic check
0221-WMXNQ,No,0,4,75.35,Month-to-month,Fiber optic,No,Yes,Electronic check
0303-UNCIP,No,0,41,65.0,One year,DSL,No,No,Mailed check
9947-OTFQU,Yes,1,15,74.4,Month-to-month,Fiber optic,No,No,Electronic check
0322-YINQP,Yes,1,1,48.55,Month-to-month,DSL,No,Yes,Mailed check
0959-WHOKV,No,0,42,99.0,One year,Fiber optic,No,Yes,Electronic check
4075-JFPGR,No,0,51,93.5,One year,Fiber optic,No,Yes,Electronic check
4629-NRXKX,Yes,1,2,70.4,Month-to-month,Fiber optic,No,No,Electronic check
9514-JDSKI,Yes,1,1,40.2,Month-to-month,DSL,No,No,Electronic check
3282-ZISZV,No,0,32,83.7,One year,DSL,Yes,No,Credit card (automatic)
3675-YDUPJ,No,0,10,19.85,Month-to-month,No,No internet service,No internet service,Mailed check
4111-BNXIF,No,0,67,59.55,Two year,DSL,Yes,No,Electronic check
7017-VFHAY,No,0,61,115.1,Two year,Fiber optic,Yes,Yes,Credit card (automatic)
6655-LHBYW,No,0,50,114.35,One year,Fiber optic,Yes,Yes,Credit card (automatic)
4959-JOSRX,Yes,1,2,44.6,Month-to-month,DSL,No,No,Credit card (automatic)
5046-NUHWD,No,0,29,45.0,Month-to-month,DSL,No,Yes,Electronic check
7273-TEFQD,Yes,1,3,41.15,Month-to-month,DSL,No,No,Electronic check
3606-TWKGI,Yes,1,13,106.9,Month-to-month,Fiber optic,No,No,Electronic check
7529-ZDFXI,No,0,57,89.85,Month-to-month,Fiber optic,No,No,Electronic check
7605-BDWDC,No,0,31,49.85,Two year,DSL,Yes,Yes,Bank transfer (automatic)
1950-KSVVJ,No,0,45,113.3,One year,Fiber optic,Yes,Yes,Mailed check
0123-CRBRT,No,0,61,88.1,Two year,DSL,Yes,Yes,Mailed check
6292-TOSSS,No,0,50,24.9,Two year,No,No internet service,No internet service,Bank transfer (automatic)
3197-ARFOY,No,0,19,105.0,Month-to-month,Fiber optic,Yes,Yes,Mailed check
6323-AYBRX,Yes,1,59,19.35,Two year,No,No internet service,No internet service,Mailed check
7014-ZZXAW,No,0,71,24.25,Two year,No,No internet service,No internet service,Credit card (automatic)
4385-GZQXV,Yes,1,16,94.45,Month-to-month,Fiber optic,Yes,No,Electronic check
7633-MVPUY,No,0,57,59.75,Two year,DSL,Yes,Yes,Electronic check
6366-ZGQGL,Yes,1,1,24.8,Month-to-month,DSL,No,No,Bank transfer (automatic)
4716-HHKQH,No,0,20,107.05,Month-to-month,Fiber optic,Yes,No,Electronic check
5940-AHUHD,Yes,1,1,70.6,Month-to-month,Fiber optic,No,No,Mailed check
6432-TWQLB,Yes,1,5,85.4,Month-to-month,Fiber optic,Yes,No,Electronic check
4484-GLZOU,Yes,1,52,105.05,Month-to-month,Fiber optic,No,No,Electronic check
3179-GBRWV,No,0,21,64.95,Month-to-month,DSL,No,Yes,Bank transfer (automatic)
8645-KWHJO,No,0,14,55.0,Month-to-month,DSL,Yes,No,Electronic check
4130-MZLCC,No,0,5,50.55,Month-to-month,DSL,No,No,Bank transfer (automatic)
0314-TKOSI,No,0,6,55.15,Month-to-month,DSL,No,Yes,Mailed check
8229-MYEJZ,No,0,10,51.2,Month-to-month,DSL,No,No,Electronic check
2080-SRCDE,No,0,1,25.4,Month-to-month,No,No internet service,No internet service,Mailed check
9577-WJVCQ,No,0,68,54.45,Month-to-month,DSL,No,Yes,Mailed check
9512-UIBFX,Yes,1,18,95.15,Month-to-month,Fiber optic,No,No,Mailed check
6202-DYYFX,No,0,22,76.0,One year,Fiber optic,No,No,Credit card (automatic)
3808-HFKDE,No,0,20,44.35,Month-to-month,DSL,No,No,Electronic check
5583-SXDAG,Yes,1,1,70.0,Month-to-month,Fiber optic,No,No,Electronic check
3488-PGMQJ,Yes,1,8,74.5,Month-to-month,Fiber optic,No,No,Electronic check
3580-REOAC,Yes,1,10,44.85,Month-to-month,DSL,No,No,Credit card (automatic)
7534-BFESC,Yes,1,24,76.1,Month-to-month,Fiber optic,No,No,Electronic check
3727-OWVYD,No,0,35,61.2,One year,DSL,No,Yes,Mailed check
2294-SALNE,No,0,23,86.8,One year,Fiber optic,Yes,No,Mailed check
4847-TAJYI,No,0,6,89.35,Month-to-month,Fiber optic,No,No,Electronic check
1563-IWQEX,No,0,12,19.7,Month-to-month,No,No internet service,No internet service,Mailed check
8203-XJZRC,No,0,1,20.25,Month-to-month,No,No internet service,No internet service,Mailed check
6556-DBKZF,No,0,71,76.05,Two year,Fiber optic,No,No,Electronic check
6851-WEFYX,No,0,35,100.8,Month-to-month,Fiber optic,No,No,Electronic check
2985-JUUBZ,No,0,40,74.55,Month-to-month,DSL,No,No,Electronic check
6390-DSAZX,Yes,1,1,73.6,Month-to-month,Fiber optic,No,Yes,Mailed check
0895-LMRSF,No,0,23,64.9,One year,DSL,No,No,Bank transfer (automatic)
8098-LLAZX,Yes,1,4,95.45,Month-to-month,Fiber optic,No,No,Electronic check
8266-VBFQL,No,0,4,90.4,Month-to-month,Fiber optic,Yes,No,Electronic check
8181-YHCMF,No,0,68,60.3,Two year,DSL,Yes,No,Credit card (automatic)
2240-HSJQD,No,0,38,81.85,Month-to-month,Fiber optic,No,No,Mailed check
1248-DYXUB,No,0,52,24.8,Two year,No,No internet service,No internet service,Mailed check
0265-EDXBD,Yes,1,32,74.9,Month-to-month,Fiber optic,No,No,Electronic check
4115-BNPJY,No,0,29,75.55,Two year,DSL,Yes,No,Mailed check
3167-SNQPL,No,0,38,101.15,Month-to-month,Fiber optic,No,No,Electronic check
4091-TVOCN,No,0,48,78.75,One year,DSL,No,Yes,Credit card (automatic)
1098-TDVUQ,No,0,1,19.25,Month-to-month,No,No internet service,No internet service,Bank transfer (automatic)
7277-OZCGZ,No,0,22,89.05,Month-to-month,Fiber optic,Yes,Yes,Electronic check
1557-EMYVT,No,0,43,115.05,Two year,Fiber optic,Yes,Yes,Credit card (automatic)
2799-ARNLO,No,0,5,69.35,Month-to-month,Fiber optic,No,No,Electronic check
7563-BIUPC,Yes,1,5,80.6,Month-to-month,Fiber optic,No,No,Electronic check
5027-YOCXN,No,0,51,110.05,One year,Fiber optic,Yes,Yes,Credit card (automatic)
3973-SKMLN,No,0,71,19.9,Two year,No,No internet service,No internet service,Credit card (automatic)
2321-OMBXY,Yes,1,38,80.3,One year,DSL,Yes,Yes,Credit card (automatic)
2840-XANRC,Yes,1,24,93.15,Month-to-month,Fiber optic,No,No,Electronic check
6745-JEFZB,No,0,35,91.5,Month-to-month,Fiber optic,Yes,No,Credit card (automatic)
5020-ZSTTY,Yes,1,54,82.45,One year,DSL,Yes,Yes,Bank transfer (automatic)
9880-TDQAC,No,0,72,60.0,Two year,DSL,Yes,No,Electronic check
8705-WZCYL,No,0,1,44.8,Month-to-month,DSL,No,No,Electronic check
7102-JJVTX,No,0,9,48.6,One year,DSL,No,Yes,Mailed check
8626-PTQGE,No,0,69,60.05,Two year,DSL,Yes,Yes,Bank transfer (automatic)
4983-CLMLV,No,0,52,102.7,Month-to-month,Fiber optic,Yes,No,Credit card (automatic)
5701-YVSVF,No,0,11,82.9,Month-to-month,Fiber optic,Yes,No,Electronic check
5804-LEPIM,Yes,1,2,70.35,Month-to-month,Fiber optic,No,No,Electronic check
5697-GOMBF,No,0,28,35.9,Month-to-month,DSL,No,No,Electronic check
2739-CACDQ,No,0,17,82.65,Month-to-month,Fiber optic,No,No,Credit card (automatic)
9385-EHGDO,No,0,35,19.85,Two year,No,No internet service,No internet service,Mailed check
9498-FIMXL,No,0,8,19.2,One year,No,No internet service,No internet service,Mailed check
2379-GYFLQ,No,0,46,94.9,One year,Fiber optic,No,No,Credit card (automatic)
0122-OAHPZ,Yes,1,7,73.85,Month-to-month,Fiber optic,No,No,Electronic check
2868-SNELZ,Yes,1,2,80.6,Month-to-month,Fiber optic,No,No,Mailed check
4322-RCYMT,Yes,1,68,75.8,One year,DSL,Yes,No,Bank transfer (automatic)
6680-NENYN,Yes,1,43,104.6,Two year,Fiber optic,No,No,Electronic check
2088-IEBAU,No,0,68,88.15,Two year,DSL,Yes,Yes,Electronic check
7982-VCELR,No,0,36,94.8,Month-to-month,Fiber optic,No,No,Credit card (automatic)
1343-EHPYB,Yes,1,63,103.4,Month-to-month,Fiber optic,No,No,Electronic check
6035-BXTTY,No,0,32,54.65,Month-to-month,DSL,Yes,No,Bank transfer (automatic)
6885-PKOAM,No,0,71,85.75,Two year,DSL,Yes,Yes,Credit card (automatic)
7520-HQWJU,No,0,66,67.45,Month-to-month,DSL,No,Yes,Bank transfer (automatic)
9639-BUJXT,No,0,63,20.5,One year,No,No internet service,No internet service,Mailed check
5924-SNGKP,No,0,41,20.25,One year,No,No internet service,No internet service,Credit card (automatic)
0021-IKXGC,No,0,1,72.1,Month-to-month,Fiber optic,No,No,Electronic check
2034-GDRCN,Yes,1,2,90.4,Month-to-month,Fiber optic,No,No,Electronic check
8966-SNIZF,No,0,70,19.45,Two year,No,No internet service,No internet service,Bank transfer (automatic)
6243-OZGFH,No,0,23,44.95,Month-to-month,DSL,No,No,Electronic check
4654-DLAMQ,No,0,64,97.0,One year,Fiber optic,No,Yes,Bank transfer (automatic)
0513-RBGPE,No,0,37,62.8,Two year,DSL,Yes,Yes,Credit card (automatic)
5160-UXJED,No,0,17,44.6,One year,DSL,No,No,Mailed check
4115-NZRKS,No,0,7,89.15,Month-to-month,Fiber optic,No,No,Electronic check
0219-YTZUE,Yes,1,4,84.8,Month-to-month,Fiber optic,No,No,Bank transfer (automatic)
0623-IIHUG,Yes,1,21,41.9,Month-to-month,DSL,No,Yes,Electronic check
4572-DVCGN,Yes,1,10,80.25,Month-to-month,Fiber optic,No,No,Bank transfer (automatic)
3351-NGXYI,No,0,16,54.1,Month-to-month,DSL,No,Yes,Electronic check
8984-EYLLL,No,0,64,105.25,Two year,Fiber optic,Yes,No,Electronic check
9057-MSWCO,Yes,1,27,30.75,Month-to-month,DSL,No,Yes,Credit card (automatic)
9833-TGFHX,No,0,42,97.1,One year,Fiber optic,No,Yes,Electronic check
9294-TDIPC,No,0,5,20.2,Month-to-month,No,No internet service,No internet service,Mailed check
5229-DTFYB,No,0,41,98.8,Two year,Fiber optic,Yes,No,Bank transfer (automatic)
0104-PPXDV,No,0,58,50.3,One year,DSL,No,No,Credit card (automatic)
5176-LMJXE,No,0,47,20.55,Two year,No,No internet service,No internet service,Mailed check
3583-KRKMD,No,0,18,75.9,Month-to-month,Fiber optic,Yes,No,Bank transfer (automatic)
1010-DIAUQ,Yes,1,5,96.5,Month-to-month,Fiber optic,No,No,Bank transfer (automatic)
9069-LGEUL,No,0,23,59.95,Month-to-month,DSL,No,Yes,Bank transfer (automatic)
7302-ZHMHP,No,0,1,19.15,Month-to-month,No,No internet service,No internet service,Mailed check
9571-EDEBV,No,0,71,98.65,One year,Fiber optic,No,No,Credit card (automatic)
3520-FJGCV,No,0,72,112.6,Two year,Fiber optic,Yes,Yes,Credit card (automatic)
6563-VRERX,No,0,33,20.6,One year,No,No internet service,No internet service,Mailed check
0259-GBZSH,Yes,1,2,85.65,Month-to-month,Fiber optic,No,No,Electronic check
6122-EFVKN,No,0,24,35.75,Two year,DSL,Yes,Yes,Mailed check
2805-EDJPQ,No,0,56,99.75,One year,Fiber optic,Yes,No,Credit card (automatic)
6862-CQUMB,No,0,37,96.1,Month-to-month,Fiber optic,No,No,Credit card (automatic)
7156-MXBJE,No,0,43,85.1,One year,DSL,Yes,No,Credit card (automatic)
6158-HDPXZ,No,0,1,25.35,Month-to-month,DSL,No,No,Mailed check
9601-BRXPO,Yes,1,25,104.95,Month-to-month,Fiber optic,Yes,No,Bank transfer (automatic)
2863-IMQDR,No,0,61,89.65,Two year,DSL,Yes,Yes,Electronic check
5686-CMAWK,No,0,17,86.75,One year,Fiber optic,Yes,No,Electronic check
5651-CRHKQ,No,0,41,86.2,One year,Fiber optic,Yes,No,Bank transfer (automatic)
6905-NIQIN,Yes,1,1,50.65,Month-to-month,DSL,No,No,Mailed check
8204-YJCLA,No,0,72,64.8,Two year,DSL,Yes,Yes,Bank transfer (automatic)
5167-ZFFMM,Yes,1,1,90.85,Month-to-month,Fiber optic,No,No,Credit card (automatic)
6583-SZVGP,No,0,48,108.1,Two year,Fiber optic,No,No,Bank transfer (automatic)
4895-TMWIR,Yes,1,11,19.95,Month-to-month,No,No internet service,No internet service,Mailed check
0533-BNWKF,Yes,1,55,85.45,Month-to-month,Fiber optic,No,No,Electronic check
1708-PBBOA,No,0,42,54.75,One year,DSL,Yes,Yes,Electronic check
8782-LKFPK,No,0,44,90.4,Month-to-month,Fiber optic,No,No,Mailed check
5522-JBWMO,No,0,1,44.0,Month-to-month,DSL,No,No,Electronic check
3597-MVHJT,No,0,27,95.6,Month-to-month,Fiber optic,No,No,Bank transfer (automatic)
9774-NRNAU,No,0,27,84.8,Month-to-month,DSL,Yes,No,Bank transfer (automatic)
0224-RLWWD,No,0,2,44.3,Month-to-month,DSL,No,No,Electronic check
9967-ATRFS,No,0,19,19.9,Month-to-month,No,No internet service,No internet service,Mailed check
3951-NJCVI,No,0,42,95.05,Month-to-month,Fiber optic,No,No,Electronic check
2977-CEBSX,No,0,66,90.05,Two year,DSL,Yes,Yes,Credit card (automatic)
0177-PXBAT,No,0,33,109.9,Month-to-month,Fiber optic,Yes,Yes,Bank transfer (automatic)
6599-CEBNN,Yes,1,34,73.95,Month-to-month,Fiber optic,No,No,Credit card (automatic)
2519-ERQOJ,No,0,33,54.6,Month-to-month,DSL,Yes,No,Electronic check
5876-QMYLD,No,0,23,20.05,One year,No,No internet service,No internet service,Mailed check
2277-AXSDC,No,0,32,19.75,One year,No,No internet service,No internet service,Bank transfer (automatic)
9442-JTWDL,No,0,11,20.05,One year,No,No internet service,No internet service,Credit card (automatic)
0979-PHULV,Yes,1,69,99.45,Month-to-month,Fiber optic,No,No,Credit card (automatic)
3067-SVMTC,No,0,68,55.9,One year,DSL,Yes,Yes,Bank transfer (automatic)
5495-GPSRW,No,0,20,19.7,Two year,No,No internet service,No internet service,Mailed check
7606-BPHHN,No,0,72,19.8,Two year,No,No internet service,No internet service,Credit card (automatic)
4742-DRORA,No,0,60,95.4,One year,Fiber optic,No,Yes,Bank transfer (automatic)
0111-KLBQG,No,0,32,93.95,Month-to-month,Fiber optic,No,No,Mailed check
4800-VHZKI,Yes,1,1,19.9,Month-to-month,No,No internet service,No internet service,Mailed check
7989-CHGTL,Yes,1,1,19.6,Month-to-month,No,No internet service,No internet service,Mailed check
0334-GDDSO,Yes,1,3,81.35,Month-to-month,Fiber optic,No,No,Electronic check
4163-NCJAK,No,0,46,24.45,One year,No,No internet service,No internet service,Bank transfer (automatic)
5233-AOZUF,No,0,29,74.95,Month-to-month,Fiber optic,No,No,Electronic check
5973-EJGDP,No,0,51,87.35,Month-to-month,Fiber optic,Yes,No,Electronic check
1996-DBMUS,No,0,48,70.65,Month-to-month,Fiber optic,No,No,Bank transfer (automatic)
7916-VCCPB,No,0,16,73.25,Month-to-month,Fiber optic,No,No,Bank transfer (automatic)
4686-GEFRM,No,0,70,98.7,Two year,Fiber optic,Yes,No,Bank transfer (automatic)
5249-QYHEX,No,0,40,24.8,Two year,No,No internet service,No internet service,Mailed check
0578-SKVMF,Yes,1,22,83.3,Month-to-month,Fiber optic,No,No,Electronic check
5564-NEMQO,Yes,1,1,75.3,Month-to-month,Fiber optic,No,No,Bank transfer (automatic)
2233-FAGXV,No,0,5,24.3,Month-to-month,No,No internet service,No internet service,Mailed check
5605-IYGFG,No,0,7,69.85,Month-to-month,Fiber optic,No,No,Bank transfer (automatic)
7663-ZTEGJ,No,0,29,100.55,One year,Fiber optic,Yes,No,Credit card (automatic)
3935-TBRZZ,No,0,44,25.7,One year,No,No internet service,No internet service,Mailed check
8111-BKVDS,No,0,10,40.7,Month-to-month,DSL,No,Yes,Bank transfer (automatic)
2055-SIFSS,No,0,55,51.65,Month-to-month,DSL,No,No,Bank transfer (automatic)
2806-MLNTI,No,0,52,105.1,One year,Fiber optic,No,No,Bank transfer (automatic)
8734-DKSTZ,No,0,10,85.95,Month-to-month,Fiber optic,No,No,Electronic check
4360-PNRQB,No,0,18,75.6,Month-to-month,Fiber optic,No,No,Bank transfer (automatic)
6152-ONASV,No,0,68,58.25,One year,DSL,Yes,Yes,Bank transfer (automatic)
9063-ZGTUY,Yes,1,61,19.4,Month-to-month,No,No internet service,No internet service,Mailed check
7781-HVGMK,No,0,72,65.2,Two year,DSL,Yes,Yes,Credit card (automatic)
2181-UAESM,No,0,2,53.45,Month-to-month,DSL,No,Yes,Electronic check
2957-LOLHO,Yes,1,12,45.4,Month-to-month,DSL,No,No,Bank transfer (automatic)
6048-NJXHX,No,0,41,19.75,Two year,No,No internet service,No internet service,Electronic check
2320-SLKMB,No,0,26,44.45,Month-to-month,DSL,Yes,No,Credit card (automatic)
4980-URKXC,No,0,36,20.85,One year,No,No internet service,No internet service,Bank transfer (automatic)
4376-KFVRS,No,0,72,114.05,Two year,Fiber optic,Yes,Yes,Credit card (automatic)
5886-VLQVU,No,0,35,89.85,Month-to-month,Fiber optic,Yes,No,Bank transfer (automatic)
3577-AMVUX,No,0,1,55.05,Month-to-month,DSL,Yes,No,Mailed check
0771-WLCLA,No,0,16,112.95,Month-to-month,Fiber optic,Yes,Yes,Electronic check
5628-RKIFK,No,0,49,101.55,Month-to-month,Fiber optic,No,Yes,Credit card (automatic)
0206-TBWLC,No,0,54,114.65,One year,Fiber optic,Yes,Yes,Mailed check
2937-FTHUR,No,0,18,64.8,Month-to-month,DSL,No,Yes,Electronic check
1910-FMXJM,No,0,36,80.4,Month-to-month,Fiber optic,No,No,Electronic check
7752-XUSCI,Yes,1,60,105.9,Month-to-month,Fiber optic,No,No,Electronic check
4110-PFEUZ,Yes,1,1,69.55,Month-to-month,Fiber optic,No,No,Mailed check
0732-OCQOC,No,0,52,25.05,Two year,No,No internet service,No internet service,Bank transfer (automatic)
5168-MSWXT,No,0,8,94.75,Month-to-month,Fiber optic,No,No,Electronic check
1090-ESELR,No,0,72,105.5,Two year,Fiber optic,Yes,Yes,Bank transfer (automatic)
8592-PLTMQ,No,0,64,24.7,One year,No,No internet service,No internet service,Mailed check
5760-WRAHC,No,0,22,69.75,Month-to-month,DSL,Yes,Yes,Mailed check
8847-GEOOQ,No,0,60,60.2,Month-to-month,DSL,Yes,No,Bank transfer (automatic)
0256-LTHVJ,Yes,1,28,81.05,Month-to-month,Fiber optic,No,No,Electronic check
4785-FCIFB,No,0,61,24.4,Two year,No,No internet service,No internet service,Mailed check
8313-NDOIA,No,0,24,104.15,Month-to-month,Fiber optic,No,No,Electronic check
5149-CUZUJ,No,0,28,92.9,One year,Fiber optic,Yes,No,Bank transfer (automatic)
0942-KOWSM,No,0,30,80.8,Two year,DSL,Yes,No,Bank transfer (automatic)
4237-CLSMM,No,0,2,20.0,Month-to-month,No,No internet service,No internet service,Mailed check
1452-VOQCH,No,0,1,75.1,Month-to-month,Fiber optic,No,No,Electronic check
4719-UMSIY,No,0,6,19.65,Month-to-month,No,No internet service,No internet service,Mailed check
6614-VBEGU,No,0,24,69.45,Month-to-month,DSL,No,No,Bank transfer (automatic)
0880-TKATG,Yes,1,4,101.15,Month-to-month,Fiber optic,No,No,Electronic check
3811-VBYBZ,Yes,1,7,99.8,Month-to-month,Fiber optic,No,No,Electronic check
1480-BKXGA,No,0,72,116.05,Two year,Fiber optic,Yes,Yes,Bank transfer (automatic)
2996-XAUVF,No,0,70,40.05,Two year,DSL,Yes,No,Mailed check
9076-AXYIK,No,0,64,102.1,Two year,Fiber optic,Yes,No,Electronic check
5968-XQIVE,No,0,72,89.7,One year,Fiber optic,No,No,Electronic check
8896-RAZCR,No,0,44,19.9,Two year,No,No internet service,No internet service,Mailed check
4640-UHDOS,Yes,1,13,55.95,Month-to-month,DSL,No,No,Electronic check
4933-IKULF,No,0,17,20.65,One year,No,No internet service,No internet service,Mailed check
3583-EKAPL,Yes,1,1,55.0,Month-to-month,DSL,No,No,Electronic check
1304-BCCFO,No,0,9,70.05,Month-to-month,DSL,No,No,Mailed check
4104-PVRPS,No,0,24,53.6,Month-to-month,DSL,Yes,Yes,Mailed check
9399-APLBT,Yes,1,1,74.7,Month-to-month,Fiber optic,No,No,Electronic check
2359-KMGLI,Yes,1,24,80.25,Month-to-month,Fiber optic,No,No,Electronic check
3780-DDGSE,No,0,35,76.05,Month-to-month,DSL,Yes,No,Electronic check
4431-EDMIQ,No,0,7,75.7,Month-to-month,DSL,Yes,Yes,Electronic check
0306-JAELE,Yes,1,5,96.1,Month-to-month,Fiber optic,Yes,No,Electronic check
6227-HWPWX,Yes,1,15,69.0,Month-to-month,Fiber optic,No,No,Bank transfer (automatic)
0486-LGCCH,No,0,11,19.65,Two year,No,No internet service,No internet service,Mailed check
0447-BEMNG,Yes,1,48,45.3,Month-to-month,DSL,No,Yes,Bank transfer (automatic)
4612-SSVHJ,No,0,20,81.45,Month-to-month,Fiber optic,No,No,Electronic check
5168-MQQCA,No,0,72,108.5,One year,Fiber optic,Yes,No,Bank transfer (automatic)
5949-XIKAE,Yes,1,8,83.55,Month-to-month,Fiber optic,No,No,Electronic check
7971-HLVXI,No,0,72,84.5,Two year,Fiber optic,No,No,Credit card (automatic)
9094-AZPHK,No,0,15,100.15,Month-to-month,Fiber optic,No,No,Electronic check
3649-JPUGY,No,0,72,88.6,Two year,DSL,Yes,No,Bank transfer (automatic)
4472-LVYGI,No,0,0,52.55,Two year,DSL,Yes,Yes,Bank transfer (automatic)
8372-JUXUI,Yes,1,1,74.35,Month-to-month,Fiber optic,No,No,Electronic check
3552-CTCYF,No,0,63,104.8,Two year,Fiber optic,No,No,Bank transfer (automatic)
6778-YSNIH,No,0,2,59.0,Month-to-month,DSL,No,No,Electronic check
0388-EOPEX,Yes,1,2,74.4,Month-to-month,Fiber optic,No,Yes,Electronic check
5756-OZRIO,No,0,61,64.05,One year,DSL,No,No,Bank transfer (automatic)
6579-JPICP,No,0,1,20.4,Month-to-month,No,No internet service,No internet service,Mailed check
8205-OTCHB,Yes,1,22,43.75,One year,DSL,No,No,Bank transfer (automatic)
4134-BSXLX,No,0,28,60.9,Month-to-month,DSL,Yes,Yes,Mailed check
0505-SPOOW,No,0,70,19.8,Two year,No,No internet service,No internet service,Bank transfer (automatic)
6235-VDHOM,Yes,1,5,28.45,Month-to-month,DSL,No,No,Electronic check
7783-YKGDV,Yes,1,12,99.7,Month-to-month,Fiber optic,No,Yes,Bank transfer (automatic)
4374-YMUSQ,No,0,34,116.25,One year,Fiber optic,Yes,Yes,Credit card (automatic)
4513-CXYIX,No,0,71,80.7,Two year,Fiber optic,No,Yes,Credit card (automatic)
3957-HHLMR,No,0,70,65.2,One year,DSL,No,Yes,Bank transfer (automatic)
7803-XOCCZ,No,0,52,84.05,Month-to-month,Fiber optic,Yes,Yes,Bank transfer (automatic)
5736-YEJAX,No,0,69,79.45,Two year,DSL,Yes,Yes,Credit card (automatic)
5609-CEBID,Yes,1,20,94.1,Month-to-month,Fiber optic,No,No,Electronic check
8981-FJGLA,No,0,11,78.0,Month-to-month,Fiber optic,No,No,Mailed check
7218-HKQFK,Yes,1,2,94.2,Month-to-month,Fiber optic,Yes,No,Electronic check
4636-QRJKY,Yes,1,6,80.5,Month-to-month,Fiber optic,Yes,No,Electronic check
1135-LMECX,No,0,1,19.85,Month-to-month,No,No internet service,No internet service,Mailed check
4332-MUOEZ,No,0,20,94.3,One year,Fiber optic,Yes,Yes,Credit card (automatic)
8535-SFUTN,No,0,61,106.45,Month-to-month,Fiber optic,No,Yes,Electronic check
5956-VKDTT,Yes,1,5,74.35,Month-to-month,Fiber optic,No,No,Electronic check
8677-HDZEE,No,0,56,105.45,Month-to-month,Fiber optic,Yes,No,Bank transfer (automatic)
2475-MROZF,No,0,30,95.0,Month-to-month,Fiber optic,Yes,Yes,Credit card (automatic)
9412-GHEEC,Yes,1,40,104.8,Month-to-month,Fiber optic,Yes,No,Bank transfer (automatic)
3482-ABPKK,No,0,28,54.3,One year,DSL,Yes,Yes,Mailed check
6705-LXORM,No,0,5,70.05,Month-to-month,Fiber optic,No,No,Electronic check
0257-ZESQC,Yes,1,27,75.2,Month-to-month,Fiber optic,No,Yes,Bank transfer (automatic)
7531-GQHME,No,0,12,20.05,Month-to-month,No,No internet service,No internet service,Credit card (automatic)
5174-ITUMV,No,0,67,105.4,One year,Fiber optic,No,No,Electronic check
4109-CYRBD,No,0,29,51.6,Month-to-month,DSL,No,No,Electronic check
0913-XWSCN,No,0,55,85.5,Month-to-month,Fiber optic,No,No,Bank transfer (automatic)
6825-UYPFK,Yes,1,23,75.6,Month-to-month,Fiber optic,No,No,Bank transfer (automatic)
8397-MVTAZ,Yes,1,34,100.05,Month-to-month,Fiber optic,No,No,Electronic check
0750-EBAIU,No,0,52,91.25,One year,Fiber optic,No,Yes,Electronic check
8606-CIQUL,No,0,72,115.75,Two year,Fiber optic,Yes,Yes,Credit card (automatic)
3571-DPYUH,No,0,58,94.7,One year,Fiber optic,Yes,No,Credit card (automatic)
7601-GNDYK,No,0,35,19.6,Two year,No,No internet service,No internet service,Mailed check
0356-OBMAC,No,0,56,99.9,Two year,Fiber optic,Yes,No,Bank transfer (automatic)
8067-NIOYM,No,0,24,21.1,Two year,No,No internet service,No internet service,Credit card (automatic)
1403-GYAFU,No,0,70,20.05,Two year,No,No internet service,No internet service,Credit card (automatic)
4234-XTNEA,No,0,2,79.95,Month-to-month,Fiber optic,No,No,Electronic check
1297-VQDRP,No,0,68,107.15,One year,Fiber optic,Yes,No,Credit card (automatic)
9282-IZGQK,Yes,1,1,85.0,Month-to-month,Fiber optic,No,No,Electronic check
5348-CAGXB,No,0,12,89.55,Month-to-month,Fiber optic,No,No,Electronic check
0621-HJWXJ,No,0,63,81.55,Month-to-month,Fiber optic,No,No,Bank transfer (automatic)
5844-QVTAT,No,0,33,58.45,One year,DSL,No,Yes,Mailed check
8905-IAZPF,No,0,69,95.65,One year,Fiber optic,No,No,Credit card (automatic)
5394-MEITZ,No,0,60,80.6,Two year,DSL,Yes,No,Bank transfer (automatic)
6859-QNXIQ,No,0,72,113.1,Two year,Fiber optic,Yes,Yes,Bank transfer (automatic)
2782-LFZVW,No,0,11,58.95,Month-to-month,DSL,No,No,Mailed check
2866-IKBTM,No,0,1,19.55,Month-to-month,No,No internet service,No internet service,Mailed check
1342-JPNKI,Yes,1,10,86.05,Month-to-month,Fiber optic,No,No,Bank transfer (automatic)
2817-NTQDO,Yes,1,13,45.55,Month-to-month,DSL,Yes,Yes,Credit card (automatic)
7129-AZJDE,No,0,34,78.95,One year,Fiber optic,No,No,Bank transfer (automatic)
6986-IJDHX,Yes,1,39,86.3,Month-to-month,Fiber optic,No,No,Mailed check
2560-PPCHE,No,0,65,105.05,One year,Fiber optic,Yes,No,Bank transfer (automatic)
4676-MQUEA,No,0,50,101.9,One year,Fiber optic,No,Yes,Bank transfer (automatic)
8138-EALND,No,0,15,19.75,Month-to-month,No,No internet service,No internet service,Mailed check
3580-HYCSP,No,0,72,110.3,Two year,Fiber optic,No,Yes,Bank transfer (automatic)
1352-HNSAW,No,0,72,115.6,Two year,Fiber optic,Yes,Yes,Bank transfer (automatic)
2075-PUEPR,No,0,55,19.35,Two year,No,No internet service,No internet service,Bank transfer (automatic)
1982-FEBTD,No,0,23,25.6,Two year,No,No internet service,No internet service,Credit card (automatic)
5301-GAUUY,Yes,1,32,80.35,Month-to-month,Fiber optic,No,No,Bank transfer (automatic)
5791-KAJFD,No,0,56,68.75,One year,DSL,No,Yes,Bank transfer (automatic)
2654-VBVPB,No,0,1,19.9,Month-to-month,No,No internet service,No internet service,Bank transfer (automatic)
1154-HYWWO,No,0,38,70.6,One year,DSL,Yes,Yes,Mailed check
2501-XWWTZ,No,0,11,70.2,Month-to-month,Fiber optic,No,No,Electronic check
3716-UVSPD,No,0,1,49.3,Month-to-month,DSL,Yes,No,Electronic check
6815-ABQFQ,No,0,56,107.25,One year,Fiber optic,Yes,No,Electronic check
7343-EOBEU,No,0,3,23.6,Month-to-month,No,No internet service,No internet service,Mailed check
3701-SFMUH,No,0,7,69.7,Month-to-month,DSL,No,Yes,Credit card (automatic)
6103-LIANB,No,0,59,99.5,Two year,Fiber optic,No,No,Credit card (automatic)
7319-VENRZ,No,0,7,64.3,Month-to-month,DSL,Yes,No,Bank transfer (automatic)
5846-NEQVZ,No,0,71,70.85,Two year,DSL,Yes,Yes,Credit card (automatic)
6967-QIQRV,No,0,15,101.9,One year,Fiber optic,Yes,Yes,Electronic check
5781-RFZRP,No,0,71,73.5,Two year,DSL,Yes,Yes,Credit card (automatic)
0939-YAPAF,Yes,1,35,100.25,Month-to-month,Fiber optic,No,No,Electronic check
0308-IVGOK,No,0,11,40.4,One year,DSL,Yes,No,Credit card (automatic)
7293-LSCDV,No,0,60,19.25,Two year,No,No internet service,No internet service,Credit card (automatic)
7025-WCBNE,No,0,47,59.6,Two year,DSL,Yes,No,Bank transfer (automatic)
5756-JYOJT,No,0,11,64.9,One year,DSL,Yes,No,Credit card (automatic)
4710-FDUIZ,Yes,1,56,100.3,One year,Fiber optic,No,No,Credit card (automatic)
6030-REHUX,No,0,28,110.85,Month-to-month,Fiber optic,Yes,No,Electronic check
9548-LIGTA,No,0,61,81.05,Two year,DSL,Yes,Yes,Mailed check
5150-LJNSR,No,0,31,98.05,One year,Fiber optic,No,Yes,Bank transfer (automatic)
8270-RKSAP,No,0,9,70.5,Month-to-month,Fiber optic,No,No,Electronic check
6522-YRBXD,No,0,35,94.55,Month-to-month,Fiber optic,No,Yes,Electronic check
2640-LYMOV,No,0,2,19.65,Month-to-month,No,No internet service,No internet service,Mailed check
1218-VKFPE,Yes,1,12,19.0,Month-to-month,No,No internet service,No internet service,Mailed check
3627-FHKBK,Yes,1,1,75.3,Month-to-month,Fiber optic,No,Yes,Mailed check
2865-TCHJW,Yes,1,4,89.2,Month-to-month,Fiber optic,No,No,Electronic check
1423-BMPBQ,No,0,1,19.0,Month-to-month,No,No internet service,No internet service,Mailed check
2393-DIVAI,No,0,3,20.0,Month-to-month,No,No internet service,No internet service,Mailed check
5192-EBGOV,Yes,1,1,85.7,Month-to-month,Fiber optic,No,No,Electronic check
4568-KNYWR,No,0,52,63.25,Two year,DSL,No,Yes,Credit card (automatic)
8752-IMQOS,No,0,5,20.1,One year,No,No internet service,No internet service,Mailed check
0742-LAFQK,No,0,72,99.15,Two year,Fiber optic,No,Yes,Electronic check
0795-LAFGP,No,0,71,90.4,Two year,DSL,Yes,Yes,Electronic check
0619-OLYUR,No,0,72,111.9,Two year,Fiber optic,Yes,Yes,Credit card (automatic)
5512-IDZEI,No,0,46,24.9,One year,No,No internet service,No internet service,Electronic check
0459-SPZHJ,No,0,63,83.5,Two year,DSL,No,Yes,Credit card (automatic)
0215-BQKGS,No,0,30,84.3,Month-to-month,Fiber optic,No,Yes,Credit card (automatic)
9244-ZVAPM,No,0,1,45.6,Month-to-month,DSL,No,No,Mailed check
0719-SYFRB,Yes,1,12,61.65,Month-to-month,DSL,Yes,Yes,Mailed check
8208-EUMTE,No,0,16,54.85,Two year,DSL,Yes,Yes,Mailed check
5172-MIGPM,No,0,4,65.55,Month-to-month,DSL,Yes,No,Mailed check
1710-RCXUS,No,0,51,90.35,One year,Fiber optic,No,No,Credit card (automatic)
0374-FIUCA,No,0,65,20.4,Two year,No,No internet service,No internet service,Credit card (automatic)
5839-SUYVZ,No,0,16,74.55,Month-to-month,Fiber optic,Yes,No,Credit card (automatic)
5173-ZXXXL,No,0,2,19.95,One year,No,No internet service,No internet service,Mailed check
1096-ADRUX,No,0,66,74.25,One year,Fiber optic,No,No,Bank transfer (automatic)
2001-MCUUW,No,0,46,108.65,Two year,Fiber optic,Yes,No,Electronic check
2731-GJRDG,No,0,32,109.55,One year,Fiber optic,Yes,Yes,Bank transfer (automatic)
4723-BEGSG,No,0,72,86.65,Two year,DSL,Yes,Yes,Credit card (automatic)
6516-NKQBO,No,0,38,81.0,Two year,DSL,Yes,Yes,Credit card (automatic)
8672-OAUPW,No,0,51,47.85,One year,DSL,Yes,No,Credit card (automatic)
8207-DMRVL,No,0,72,114.55,Two year,Fiber optic,Yes,Yes,Bank transfer (automatic)
3419-SNJJD,Yes,1,65,105.25,Month-to-month,Fiber optic,No,Yes,Bank transfer (automatic)
6543-CPZMK,Yes,1,9,29.95,Month-to-month,DSL,No,No,Electronic check
4765-OXPPD,Yes,1,9,65.0,Month-to-month,DSL,Yes,Yes,Mailed check
2804-ETQDK,No,0,66,20.55,Two year,No,No internet service,No internet service,Mailed check
6689-VRRTK,No,0,44,109.8,One year,Fiber optic,No,Yes,Credit card (automatic)
7138-GIRSH,No,0,50,69.5,Two year,DSL,Yes,No,Bank transfer (automatic)
9396-ZSFLL,No,0,15,48.85,Month-to-month,DSL,No,No,Mailed check
6464-KEXXH,No,0,8,25.25,Month-to-month,DSL,No,No,Credit card (automatic)
7134-MJPDY,No,0,66,102.85,One year,Fiber optic,Yes,No,Credit card (automatic)
5240-CAOYT,No,0,57,87.55,Month-to-month,Fiber optic,Yes,Yes,Bank transfer (automatic)
4059-IIEBK,No,0,7,78.55,Month-to-month,Fiber optic,No,No,Bank transfer (automatic)
4881-JVQOD,No,0,10,34.55,Month-to-month,DSL,No,No,Bank transfer (automatic)
0516-UXRMT,No,0,62,92.05,One year,Fiber optic,No,Yes,Electronic check
4851-BQDNX,No,0,40,85.05,One year,Fiber optic,No,No,Electronic check
5148-HKFIR,No,0,20,19.7,Two year,No,No internet service,No internet service,Mailed check
1009-IRMNA,Yes,1,7,20.0,Month-to-month,No,No internet service,No internet service,Bank transfer (automatic)
3003-CMDUU,No,0,25,95.15,Month-to-month,Fiber optic,Yes,No,Electronic check
5016-IBERQ,No,0,23,84.25,Month-to-month,Fiber optic,No,No,Electronic check
6797-UCJHZ,No,0,66,104.6,One year,Fiber optic,No,No,Credit card (automatic)
2469-DTSGX,No,0,72,111.65,Two year,Fiber optic,Yes,No,Electronic check
4554-YGZIH,Yes,1,49,90.05,Month-to-month,Fiber optic,No,No,Credit card (automatic)
5099-BAILX,Yes,1,43,110.75,Month-to-month,Fiber optic,Yes,No,Bank transfer (automatic)
9931-KGHOA,No,0,46,55.0,Month-to-month,DSL,No,Yes,Bank transfer (automatic)
1775-KWJKQ,No,0,72,89.85,Two year,DSL,Yes,Yes,Credit card (automatic)
7665-VIGUD,No,0,10,20.35,One year,No,No internet service,No internet service,Mailed check
9411-TPQQV,No,0,40,54.55,One year,DSL,Yes,Yes,Bank transfer (automatic)
7207-RMRDB,Yes,1,65,105.5,Month-to-month,Fiber optic,No,No,Electronic check
7954-MLBUN,No,0,31,99.45,Two year,Fiber optic,Yes,No,Bank transfer (automatic)
2077-DDHJK,No,0,68,70.9,Two year,DSL,Yes,Yes,Credit card (automatic)
4913-EHYUI,Yes,1,56,104.55,One year,Fiber optic,No,Yes,Bank transfer (automatic)
0195-IESCP,Yes,1,10,85.25,Month-to-month,Fiber optic,No,No,Electronic check
9574-BOSMD,No,0,68,25.4,Two year,No,No internet service,No internet service,Bank transfer (automatic)
4580-TMHJU,Yes,1,43,56.15,Month-to-month,DSL,No,No,Electronic check
0970-ETWGE,Yes,1,1,89.55,Month-to-month,Fiber optic,No,No,Electronic check
4908-XAXAY,No,0,49,89.85,One year,Fiber optic,No,No,Bank transfer (automatic)
8404-VLQFB,No,0,15,25.25,Month-to-month,No,No internet service,No internet service,Electronic check
1626-ERCMM,Yes,1,20,94.55,Month-to-month,Fiber optic,No,No,Electronic check
0887-HJGAR,Yes,1,1,45.7,Month-to-month,DSL,No,No,Mailed check
2391-IPLOP,No,0,50,69.65,One year,DSL,Yes,No,Electronic check
5644-PDMZC,Yes,1,2,89.5,Month-to-month,Fiber optic,No,No,Electronic check
3509-GWQGF,No,0,24,70.0,Month-to-month,Fiber optic,No,No,Credit card (automatic)
9576-ANLXO,Yes,1,3,69.55,Month-to-month,Fiber optic,No,No,Bank transfer (automatic)
2024-BASKD,Yes,1,1,74.6,Month-to-month,Fiber optic,No,No,Mailed check
5845-BZZIB,No,0,35,20.1,Two year,No,No internet service,No internet service,Mailed check
1140-UKVZG,No,0,17,24.8,Month-to-month,No,No internet service,No internet service,Mailed check
4160-AMJTL,Yes,1,8,19.65,Month-to-month,No,No internet service,No internet service,Electronic check
5183-SNMJQ,No,0,10,95.1,Month-to-month,Fiber optic,Yes,No,Credit card (automatic)
8100-PNJMH,No,0,68,88.85,Two year,DSL,Yes,Yes,Credit card (automatic)
7838-LAZFO,No,0,45,78.8,One year,DSL,No,Yes,Bank transfer (automatic)
4464-JCOLN,Yes,1,2,19.85,One year,No,No internet service,No internet service,Mailed check
2085-JVGAD,No,0,37,20.35,Month-to-month,No,No internet service,No internet service,Bank transfer (automatic)
5650-VDUDS,Yes,1,4,24.25,Month-to-month,DSL,No,No,Mailed check
8095-WANWK,No,0,10,45.25,Month-to-month,DSL,No,No,Mailed check
3030-ZKIWL,No,0,1,20.05,Month-to-month,No,No internet service,No internet service,Mailed check
9565-FLVCG,No,0,65,69.55,Two year,DSL,No,Yes,Mailed check
8755-OGKNA,No,0,57,19.5,Two year,No,No internet service,No internet service,Bank transfer (automatic)
2800-VEQXM,No,0,3,74.75,Month-to-month,Fiber optic,No,No,Mailed check
7538-GWHML,Yes,1,2,69.65,Month-to-month,Fiber optic,No,No,Electronic check
5533-RJFTJ,No,0,49,30.2,Month-to-month,DSL,No,No,Bank transfer (automatic)
3859-CVCET,Yes,1,4,45.65,Month-to-month,DSL,No,No,Mailed check
0214-JHPFW,No,0,70,57.8,Two year,DSL,Yes,No,Bank transfer (automatic)
5642-MHDQT,No,0,53,19.85,One year,No,No internet service,No internet service,Bank transfer (automatic)
3088-FVYWK,No,0,53,25.55,Two year,No,No internet service,No internet service,Credit card (automatic)
3276-HDUEG,Yes,1,1,75.05,Month-to-month,Fiber optic,No,No,Mailed check
9092-GDZKO,No,0,22,24.85,Month-to-month,No,No internet service,No internet service,Credit card (automatic)
0823-HSCDJ,Yes,1,52,49.15,Month-to-month,DSL,No,No,Electronic check
3729-OWRVL,No,0,65,110.35,Two year,Fiber optic,Yes,Yes,Electronic check
2324-AALNO,No,0,48,24.55,One year,No,No internet service,No internet service,Bank transfer (automatic)
0822-GAVAP,Yes,1,2,34.7,Month-to-month,DSL,No,No,Electronic check
5760-IFJOZ,No,0,3,107.95,Month-to-month,Fiber optic,No,No,Mailed check
2826-UWHIS,No,0,45,81.4,Month-to-month,Fiber optic,No,No,Bank transfer (automatic)
1448-PWKYE,Yes,1,1,80.0,Month-to-month,Fiber optic,No,No,Electronic check
7501-IWUNG,No,0,61,73.8,Two year,DSL,Yes,No,Bank transfer (automatic)
4957-TREIR,No,0,3,64.4,Month-to-month,DSL,Yes,Yes,Credit card (automatic)
7251-LJBQN,No,0,40,103.75,One year,Fiber optic,Yes,No,Credit card (automatic)
8040-MNRTF,No,0,1,71.1,Month-to-month,Fiber optic,No,No,Mailed check
1536-HBSWP,No,0,1,49.9,Month-to-month,DSL,Yes,No,Electronic check
5313-FPXWG,No,0,51,24.6,One year,No,No internet service,No internet service,Bank transfer (automatic)
0067-DKWBL,Yes,1,2,49.25,Month-to-month,DSL,No,Yes,Electronic check
0946-FKYTX,No,0,52,30.1,One year,DSL,No,No,Mailed check
5076-YVXCM,No,0,51,83.4,Month-to-month,Fiber optic,No,No,Bank transfer (automatic)
8262-COGGB,No,0,1,20.45,Month-to-month,No,No internet service,No internet service,Mailed check
6663-JOCQO,No,0,31,75.25,One year,DSL,Yes,Yes,Bank transfer (automatic)
9620-QJREV,No,0,47,20.55,One year,No,No internet service,No internet service,Credit card (automatic)
2276-YDAVZ,Yes,1,3,75.1,Month-to-month,Fiber optic,No,No,Credit card (automatic)
2682-KEVRP,No,0,22,20.05,One year,No,No internet service,No internet service,Mailed check
2480-JZOSN,No,0,1,20.65,Month-to-month,No,No internet service,No internet service,Mailed check
0078-XZMHT,No,0,72,85.15,Two year,DSL,Yes,No,Bank transfer (automatic)
5896-NPFWW,Yes,1,3,50.15,Month-to-month,DSL,No,No,Electronic check
9978-HYCIN,No,0,47,84.95,One year,Fiber optic,No,No,Bank transfer (automatic)
8338-QIUNR,No,0,72,66.5,Two year,DSL,Yes,Yes,Credit card (automatic)
1525-LNLOJ,No,0,66,63.3,Two year,DSL,No,No,Bank transfer (automatic)
9450-TRJUU,No,0,35,83.15,Month-to-month,Fiber optic,No,No,Electronic check
1766-GKNMI,No,0,29,84.9,Month-to-month,Fiber optic,No,No,Electronic check
6942-LBFDP,No,0,2,20.55,Month-to-month,No,No internet service,No internet service,Mailed check
1456-TWCGB,No,0,4,49.25,Month-to-month,DSL,No,No,Mailed check
7133-VBDCG,Yes,1,25,79.85,Month-to-month,Fiber optic,No,Yes,Bank transfer (automatic)
7596-ZYWBB,No,0,65,59.6,Two year,DSL,Yes,Yes,Mailed check
8329-UTMVM,No,0,27,104.65,One year,Fiber optic,Yes,No,Bank transfer (automatic)
3014-WJKSM,No,0,29,75.3,Month-to-month,Fiber optic,No,No,Credit card (automatic)
3347-YJZZE,No,0,29,80.1,Month-to-month,DSL,No,No,Credit card (automatic)
1029-QFBEN,Yes,1,1,19.55,Month-to-month,No,No internet service,No internet service,Mailed check
7929-DMBCV,No,0,20,81.0,Month-to-month,Fiber optic,Yes,No,Mailed check
9661-JALZV,No,0,58,24.7,Two year,No,No internet service,No internet service,Credit card (automatic)
5433-KYGHE,No,0,14,86.0,Month-to-month,Fiber optic,Yes,Yes,Mailed check
4312-KFRXN,No,0,72,25.4,Two year,No,No internet service,No internet service,Mailed check
5575-TPIZQ,No,0,46,89.15,Month-to-month,Fiber optic,No,Yes,Credit card (automatic)
0114-IGABW,No,0,71,58.25,Two year,DSL,Yes,No,Bank transfer (automatic)
9944-AEXBM,No,0,32,85.65,Month-to-month,Fiber optic,No,No,Bank transfer (automatic)
1853-ARAAQ,No,0,26,50.35,Month-to-month,DSL,No,No,Credit card (automatic)
6952-OMNWB,No,0,68,80.35,Month-to-month,Fiber optic,No,No,Credit card (automatic)
4697-LUPSU,No,0,2,20.2,One year,No,No internet service,No internet service,Mailed check
8434-VGEQQ,No,0,61,20.55,Two year,No,No internet service,No internet service,Credit card (automatic)
4952-YSOGZ,Yes,1,4,85.95,Month-to-month,Fiber optic,No,No,Electronic check
1589-AGTLK,Yes,1,3,45.35,Month-to-month,DSL,No,No,Electronic check
5244-IRFIH,Yes,1,33,94.5,Month-to-month,Fiber optic,No,No,Electronic check
6549-YMFAW,No,0,9,21.25,Month-to-month,No,No internet service,No internet service,Mailed check
4950-HKQTE,No,0,22,26.25,Two year,No,No internet service,No internet service,Mailed check
6786-OBWQR,No,0,5,80.85,Month-to-month,Fiber optic,No,No,Electronic check
2684-EIWEO,Yes,1,30,91.7,Month-to-month,Fiber optic,No,Yes,Credit card (automatic)
2753-JMMCV,No,0,65,74.2,Two year,DSL,Yes,No,Credit card (automatic)
6439-GTPCA,Yes,1,45,87.25,Month-to-month,Fiber optic,Yes,No,Electronic check
6621-YOBKI,No,0,5,20.35,Month-to-month,No,No internet service,No internet service,Mailed check
1216-JWVUX,No,0,25,75.5,Month-to-month,Fiber optic,No,No,Electronic check
7564-GHCVB,No,0,72,79.05,Two year,Fiber optic,No,Yes,Bank transfer (automatic)
1173-NOEYG,No,0,27,90.15,Month-to-month,Fiber optic,No,No,Bank transfer (automatic)
7595-EHCDL,No,0,32,50.6,Month-to-month,DSL,No,No,Credit card (automatic)
6647-ZEDXT,No,0,30,110.45,One year,Fiber optic,Yes,No,Credit card (automatic)
2521-NPUZR,No,0,70,101.0,Two year,Fiber optic,Yes,Yes,Credit card (automatic)
1307-TVUFB,No,0,42,79.35,Month-to-month,Fiber optic,No,No,Bank transfer (automatic)
7503-MIOGA,No,0,72,89.85,Two year,DSL,Yes,Yes,Bank transfer (automatic)
4381-MHQDC,No,0,47,65.0,Two year,DSL,Yes,Yes,Mailed check
6923-JHPMP,No,0,2,80.45,Month-to-month,Fiber optic,No,Yes,Electronic check
5138-WVKYJ,Yes,1,10,98.55,Month-to-month,Fiber optic,No,Yes,Electronic check
4018-PPNDW,No,0,61,24.1,Two year,No,No internet service,No internet service,Mailed check
1635-FJFCC,No,0,5,44.05,Month-to-month,DSL,No,No,Credit card (automatic)
2499-AJYUA,No,0,72,110.8,Two year,Fiber optic,Yes,No,Credit card (automatic)
6919-ELBGL,No,0,72,114.95,Two year,Fiber optic,Yes,Yes,Bank transfer (automatic)
3966-HRMZA,No,0,3,75.05,Month-to-month,Fiber optic,No,No,Mailed check
6425-JWTDV,No,0,48,19.25,Two year,No,No internet service,No internet service,Mailed check
8405-IGQFX,No,0,63,90.05,One year,Fiber optic,Yes,No,Credit card (automatic)
8224-IVVPA,No,0,27,56.7,Month-to-month,DSL,No,Yes,Mailed check
9477-LGWQI,No,0,70,80.15,Two year,DSL,No,Yes,Credit card (automatic)
1410-RSCMR,No,0,7,71.35,Month-to-month,DSL,Yes,Yes,Credit card (automatic)
3115-CZMZD,No,0,0,20.25,Two year,No,No internet service,No internet service,Mailed check
0139-IVFJG,No,0,2,90.35,Month-to-month,Fiber optic,No,Yes,Electronic check
6683-VLCTZ,Yes,1,20,98.55,Month-to-month,Fiber optic,No,No,Electronic check
5730-DBDSI,No,0,66,19.7,Two year,No,No internet service,No internet service,Bank transfer (automatic)
0030-FNXPP,No,0,3,19.85,Month-to-month,No,No internet service,No internet service,Mailed check
2189-WWOEW,Yes,1,15,85.9,Month-to-month,Fiber optic,No,No,Bank transfer (automatic)
5684-FJVYR,No,0,72,90.35,Two year,Fiber optic,Yes,Yes,Bank transfer (automatic)
4013-GUXND,No,0,1,20.8,Month-to-month,No,No internet service,No internet service,Mailed check
1894-IGFSG,Yes,1,22,89.25,Month-to-month,Fiber optic,No,No,Electronic check
7379-POKDZ,Yes,1,3,70.3,Month-to-month,Fiber optic,No,No,Electronic check
1266-NZYUI,No,0,72,66.85,Two year,DSL,Yes,Yes,Bank transfer (automatic)
7969-FFOWG,No,0,65,19.9,Two year,No,No internet service,No internet service,Mailed check
4718-DHSMV,No,0,11,35.8,Month-to-month,DSL,No,No,Mailed check
5175-WLYXL,No,0,22,78.85,Month-to-month,Fiber optic,No,No,Mailed check
7817-OMJNA,No,0,14,20.4,One year,No,No internet service,No internet service,Bank transfer (automatic)
8728-SKJLR,No,0,41,74.25,Month-to-month,Fiber optic,Yes,No,Electronic check
3137-NYQQI,No,0,17,64.8,One year,DSL,No,Yes,Mailed check
7706-DZNKK,No,0,11,20.45,Month-to-month,No,No internet service,No internet service,Credit card (automatic)
0236-HFWSV,Yes,1,15,93.35,Month-to-month,Fiber optic,No,No,Electronic check
3900-AQPHZ,Yes,1,1,19.9,Month-to-month,No,No internet service,No internet service,Mailed check
5842-POCOP,Yes,1,5,88.9,Month-to-month,Fiber optic,No,Yes,Mailed check
2037-XJFUP,Yes,1,33,95.8,One year,Fiber optic,No,No,Electronic check
8823-RLPWL,No,0,72,110.65,Two year,Fiber optic,No,Yes,Credit card (automatic)
9505-SQFSW,No,0,3,40.3,Month-to-month,DSL,No,No,Mailed check
7314-OXENN,Yes,1,2,82.0,Month-to-month,Fiber optic,No,No,Electronic check
3758-CKOQL,No,0,59,107.0,One year,Fiber optic,Yes,Yes,Credit card (automatic)
0322-CHQRU,Yes,1,2,45.35,Month-to-month,DSL,No,No,Electronic check
5676-CFLYY,No,0,71,73.35,Two year,DSL,Yes,No,Credit card (automatic)
7521-AFHAB,No,0,5,44.8,Month-to-month,DSL,No,No,Mailed check
0285-INHLN,No,0,27,54.75,Month-to-month,DSL,No,Yes,Credit card (automatic)
4678-DVQEO,Yes,1,1,52.2,Month-to-month,DSL,Yes,No,Electronic check
5125-CNDSP,No,0,63,40.6,One year,DSL,Yes,Yes,Bank transfer (automatic)
0691-IFBQW,Yes,1,46,110.0,One year,Fiber optic,No,Yes,Electronic check
4992-LTJNE,No,0,72,55.3,Two year,DSL,No,Yes,Bank transfer (automatic)
2202-OUTMO,No,0,34,60.85,Month-to-month,DSL,Yes,Yes,Bank transfer (automatic)
0810-BDHAW,No,0,24,78.4,One year,DSL,No,Yes,Electronic check
0229-LFJAF,No,0,72,69.65,Two year,DSL,Yes,Yes,Bank transfer (automatic)
7131-ZQZNK,No,0,60,59.85,Two year,DSL,Yes,Yes,Credit card (automatic)
3442-ZHHCC,No,0,68,76.9,One year,DSL,No,Yes,Credit card (automatic)
5726-CVNYA,No,0,8,19.85,Two year,No,No internet service,No internet service,Mailed check
9871-ELEYA,No,0,34,67.65,Two year,DSL,Yes,Yes,Credit card (automatic)
4257-GAESD,No,0,6,45.0,Month-to-month,DSL,No,No,Credit card (automatic)
5173-WXOQV,No,0,2,64.2,Month-to-month,DSL,Yes,No,Mailed check
2040-OBMLJ,No,0,31,81.7,One year,Fiber optic,Yes,No,Credit card (automatic)
6286-ZHAOK,No,0,20,25.55,Month-to-month,No,No internet service,No internet service,Bank transfer (automatic)
3807-XHCJH,No,0,1,20.0,Month-to-month,No,No internet service,No internet service,Electronic check
3009-JWMPU,Yes,1,62,96.75,One year,Fiber optic,No,No,Electronic check
5671-RQRLP,No,0,70,75.65,Two year,Fiber optic,No,No,Credit card (automatic)
1450-GALXR,Yes,1,10,98.5,Month-to-month,Fiber optic,Yes,No,Electronic check
8859-AXJZP,No,0,39,23.8,Two year,No,No internet service,No internet service,Mailed check
3174-AKMAS,No,0,46,64.2,Two year,DSL,Yes,No,Credit card (automatic)
3138-BKYAV,Yes,1,6,85.35,Month-to-month,Fiber optic,No,No,Electronic check
9926-PJHDQ,No,0,72,76.8,Two year,DSL,No,No,Bank transfer (automatic)
7382-DFJTU,No,0,18,55.2,Month-to-month,DSL,Yes,No,Credit card (automatic)
2798-NYLMZ,No,0,71,108.55,Two year,Fiber optic,Yes,Yes,Credit card (automatic)
4289-DTDKW,Yes,1,40,101.3,Month-to-month,Fiber optic,No,No,Electronic check
1820-TQVEV,Yes,1,1,69.55,Month-to-month,Fiber optic,No,No,Electronic check
2239-JALAW,Yes,1,58,103.25,One year,Fiber optic,No,No,Bank transfer (automatic)
4853-RULSV,Yes,1,70,104.0,Two year,Fiber optic,Yes,Yes,Credit card (automatic)
8098-TDCBU,No,0,42,25.25,Two year,No,No internet service,No internet service,Electronic check
3551-GAEGL,No,0,34,30.4,One year,DSL,No,Yes,Bank transfer (automatic)
4785-NKHCX,No,0,5,20.05,Month-to-month,No,No internet service,No internet service,Bank transfer (automatic)
3196-NVXLZ,No,0,25,84.6,Month-to-month,Fiber optic,No,No,Mailed check
6275-YDUVO,Yes,1,2,86.2,Month-to-month,Fiber optic,No,No,Mailed check
0036-IHMOT,No,0,55,103.7,One year,Fiber optic,Yes,No,Bank transfer (automatic)
0115-TFERT,Yes,1,21,111.2,Month-to-month,Fiber optic,Yes,No,Electronic check
4178-EGMON,No,0,70,88.0,Two year,Fiber optic,Yes,Yes,Credit card (automatic)
4220-TINQT,No,0,61,106.35,Month-to-month,Fiber optic,Yes,No,Electronic check
5318-YKDPV,No,0,43,79.15,Two year,DSL,Yes,Yes,Credit card (automatic)
7975-TZMLR,No,0,47,103.1,One year,Fiber optic,No,No,Electronic check
0295-QVKPB,No,0,5,63.95,Month-to-month,DSL,Yes,No,Credit card (automatic)
4335-BSMJS,No,0,62,25.8,Two year,No,No internet service,No internet service,Credit card (automatic)
2311-QYMUQ,Yes,1,16,89.45,Month-to-month,Fiber optic,No,No,Credit card (automatic)
3643-AHCFP,Yes,1,7,95.6,Month-to-month,Fiber optic,No,No,Bank transfer (automatic)
9146-JRIOX,No,0,14,25.55,Month-to-month,No,No internet service,No internet service,Mailed check
3104-OWCGK,Yes,1,60,90.95,One year,Fiber optic,No,No,Electronic check
5337-IIWKZ,No,0,34,44.85,Month-to-month,DSL,Yes,No,Electronic check
9101-BWFSS,Yes,1,50,108.55,One year,Fiber optic,Yes,Yes,Electronic check
9650-VBUOG,No,0,38,25.05,Two year,No,No internet service,No internet service,Credit card (automatic)
3487-EARAT,No,0,70,74.1,One year,DSL,Yes,Yes,Credit card (automatic)
2672-TGEFF,No,0,37,88.8,Month-to-month,Fiber optic,No,No,Electronic check
9231-ZJYAM,Yes,1,4,78.85,Month-to-month,Fiber optic,No,No,Electronic check
4250-WAROZ,No,0,60,93.25,Month-to-month,Fiber optic,No,Yes,Electronic check
8184-WMOFI,No,0,62,71.4,One year,DSL,Yes,Yes,Credit card (automatic)
6982-SSHFK,Yes,1,1,44.4,Month-to-month,DSL,No,No,Mailed check
6092-QZVPP,No,0,36,79.2,Month-to-month,DSL,Yes,Yes,Credit card (automatic)
4625-LAMOB,No,0,44,20.4,Two year,No,No internet service,No internet service,Credit card (automatic)
0727-BMPLR,Yes,1,55,100.0,One year,Fiber optic,No,No,Electronic check
0392-BZIUW,No,0,72,105.0,Two year,Fiber optic,No,Yes,Credit card (automatic)
1038-ZAGBI,Yes,1,12,19.8,One year,No,No internet service,No internet service,Bank transfer (automatic)
6549-NNDYT,No,0,13,30.85,Month-to-month,DSL,No,Yes,Bank transfer (automatic)
3027-ZTDHO,Yes,1,1,89.9,Month-to-month,Fiber optic,No,No,Electronic check
0422-OHQHQ,No,0,15,20.55,One year,No,No internet service,No internet service,Mailed check
6916-HIJSE,No,0,65,84.85,Two year,DSL,Yes,Yes,Bank transfer (automatic)
2316-ESMLS,No,0,12,33.15,One year,DSL,Yes,Yes,Credit card (automatic)
9778-OGKQZ,No,0,72,92.0,Two year,DSL,Yes,Yes,Credit card (automatic)
7408-OFWXJ,No,0,72,89.8,Two year,DSL,Yes,Yes,Credit card (automatic)
6007-TCTST,No,0,72,115.8,Two year,Fiber optic,Yes,Yes,Bank transfer (automatic)
2252-NKNSI,No,0,52,85.15,Two year,DSL,Yes,Yes,Mailed check
8713-IGZSO,No,0,2,24.85,Month-to-month,No,No internet service,No internet service,Mailed check
7905-TVXTA,No,0,5,64.35,Month-to-month,DSL,Yes,Yes,Electronic check
7695-PKLCZ,No,0,68,20.5,Two year,No,No internet service,No internet service,Credit card (automatic)
2382-BCKQJ,Yes,1,62,100.15,One year,Fiber optic,No,No,Electronic check
8374-UULRV,No,0,72,86.05,Two year,DSL,Yes,Yes,Credit card (automatic)
2207-NHRJK,Yes,1,1,50.8,Month-to-month,DSL,No,No,Electronic check
3224-DFQNQ,No,0,66,89.0,One year,Fiber optic,Yes,Yes,Electronic check
5275-PMFUT,No,0,72,64.8,Two year,DSL,Yes,Yes,Credit card (automatic)
4795-UXVCJ,No,0,26,19.8,One year,No,No internet service,No internet service,Credit card (automatic)
9777-IQHWP,No,0,64,93.4,Two year,Fiber optic,No,Yes,Bank transfer (automatic)
0947-MUGVO,Yes,1,20,73.65,Month-to-month,Fiber optic,No,No,Electronic check
9944-HKVVB,Yes,1,3,95.1,Month-to-month,Fiber optic,No,No,Electronic check
4124-MMETB,Yes,1,22,94.65,Month-to-month,Fiber optic,No,No,Credit card (automatic)
3671-SHRSP,Yes,1,4,80.6,Month-to-month,Fiber optic,Yes,No,Mailed check
0979-MOZQI,No,0,62,39.0,Two year,DSL,Yes,No,Bank transfer (automatic)
2732-ISEZX,No,0,5,20.5,Month-to-month,No,No internet service,No internet service,Mailed check
3313-QKNKB,Yes,1,59,85.55,One year,Fiber optic,No,No,Electronic check
0323-XWWTN,No,0,3,26.4,Two year,No,No internet service,No internet service,Mailed check
1937-OTUKY,No,0,72,98.2,Two year,Fiber optic,Yes,Yes,Bank transfer (automatic)
1573-LGXBA,No,0,57,97.55,One year,Fiber optic,No,No,Credit card (automatic)
1764-VUUMT,No,0,66,19.95,Two year,No,No internet service,No internet service,Credit card (automatic)
5073-WXOYN,Yes,1,60,50.8,Month-to-month,DSL,No,No,Electronic check
4713-ZBURT,No,0,45,99.7,Two year,Fiber optic,No,No,Bank transfer (automatic)
3050-GBUSH,No,0,3,34.8,Month-to-month,DSL,No,No,Credit card (automatic)
0207-MDKNV,Yes,1,15,105.1,Month-to-month,Fiber optic,Yes,Yes,Electronic check
7876-AEHIG,No,0,51,60.15,One year,DSL,Yes,Yes,Bank transfer (automatic)
7945-HLKEA,No,0,60,64.75,One year,DSL,Yes,Yes,Electronic check
9342-VNIMQ,No,0,33,54.65,Month-to-month,DSL,No,No,Bank transfer (automatic)
9851-KIELU,Yes,1,10,110.1,Month-to-month,Fiber optic,Yes,Yes,Electronic check
3523-BRGUW,No,0,26,19.3,One year,No,No internet service,No internet service,Credit card (automatic)
3908-BLSYF,Yes,1,6,83.9,Month-to-month,Fiber optic,No,No,Electronic check
3199-NPKCN,No,0,67,111.25,One year,Fiber optic,Yes,Yes,Electronic check
5170-PTRKA,No,0,49,35.8,One year,DSL,Yes,Yes,Credit card (automatic)
4661-NJEUX,No,0,1,20.05,Month-to-month,No,No internet service,No internet service,Mailed check
2123-AGEEN,No,0,7,84.35,Month-to-month,Fiber optic,No,No,Electronic check
1258-YMZNM,No,0,27,110.5,One year,Fiber optic,No,Yes,Bank transfer (automatic)
0048-LUMLS,No,0,37,91.2,One year,Fiber optic,No,No,Credit card (automatic)
7549-MYGPK,Yes,1,63,100.55,Month-to-month,Fiber optic,No,Yes,Electronic check
5898-IGSLP,No,0,31,89.3,Month-to-month,Fiber optic,Yes,Yes,Electronic check
3804-RVTGV,Yes,1,50,103.85,Month-to-month,Fiber optic,No,No,Bank transfer (automatic)
6259-WJQLC,No,0,32,81.1,Month-to-month,Fiber optic,No,No,Credit card (automatic)
9227-LUNBG,Yes,1,1,24.6,Month-to-month,DSL,No,No,Electronic check
7997-EASSD,No,0,63,81.2,One year,Fiber optic,Yes,No,Credit card (automatic)
0730-KOAVE,No,0,30,94.3,Month-to-month,Fiber optic,No,Yes,Credit card (automatic)
8975-SKGRX,No,0,71,116.1,Two year,Fiber optic,Yes,Yes,Bank transfer (automatic)
0678-RLHVP,No,0,53,105.55,Two year,Fiber optic,No,No,Electronic check
4315-MURBD,Yes,1,12,98.9,Month-to-month,Fiber optic,Yes,Yes,Bank transfer (automatic)
2267-FPIMA,No,0,50,94.4,Month-to-month,Fiber optic,No,Yes,Credit card (automatic)
1051-GEJLJ,No,0,2,19.5,Month-to-month,No,No internet service,No internet service,Mailed check
9734-YWGEX,Yes,1,9,98.3,Month-to-month,Fiber optic,No,No,Credit card (automatic)
2719-BDAQO,Yes,1,17,93.85,Month-to-month,Fiber optic,No,Yes,Electronic check
5285-MVEHD,No,0,56,105.6,One year,Fiber optic,No,Yes,Credit card (automatic)
0379-DJQHR,No,0,67,81.35,Two year,DSL,No,Yes,Credit card (automatic)
0781-LKXBR,Yes,1,9,100.5,Month-to-month,Fiber optic,No,No,Electronic check
5543-QDCRY,No,0,4,56.4,Month-to-month,DSL,No,No,Electronic check
0297-RBCSG,No,0,19,65.35,One year,DSL,Yes,No,Bank transfer (automatic)
4694-PHWFW,No,0,8,19.95,Month-to-month,No,No internet service,No internet service,Mailed check
0835-JKADZ,No,0,71,111.25,Two year,Fiber optic,Yes,No,Electronic check
1907-UBQFC,Yes,1,10,72.85,Month-to-month,Fiber optic,No,No,Electronic check
7508-SMHXL,No,0,15,89.0,Month-to-month,Fiber optic,No,No,Credit card (automatic)
3865-YIOTT,No,0,72,106.1,One year,Fiber optic,No,Yes,Bank transfer (automatic)
5993-BQHEA,No,0,12,20.05,One year,No,No internet service,No internet service,Credit card (automatic)
6024-RUGGH,No,0,72,25.2,Two year,No,No internet service,No internet service,Bank transfer (automatic)
6513-EECDB,Yes,1,1,73.55,Month-to-month,Fiber optic,No,No,Electronic check
3956-CJUST,No,0,23,75.4,Month-to-month,Fiber optic,No,Yes,Bank transfer (automatic)
4079-WWQQQ,No,0,72,65.55,Two year,DSL,Yes,Yes,Bank transfer (automatic)
6103-BOCOU,No,0,26,80.7,Month-to-month,Fiber optic,No,No,Electronic check
5149-TGWDZ,No,0,21,104.55,One year,Fiber optic,Yes,No,Mailed check
7471-WNSUF,No,0,60,24.15,One year,No,No internet service,No internet service,Bank transfer (automatic)
8942-DBMHZ,No,0,12,20.45,Month-to-month,No,No internet service,No internet service,Mailed check
4301-VVZKA,No,0,16,75.4,Month-to-month,Fiber optic,No,No,Electronic check
9199-PWQVC,No,0,63,79.7,One year,DSL,No,Yes,Credit card (automatic)
4824-GUCBY,No,0,22,81.7,Month-to-month,Fiber optic,No,Yes,Electronic check
5393-HJZSM,No,0,32,76.3,Month-to-month,DSL,Yes,Yes,Bank transfer (automatic)
7074-IEVOJ,Yes,1,3,79.4,Month-to-month,Fiber optic,No,No,Electronic check
9625-QSTYE,Yes,1,13,81.15,Month-to-month,Fiber optic,No,No,Electronic check
0862-PRCBS,No,0,68,103.75,Two year,Fiber optic,Yes,No,Credit card (automatic)
8812-ZRHFP,No,0,30,86.45,One year,Fiber optic,No,No,Electronic check
5146-CBVOE,No,0,16,75.1,Month-to-month,Fiber optic,No,No,Bank transfer (automatic)
0454-OKRCT,No,0,33,80.6,Two year,Fiber optic,Yes,No,Bank transfer (automatic)
5787-KXGIY,No,0,72,19.3,Two year,No,No internet service,No internet service,Credit card (automatic)
4750-ZRXIU,Yes,1,4,84.6,Month-to-month,Fiber optic,No,No,Electronic check
4198-VFOEA,No,0,12,33.6,One year,DSL,Yes,Yes,Mailed check
6630-UJZMY,No,0,4,83.25,Month-to-month,Fiber optic,No,No,Electronic check
5709-LVOEQ,No,0,0,80.85,Two year,DSL,No,Yes,Mailed check
6400-BWQKW,Yes,1,6,79.05,Month-to-month,Fiber optic,No,Yes,Electronic check
2692-AQCPF,No,0,65,108.05,One year,Fiber optic,Yes,No,Credit card (automatic)
0347-UBKUZ,No,0,15,19.9,Month-to-month,No,No internet service,No internet service,Mailed check
0835-DUUIQ,No,0,24,21.05,One year,No,No internet service,No internet service,Bank transfer (automatic)
0811-GSDTP,No,0,13,30.15,Month-to-month,DSL,No,No,Electronic check
7567-ECMCM,No,0,24,79.85,Month-to-month,Fiber optic,No,No,Credit card (automatic)
6115-ZTBFQ,No,0,72,65.5,Two year,DSL,Yes,Yes,Bank transfer (automatic)
6353-BRMMA,No,0,54,104.1,Month-to-month,Fiber optic,No,Yes,Bank transfer (automatic)
6680-WKXRZ,Yes,1,3,74.4,Month-to-month,Fiber optic,No,No,Bank transfer (automatic)
6231-WFGFH,No,0,4,20.5,Month-to-month,No,No internet service,No internet service,Mailed check
9904-EHEVJ,No,0,32,91.35,Month-to-month,Fiber optic,No,No,Mailed check
7028-DVOIQ,Yes,1,35,99.05,Month-to-month,Fiber optic,No,No,Electronic check
6169-PPETC,No,0,35,20.5,Two year,No,No internet service,No internet service,Bank transfer (automatic)
4208-UFFGW,Yes,1,2,44.95,Month-to-month,DSL,No,No,Mailed check
8584-KMVXD,No,0,8,75.6,Month-to-month,Fiber optic,No,No,Electronic check
8467-WYNSR,No,0,22,55.1,Month-to-month,DSL,Yes,Yes,Mailed check
0851-DFJKB,No,0,15,58.95,Month-to-month,DSL,Yes,Yes,Electronic check
5382-SOYZL,No,0,22,95.1,Month-to-month,Fiber optic,No,No,Electronic check
9448-REEVD,Yes,1,1,44.7,Month-to-month,DSL,No,No,Credit card (automatic)
3261-CQXOL,No,0,71,25.45,Two year,No,No internet service,No internet service,Bank transfer (automatic)
8388-FYNPZ,No,0,4,56.75,Month-to-month,DSL,No,Yes,Electronic check
4002-BQWPQ,No,0,25,81.75,Month-to-month,DSL,Yes,Yes,Bank transfer (automatic)
5651-YLPRD,No,0,32,86.1,Month-to-month,Fiber optic,No,No,Electronic check
2826-DXLQO,No,0,7,29.8,Month-to-month,DSL,No,Yes,Bank transfer (automatic)
4378-BZYFP,No,0,17,20.5,One year,No,No internet service,No internet service,Mailed check
9489-UTFKA,No,0,8,60.9,Month-to-month,DSL,No,Yes,Bank transfer (automatic)
4849-PYRLQ,No,0,56,73.25,Two year,DSL,Yes,Yes,Bank transfer (automatic)
9117-SHLZX,Yes,1,1,45.7,Month-to-month,DSL,No,No,Mailed check
9889-TMAHG,Yes,1,8,100.3,Month-to-month,Fiber optic,Yes,Yes,Credit card (automatic)
4541-RMRLG,Yes,1,7,19.25,Month-to-month,No,No internet service,No internet service,Electronic check
7764-BDPEE,No,0,3,20.85,Month-to-month,No,No internet service,No internet service,Mailed check
3429-IFLEM,No,0,71,77.35,Two year,DSL,Yes,Yes,Credit card (automatic)
3158-MOERK,Yes,1,2,96.0,Month-to-month,Fiber optic,No,No,Electronic check
7294-TMAOP,Yes,1,1,90.55,Month-to-month,Fiber optic,No,No,Electronic check
5002-GCQFH,No,0,49,93.85,Month-to-month,Fiber optic,No,Yes,Bank transfer (automatic)
0556-FJEGU,No,0,58,70.1,Two year,DSL,Yes,No,Bank transfer (automatic)
8919-FYFQZ,Yes,1,44,30.35,Month-to-month,DSL,No,No,Electronic check
0604-THJFP,No,0,59,75.95,Two year,DSL,Yes,No,Credit card (automatic)
2834-JRTUA,Yes,1,71,108.05,Two year,Fiber optic,Yes,Yes,Electronic check
5875-YPQFJ,Yes,1,1,69.9,Month-to-month,Fiber optic,No,No,Electronic check
5879-SESNB,No,0,11,75.25,Month-to-month,Fiber optic,No,No,Electronic check
6646-QVXLR,Yes,1,62,103.75,One year,Fiber optic,No,No,Electronic check
6461-PPAXN,No,0,35,54.95,One year,DSL,Yes,Yes,Bank transfer (automatic)
3318-ISQFQ,No,0,20,19.5,Month-to-month,No,No internet service,No internet service,Bank transfer (automatic)
1106-HRLKZ,No,0,40,19.6,Two year,No,No internet service,No internet service,Mailed check
2483-XSSMZ,No,0,39,47.85,One year,DSL,No,Yes,Electronic check
8603-IJWDN,Yes,1,1,86.6,Month-to-month,Fiber optic,No,No,Electronic check
8165-ZJRNM,No,0,72,23.75,Two year,No,No internet service,No internet service,Bank transfer (automatic)
9369-XFEHK,Yes,1,33,80.6,Month-to-month,Fiber optic,No,No,Bank transfer (automatic)
2604-XVDAM,No,0,12,43.8,Month-to-month,DSL,No,No,Bank transfer (automatic)
3717-OFRTN,No,0,1,19.75,Month-to-month,No,No internet service,No internet service,Bank transfer (automatic)
9046-JBFWA,No,0,27,19.15,Month-to-month,No,No internet service,No internet service,Mailed check
3280-NMUVX,No,0,34,19.6,One year,No,No internet service,No internet service,Credit card (automatic)
1206-EHBDD,No,0,56,80.3,Two year,Fiber optic,No,Yes,Bank transfer (automatic)
8361-LBRDI,No,0,58,24.35,Two year,No,No internet service,No internet service,Credit card (automatic)
4883-KCPZJ,No,0,22,25.25,Two year,No,No internet service,No internet service,Credit card (automatic)
9108-EQPNQ,No,0,10,26.1,Two year,No,No internet service,No internet service,Credit card (automatic)
7277-KAMWT,No,0,13,20.0,Two year,No,No internet service,No internet service,Credit card (automatic)
3842-IYKUE,Yes,1,35,85.3,Month-to-month,Fiber optic,Yes,No,Credit card (automatic)
6641-XRPSU,Yes,1,34,70.0,Month-to-month,Fiber optic,No,No,Credit card (automatic)
1374-DMZUI,Yes,1,4,94.3,Month-to-month,Fiber optic,No,No,Electronic check
2545-LXYVJ,No,0,72,20.7,Two year,No,No internet service,No internet service,Bank transfer (automatic)
3234-VKACU,No,0,2,70.3,Month-to-month,DSL,Yes,No,Electronic check
8357-EQXFO,Yes,1,7,95.35,Month-to-month,Fiber optic,No,No,Electronic check
1989-PRJHP,Yes,1,27,75.5,Month-to-month,Fiber optic,No,No,Electronic check
8120-JDCAM,No,0,4,69.55,Month-to-month,Fiber optic,No,No,Mailed check
8917-FAEMR,No,0,37,19.85,Two year,No,No internet service,No internet service,Mailed check
7047-YXDMZ,No,0,21,20.0,Month-to-month,No,No internet service,No internet service,Mailed check
2858-EIMXH,No,0,53,95.85,One year,Fiber optic,No,No,Credit card (automatic)
9524-EGPJC,Yes,1,18,90.1,Month-to-month,Fiber optic,Yes,No,Electronic check
6993-OHLXR,Yes,1,2,68.95,Month-to-month,Fiber optic,No,No,Electronic check
8818-XYFCQ,Yes,1,32,99.55,Month-to-month,Fiber optic,No,Yes,Credit card (automatic)
6419-ZTTLE,No,0,23,20.75,One year,No,No internet service,No internet service,Electronic check
0929-HYQEW,No,0,3,50.15,Month-to-month,DSL,No,Yes,Mailed check
6614-YOLAC,No,0,71,58.65,Two year,DSL,Yes,Yes,Mailed check
7426-RHZGU,No,0,9,95.9,Month-to-month,Fiber optic,Yes,No,Bank transfer (automatic)
4065-JJAVA,No,0,1,49.5,Month-to-month,DSL,No,No,Electronic check
4695-VADHF,Yes,1,18,57.45,Month-to-month,DSL,No,No,Electronic check
3863-IUBJR,Yes,1,12,53.65,One year,DSL,No,No,Credit card (automatic)
7649-SIJJF,No,0,71,80.1,Two year,DSL,Yes,Yes,Mailed check
9361-YNQWJ,No,0,64,24.4,One year,No,No internet service,No internet service,Bank transfer (automatic)
3748-FVMZZ,No,0,4,40.05,Month-to-month,DSL,Yes,No,Electronic check
9391-TTOYH,No,0,23,19.5,Month-to-month,No,No internet service,No internet service,Mailed check
1452-XRSJV,No,0,39,51.05,Month-to-month,DSL,No,Yes,Credit card (automatic)
3422-WJOYD,No,0,28,54.35,One year,DSL,Yes,Yes,Mailed check
8242-SOQUO,No,0,5,84.7,Month-to-month,Fiber optic,No,No,Electronic check
7460-ITWWP,No,0,45,86.1,Month-to-month,Fiber optic,No,No,Electronic check
7147-AYBAA,No,0,37,70.35,Month-to-month,Fiber optic,No,No,Mailed check
7868-TMWMZ,No,0,60,110.0,Two year,Fiber optic,Yes,Yes,Bank transfer (automatic)
4822-RVYBB,Yes,1,8,100.6,Month-to-month,Fiber optic,No,No,Electronic check
6732-FZUGP,No,0,47,94.9,One year,Fiber optic,No,Yes,Credit card (automatic)
8436-BJUMM,Yes,1,26,83.75,Month-to-month,Fiber optic,No,No,Electronic check
4184-TJFAN,Yes,1,3,88.3,Month-to-month,Fiber optic,Yes,Yes,Mailed check
8329-GWVPJ,No,0,50,69.75,Month-to-month,Fiber optic,No,No,Bank transfer (automatic)
1352-VHKAJ,No,0,27,71.6,Month-to-month,DSL,Yes,No,Bank transfer (automatic)
4145-UQXUQ,Yes,1,8,92.1,Month-to-month,Fiber optic,No,No,Electronic check
2632-TACXW,No,0,62,23.65,Two year,No,No internet service,No internet service,Bank transfer (automatic)
8146-QQKZH,No,0,71,81.85,Two year,DSL,Yes,Yes,Bank transfer (automatic)
1767-CJKBA,No,0,66,25.1,Two year,No,No internet service,No internet service,Mailed check
6445-TNRXS,No,0,68,114.7,Two year,Fiber optic,Yes,Yes,Bank transfer (automatic)
4581-LNWUM,No,0,13,49.15,Month-to-month,DSL,No,No,Electronic check
4869-EPIUS,No,0,56,80.9,One year,Fiber optic,No,No,Electronic check
9948-YPTDG,Yes,1,38,79.45,Month-to-month,Fiber optic,No,Yes,Electronic check
1236-WFCDV,Yes,1,14,90.45,Month-to-month,Fiber optic,No,No,Credit card (automatic)
1915-OAKWD,No,0,16,19.3,One year,No,No internet service,No internet service,Bank transfer (automatic)
7296-PIXQY,No,0,14,70.2,Month-to-month,Fiber optic,No,No,Electronic check
4883-QICIH,Yes,1,32,69.75,Month-to-month,Fiber optic,No,No,Bank transfer (automatic)
3354-OADJP,No,0,8,54.25,One year,DSL,Yes,Yes,Bank transfer (automatic)
3524-WQDSG,No,0,43,99.3,Month-to-month,Fiber optic,No,No,Bank transfer (automatic)
0810-DHDBD,No,0,52,74.0,One year,DSL,Yes,Yes,Credit card (automatic)
4026-SKKHW,No,0,3,50.25,Month-to-month,DSL,Yes,No,Mailed check
2829-HYVZP,No,0,29,19.8,One year,No,No internet service,No internet service,Mailed check
8329-IBCTI,Yes,1,1,19.65,Month-to-month,No,No internet service,No internet service,Mailed check
1271-SJBGZ,Yes,1,12,43.65,Month-to-month,DSL,Yes,No,Electronic check
3845-JHAMY,No,0,16,35.5,Month-to-month,DSL,No,No,Credit card (automatic)
7013-PSXHK,No,0,40,80.75,One year,DSL,Yes,No,Mailed check
5669-SRAIP,Yes,1,5,39.5,Month-to-month,DSL,No,No,Electronic check
5981-ITEMU,Yes,1,40,97.1,Month-to-month,Fiber optic,No,No,Bank transfer (automatic)
3486-NPGST,No,0,36,19.55,One year,No,No internet service,No internet service,Mailed check
6941-PMGEP,Yes,1,5,80.0,Month-to-month,Fiber optic,No,No,Electronic check
1624-WOIWJ,Yes,1,10,84.7,Month-to-month,Fiber optic,No,Yes,Mailed check
2074-GKOWZ,Yes,1,2,89.55,Month-to-month,Fiber optic,No,No,Bank transfer (automatic)
0376-YMCJC,Yes,1,23,90.6,Month-to-month,Fiber optic,Yes,No,Electronic check
6100-FJZDG,No,0,26,20.05,One year,No,No internet service,No internet service,Bank transfer (automatic)
4829-ZLJTK,No,0,72,112.4,Two year,Fiber optic,No,Yes,Electronic check
1730-VFMWO,No,0,34,50.2,Month-to-month,DSL,Yes,No,Bank transfer (automatic)
7143-BQIBA,No,0,10,62.25,Month-to-month,DSL,Yes,Yes,Bank transfer (automatic)
3800-LYTRK,No,0,14,55.7,One year,DSL,Yes,Yes,Mailed check
0634-SZPQA,Yes,1,23,90.05,Month-to-month,Fiber optic,No,Yes,Bank transfer (automatic)
9646-NMHXE,No,0,47,19.65,Two year,No,No internet service,No internet service,Mailed check
7030-NJVDP,No,0,24,89.25,Month-to-month,Fiber optic,Yes,Yes,Electronic check
5536-RTPWK,Yes,1,49,99.05,Month-to-month,Fiber optic,No,No,Bank transfer (automatic)
8883-GRDWQ,No,0,20,54.0,One year,DSL,Yes,Yes,Mailed check
6166-ILMNY,Yes,1,2,69.75,Month-to-month,Fiber optic,No,No,Bank transfer (automatic)
3097-NNSPB,Yes,1,2,49.05,Month-to-month,DSL,No,No,Credit card (automatic)
7771-ZONAT,No,0,22,56.75,Two year,DSL,Yes,No,Bank transfer (automatic)
0655-RBDUG,Yes,1,7,98.05,Month-to-month,Fiber optic,No,No,Bank transfer (automatic)
2111-DWYHN,No,0,1,21.1,Month-to-month,No,No internet service,No internet service,Mailed check
4194-WHFCB,No,0,59,96.65,Month-to-month,Fiber optic,Yes,No,Bank transfer (automatic)
4121-AGSIN,No,0,58,24.5,One year,No,No internet service,No internet service,Credit card (automatic)
4361-BKAXE,Yes,1,41,114.5,Month-to-month,Fiber optic,Yes,Yes,Bank transfer (automatic)
9845-PEEKO,No,0,59,79.2,Two year,Fiber optic,No,No,Credit card (automatic)
0455-XFASS,No,0,3,69.55,Month-to-month,Fiber optic,No,No,Electronic check
0301-KOBTQ,No,0,32,20.05,Two year,No,No internet service,No internet service,Bank transfer (automatic)
1751-NCDLI,No,0,46,98.85,Month-to-month,Fiber optic,No,No,Electronic check
4367-NUYAO,No,0,0,25.75,Two year,No,No internet service,No internet service,Mailed check
9878-TNQGW,Yes,1,2,80.95,Month-to-month,Fiber optic,No,No,Electronic check
9170-ARBTB,No,0,52,19.6,One year,No,No internet service,No internet service,Credit card (automatic)
4441-NIHPT,Yes,1,13,74.3,Month-to-month,Fiber optic,No,No,Electronic check
8999-BOHSE,Yes,1,11,89.7,Month-to-month,Fiber optic,No,No,Bank transfer (automatic)
7241-AJHFS,No,0,32,87.65,Month-to-month,Fiber optic,Yes,Yes,Bank transfer (automatic)
7029-RPUAV,Yes,1,17,100.45,Month-to-month,Fiber optic,No,No,Credit card (automatic)
4546-FOKWR,No,0,16,74.75,Month-to-month,Fiber optic,No,No,Credit card (automatic)
9036-CSKBW,No,0,51,107.45,One year,Fiber optic,No,Yes,Bank transfer (automatic)
5832-TRLPB,No,0,29,75.35,One year,DSL,Yes,No,Bank transfer (automatic)
8590-YFFQO,No,0,70,64.95,Two year,DSL,Yes,Yes,Credit card (automatic)
8659-IOOPU,No,0,71,100.45,Two year,Fiber optic,Yes,Yes,Electronic check
1338-CECEE,No,0,41,68.5,One year,DSL,No,No,Bank transfer (automatic)
7439-DKZTW,No,0,1,80.55,Month-to-month,Fiber optic,No,No,Electronic check
4646-QZXTF,No,0,7,81.25,Month-to-month,DSL,Yes,Yes,Bank transfer (automatic)
4607-CHPCA,Yes,1,25,90.4,One year,Fiber optic,No,No,Electronic check
9742-XOKTS,No,0,67,89.55,One year,Fiber optic,Yes,Yes,Electronic check
6921-OZMFH,No,0,5,55.7,Month-to-month,DSL,Yes,No,Mailed check
9578-FOMUK,No,0,15,24.8,Month-to-month,No,No internet service,No internet service,Electronic check
4712-UYOOI,No,0,20,20.0,Month-to-month,No,No internet service,No internet service,Electronic check
8824-RWFXJ,Yes,1,3,56.15,Month-to-month,DSL,No,No,Mailed check
7722-CVFXN,No,0,54,105.2,One year,Fiber optic,Yes,No,Electronic check
8717-VCTXJ,No,0,42,19.55,One year,No,No internet service,No internet service,Mailed check
7363-QTBIW,No,0,9,79.75,Month-to-month,Fiber optic,No,No,Electronic check
4159-NAAIX,No,0,63,97.45,Two year,Fiber optic,No,No,Bank transfer (automatic)
0971-QIFJK,No,0,69,24.25,Two year,No,No internet service,No internet service,Bank transfer (automatic)
9397-TZSHA,No,0,69,24.6,Two year,No,No internet service,No internet service,Credit card (automatic)
3391-JSQEW,No,0,40,50.15,Month-to-month,DSL,No,No,Mailed check
0343-QLUZP,No,0,60,39.6,Two year,DSL,No,Yes,Bank transfer (automatic)
9763-PDTKK,Yes,1,4,94.4,Month-to-month,Fiber optic,Yes,Yes,Bank transfer (automatic)
2176-LVPNX,No,0,71,89.85,Two year,DSL,Yes,Yes,Mailed check
7627-JKIAZ,Yes,1,37,78.95,Month-to-month,Fiber optic,No,No,Credit card (automatic)
3312-UUMZW,No,0,32,98.85,Month-to-month,Fiber optic,No,No,Credit card (automatic)
1271-UODNO,No,0,39,53.85,Two year,DSL,Yes,No,Credit card (automatic)
8461-EFQYM,No,0,38,24.25,One year,No,No internet service,No internet service,Electronic check
6900-RBKER,No,0,52,89.45,Two year,Fiber optic,No,No,Credit card (automatic)
6891-JPYFF,No,0,48,105.25,Month-to-month,Fiber optic,No,Yes,Credit card (automatic)
1459-QNFQT,No,0,70,59.5,Two year,DSL,Yes,Yes,Bank transfer (automatic)
1047-NNCBF,No,0,20,70.55,Month-to-month,Fiber optic,No,No,Credit card (automatic)
3696-XRIEN,No,0,50,82.5,One year,DSL,Yes,Yes,Credit card (automatic)
4081-DYXAV,Yes,1,19,44.85,One year,DSL,No,No,Credit card (automatic)
0074-HDKDG,No,0,25,61.6,One year,DSL,No,Yes,Bank transfer (automatic)
8791-GFXLZ,No,0,12,49.05,Month-to-month,DSL,No,No,Bank transfer (automatic)
8111-SLLHI,Yes,1,39,105.65,Month-to-month,Fiber optic,No,No,Electronic check
0927-LCSMG,Yes,1,7,74.65,Month-to-month,Fiber optic,No,No,Mailed check
9330-DHBFL,No,0,23,66.25,One year,DSL,Yes,Yes,Mailed check
0098-BOWSO,No,0,27,19.4,Month-to-month,No,No internet service,No internet service,Electronic check
3452-ABWRL,No,0,47,86.05,Month-to-month,Fiber optic,No,No,Credit card (automatic)
5859-HZYLF,No,0,26,19.15,Two year,No,No internet service,No internet service,Credit card (automatic)
8257-RZAHR,Yes,1,14,64.7,Month-to-month,DSL,No,Yes,Bank transfer (automatic)
5293-WXJAK,Yes,1,11,104.05,Month-to-month,Fiber optic,Yes,No,Bank transfer (automatic)
3156-QLHBO,No,0,2,19.25,Month-to-month,No,No internet service,No internet service,Mailed check
2208-NQBCT,No,0,26,81.95,Month-to-month,Fiber optic,No,Yes,Electronic check
1779-PWPMG,No,0,72,114.65,Two year,Fiber optic,Yes,Yes,Bank transfer (automatic)
6621-NRZAK,No,0,63,20.0,Two year,No,No internet service,No internet service,Credit card (automatic)
0831-JNISG,No,0,71,19.8,Two year,No,No internet service,No internet service,Mailed check
0774-IFUVM,No,0,11,65.15,Month-to-month,DSL,No,Yes,Bank transfer (automatic)
3082-WQRVY,No,0,14,19.65,One year,No,No internet service,No internet service,Mailed check
9553-DLCLU,No,0,13,88.95,Two year,DSL,Yes,Yes,Credit card (automatic)
1641-BYBTK,No,0,6,20.2,Month-to-month,No,No internet service,No internet service,Mailed check
2460-NGXBJ,No,0,11,75.2,Month-to-month,Fiber optic,No,No,Credit card (automatic)
2446-ZKVAF,No,0,18,56.8,Month-to-month,DSL,No,No,Credit card (automatic)
0841-NULXI,Yes,1,1,35.55,Month-to-month,DSL,No,No,Electronic check
3522-CDKHF,No,0,32,75.5,Month-to-month,Fiber optic,No,Yes,Bank transfer (automatic)
1430-SFQSA,No,0,29,35.6,One year,DSL,Yes,Yes,Mailed check
0411-EZJZE,No,0,3,60.25,Month-to-month,DSL,No,No,Electronic check
7851-WZEKY,Yes,1,2,95.15,Month-to-month,Fiber optic,No,No,Electronic check
8844-TONUD,Yes,1,13,96.65,Month-to-month,Fiber optic,No,No,Mailed check
8807-ARQET,No,0,41,40.35,Month-to-month,DSL,No,No,Electronic check
8992-CEUEN,No,0,1,18.85,Month-to-month,No,No internet service,No internet service,Electronic check
4320-QMLLA,No,0,7,54.85,Month-to-month,DSL,No,No,Mailed check
8777-PVYGU,No,0,52,64.3,One year,DSL,No,Yes,Mailed check
8292-ITGYJ,No,0,45,24.65,Two year,No,No internet service,No internet service,Bank transfer (automatic)
6870-ZWMNX,No,0,70,76.1,Two year,DSL,Yes,No,Credit card (automatic)
0621-CXBKL,No,0,53,18.7,Two year,No,No internet service,No internet service,Mailed check
5268-DSMNQ,No,0,62,97.95,One year,Fiber optic,No,No,Credit card (automatic)
5334-JLAXU,No,0,60,94.1,Month-to-month,Fiber optic,No,Yes,Credit card (automatic)
4086-YQSNZ,Yes,1,3,80.4,Month-to-month,Fiber optic,No,No,Electronic check
6242-MBHPK,No,0,23,95.1,Month-to-month,Fiber optic,No,Yes,Electronic check
5868-CZJDR,Yes,1,1,31.35,Month-to-month,DSL,No,No,Mailed check
9359-UGBTK,No,0,67,72.35,One year,DSL,Yes,Yes,Bank transfer (automatic)
0135-NMXAP,Yes,1,12,89.75,Month-to-month,Fiber optic,No,No,Bank transfer (automatic)
4782-OSFXZ,No,0,71,82.7,Two year,DSL,Yes,Yes,Bank transfer (automatic)
6479-OAUSD,No,0,25,19.9,One year,No,No internet service,No internet service,Credit card (automatic)
7129-ACFOG,No,0,5,53.8,Month-to-month,DSL,No,Yes,Electronic check
4189-NAKJS,No,0,26,51.55,One year,DSL,No,No,Credit card (automatic)
5562-BETPV,No,0,1,19.65,One year,No,No internet service,No internet service,Mailed check
1282-IHQAC,No,0,70,44.05,One year,DSL,No,No,Credit card (automatic)
9127-FHJBZ,No,0,72,114.0,Two year,Fiber optic,Yes,Yes,Electronic check
6270-OMFIW,Yes,1,60,94.4,One year,Fiber optic,No,No,Electronic check
1641-RQDAY,No,0,32,100.4,Month-to-month,Fiber optic,No,No,Electronic check
0107-WESLM,Yes,1,1,19.85,Month-to-month,No,No internet service,No internet service,Electronic check
6994-ORCWG,No,0,14,54.25,One year,DSL,No,No,Mailed check
1346-UFHAX,No,0,13,80.0,Month-to-month,Fiber optic,No,Yes,Credit card (automatic)
3992-YWPKO,Yes,1,6,109.9,Month-to-month,Fiber optic,Yes,No,Credit card (automatic)
2933-XEUJM,No,0,46,79.2,Two year,DSL,No,Yes,Mailed check
0125-LZQXK,Yes,1,15,101.35,Month-to-month,Fiber optic,Yes,No,Electronic check
5461-QKNTN,No,0,43,94.3,Month-to-month,Fiber optic,Yes,No,Electronic check
4835-YSJMR,No,0,39,49.8,Two year,DSL,Yes,No,Bank transfer (automatic)
8399-YNDCH,Yes,1,21,60.05,Month-to-month,DSL,No,No,Bank transfer (automatic)
3164-YAXFY,No,0,57,53.75,Month-to-month,DSL,No,Yes,Electronic check
0887-WBJVH,No,0,53,93.45,One year,Fiber optic,Yes,No,Electronic check
4660-IRIBM,No,0,18,87.9,Month-to-month,Fiber optic,No,Yes,Mailed check
5673-FSSMF,Yes,1,1,60.15,Month-to-month,DSL,No,No,Electronic check
7670-ZBPOQ,No,0,58,61.05,One year,DSL,Yes,Yes,Bank transfer (automatic)
8089-UZWLX,No,0,71,104.05,Two year,Fiber optic,No,No,Bank transfer (automatic)
0080-OROZO,No,0,35,99.25,One year,Fiber optic,Yes,No,Electronic check
3916-NRPAP,No,0,3,85.7,Month-to-month,Fiber optic,No,No,Credit card (automatic)
6807-SIWJI,No,0,38,104.85,One year,Fiber optic,No,Yes,Electronic check
8221-HVAYI,No,0,35,69.15,Two year,DSL,Yes,Yes,Credit card (automatic)
1579-KLYDT,Yes,1,7,90.45,Month-to-month,Fiber optic,No,No,Electronic check
5232-NXPAY,No,0,47,74.45,Two year,DSL,Yes,No,Mailed check
8967-SZQAS,No,0,14,50.45,Month-to-month,DSL,No,No,Electronic check
4468-KAZHE,No,0,20,60.0,Month-to-month,DSL,No,No,Electronic check
0455-ENTCR,No,0,66,85.25,Two year,DSL,Yes,Yes,Electronic check
8944-AILEF,No,0,15,19.45,Month-to-month,No,No internet service,No internet service,Credit card (automatic)
5542-NKVRU,No,0,42,20.75,Two year,No,No internet service,No internet service,Bank transfer (automatic)
7126-RBHSD,No,0,17,78.9,Month-to-month,Fiber optic,No,Yes,Electronic check
5370-IIVVL,No,0,37,104.5,One year,Fiber optic,Yes,No,Credit card (automatic)
6789-HJBWG,No,0,12,49.4,Month-to-month,DSL,No,No,Electronic check
3927-NLNRY,Yes,1,53,94.25,One year,Fiber optic,No,No,Bank transfer (automatic)
9087-EYCPR,No,0,60,25.0,Two year,No,No internet service,No internet service,Mailed check
6791-YBNAK,No,0,18,25.55,Month-to-month,DSL,No,No,Credit card (automatic)
6358-LYNGM,Yes,1,1,74.9,Month-to-month,Fiber optic,No,No,Electronic check
6077-BDPXA,No,0,3,70.15,Month-to-month,Fiber optic,No,No,Electronic check
0013-MHZWF,No,0,9,69.4,Month-to-month,DSL,Yes,No,Credit card (automatic)
5494-HECPR,Yes,1,1,80.25,Month-to-month,Fiber optic,No,No,Electronic check
8268-YDIXR,No,0,56,93.15,One year,Fiber optic,No,Yes,Electronic check
9824-BEMCV,Yes,1,17,69.0,Month-to-month,Fiber optic,No,No,Electronic check
1373-ORVIZ,Yes,1,11,66.35,Month-to-month,DSL,Yes,No,Electronic check
4291-SHSBH,No,0,7,69.55,Month-to-month,Fiber optic,No,No,Electronic check
6980-IMXXE,No,0,69,20.2,Two year,No,No internet service,No internet service,Bank transfer (automatic)
9866-QEVEE,Yes,1,19,86.0,Month-to-month,Fiber optic,No,No,Bank transfer (automatic)
9897-KXHCM,Yes,1,3,80.3,Month-to-month,Fiber optic,No,No,Electronic check
0040-HALCW,No,0,54,20.4,Two year,No,No internet service,No internet service,Credit card (automatic)
0784-GTUUK,No,0,62,23.75,One year,No,No internet service,No internet service,Credit card (automatic)
7979-CORPM,Yes,1,24,90.55,Month-to-month,Fiber optic,No,No,Credit card (automatic)
2294-DMMUS,No,0,62,70.45,Month-to-month,DSL,No,No,Credit card (automatic)
0872-JCPIB,No,0,17,65.75,Month-to-month,DSL,No,Yes,Bank transfer (automatic)
3055-MJDSB,No,0,9,24.6,Month-to-month,DSL,No,No,Mailed check
9091-WTUUY,No,0,64,69.25,Two year,DSL,Yes,Yes,Mailed check
1618-CFHME,Yes,1,2,75.9,Month-to-month,Fiber optic,No,No,Electronic check
3165-HDOEW,Yes,1,1,45.85,Month-to-month,DSL,No,No,Mailed check
6581-NQCBA,Yes,1,16,49.95,Month-to-month,DSL,Yes,No,Electronic check
7115-IRDHS,No,0,72,24.65,Two year,No,No internet service,No internet service,Bank transfer (automatic)
8496-DMZUK,No,0,30,90.4,One year,Fiber optic,No,Yes,Bank transfer (automatic)
2040-VZIKE,No,0,49,100.85,Month-to-month,Fiber optic,No,Yes,Mailed check
9068-VPWQQ,No,0,61,75.35,Two year,DSL,Yes,Yes,Credit card (automatic)
0178-SZBHO,No,0,47,87.2,Month-to-month,Fiber optic,No,No,Electronic check
0384-RVBPI,No,0,20,64.4,Month-to-month,DSL,No,Yes,Credit card (automatic)
1689-MRZQR,Yes,1,34,78.3,Month-to-month,Fiber optic,No,No,Electronic check
1299-AURJA,No,0,70,24.7,Two year,No,No internet service,No internet service,Bank transfer (automatic)
4525-VZCZG,No,0,54,105.85,One year,Fiber optic,Yes,Yes,Electronic check
1543-LLLFT,No,0,61,98.3,One year,Fiber optic,Yes,No,Mailed check
5835-BEQEU,Yes,1,3,76.95,Month-to-month,Fiber optic,No,No,Electronic check
2788-CJQAQ,No,0,13,19.45,One year,No,No internet service,No internet service,Mailed check
5565-FILXA,Yes,1,16,96.15,Month-to-month,Fiber optic,No,No,Electronic check
0319-QZTCO,No,0,3,58.7,Month-to-month,DSL,No,No,Credit card (automatic)
2120-SMPEX,No,0,25,20.15,Month-to-month,No,No internet service,No internet service,Mailed check
0096-FCPUF,No,0,30,64.5,Month-to-month,DSL,No,Yes,Mailed check
0668-OGMHD,No,0,21,28.5,Month-to-month,DSL,No,Yes,Electronic check
5552-ZNFSJ,Yes,1,1,45.3,Month-to-month,DSL,No,No,Electronic check
2223-KAGMX,Yes,1,15,19.4,Month-to-month,No,No internet service,No internet service,Bank transfer (automatic)
6507-ZJSUR,No,0,23,90.45,Month-to-month,Fiber optic,No,No,Electronic check
9408-HRXRK,No,0,45,105.15,Month-to-month,Fiber optic,No,Yes,Electronic check
5593-SUAOO,No,0,24,83.15,One year,Fiber optic,No,No,Bank transfer (automatic)
7321-PKUYW,Yes,1,11,90.15,Month-to-month,Fiber optic,Yes,No,Electronic check
2833-SLKDQ,Yes,1,1,45.05,Month-to-month,DSL,No,No,Mailed check
6766-HFKLA,No,0,56,103.2,Two year,Fiber optic,Yes,No,Bank transfer (automatic)
7595-EUIVN,Yes,1,1,75.8,Month-to-month,Fiber optic,No,No,Electronic check
7617-EYGLW,No,0,1,19.45,Month-to-month,No,No internet service,No internet service,Electronic check
2026-TGDHM,Yes,1,7,79.3,Month-to-month,Fiber optic,No,No,Electronic check
9220-ZNKJI,No,0,55,88.8,Two year,Fiber optic,Yes,No,Credit card (automatic)
4030-VPZBD,Yes,1,2,30.9,Month-to-month,DSL,Yes,No,Electronic check
2226-ICFDO,No,0,72,85.9,Two year,DSL,Yes,Yes,Credit card (automatic)
0723-VSOBE,No,0,45,34.2,One year,DSL,No,No,Electronic check
5529-GIBVH,No,0,47,20.15,Two year,No,No internet service,No internet service,Mailed check
4187-CINZD,Yes,1,46,95.25,One year,Fiber optic,No,No,Credit card (automatic)
9992-UJOEL,No,0,2,50.3,Month-to-month,DSL,No,No,Mailed check
4741-WWJQZ,No,0,2,80.15,Month-to-month,Fiber optic,Yes,Yes,Electronic check
6625-UTXEW,No,0,12,51.25,Month-to-month,DSL,No,No,Electronic check
6818-WOBHJ,Yes,1,68,89.6,Month-to-month,Fiber optic,No,No,Bank transfer (automatic)
6244-BESBM,No,0,69,95.2,Two year,Fiber optic,Yes,No,Credit card (automatic)
1004-NOZNR,No,0,56,94.8,One year,Fiber optic,No,Yes,Credit card (automatic)
1251-STYSZ,No,0,4,80.25,Month-to-month,Fiber optic,No,Yes,Electronic check
2612-PHGOX,No,0,64,76.1,Two year,DSL,Yes,No,Bank transfer (automatic)
2408-TZMJL,Yes,1,59,110.15,One year,Fiber optic,No,Yes,Electronic check
8480-PPONV,No,0,62,115.55,Two year,Fiber optic,Yes,Yes,Bank transfer (automatic)
8780-IHCRN,No,0,63,24.65,Two year,No,No internet service,No internet service,Credit card (automatic)
4598-ZADCK,No,0,53,53.6,One year,DSL,Yes,Yes,Electronic check
1257-SXUXQ,No,0,5,19.45,Month-to-month,No,No internet service,No internet service,Mailed check
9681-KYGYB,No,0,49,88.2,Month-to-month,Fiber optic,No,Yes,Electronic check
7182-OVLBJ,No,0,62,101.15,Two year,Fiber optic,No,Yes,Bank transfer (automatic)
5095-ETBRJ,No,0,55,56.8,Two year,DSL,Yes,Yes,Mailed check
7005-CYUIL,No,0,71,99.4,Two year,Fiber optic,Yes,Yes,Electronic check
4821-WQOYN,No,0,72,20.1,Two year,No,No internet service,No internet service,Credit card (automatic)
4730-AWNAU,No,0,36,60.7,One year,DSL,Yes,Yes,Credit card (automatic)
3452-FLHYD,No,0,25,20.95,One year,No,No internet service,No internet service,Bank transfer (automatic)
2388-LAESQ,No,0,72,114.85,Two year,Fiber optic,Yes,Yes,Bank transfer (automatic)
9531-NSBMR,No,0,36,19.25,One year,No,No internet service,No internet service,Bank transfer (automatic)
6260-ONULR,No,0,1,62.8,Month-to-month,DSL,No,No,Mailed check
4389-UEFCZ,No,0,72,105.5,Two year,Fiber optic,No,Yes,Electronic check
8711-LOBKY,No,0,59,19.85,Two year,No,No internet service,No internet service,Mailed check
9134-CEQMF,Yes,1,7,89.5,Month-to-month,Fiber optic,No,No,Electronic check
8985-OOPOS,No,0,1,74.1,One year,DSL,Yes,No,Credit card (automatic)
8800-ZKRFW,No,0,30,107.5,Month-to-month,Fiber optic,Yes,No,Electronic check
2616-FLVQC,No,0,64,19.55,Two year,No,No internet service,No internet service,Mailed check
9968-FFVVH,No,0,63,68.8,One year,DSL,Yes,Yes,Bank transfer (automatic)
3108-PCCGG,No,0,72,84.45,Two year,DSL,No,Yes,Credit card (automatic)
7993-PYKOF,Yes,1,8,75.0,Month-to-month,Fiber optic,No,Yes,Electronic check
8390-FESFV,No,0,62,84.5,Two year,DSL,Yes,No,Bank transfer (automatic)
3022-BEXHZ,No,0,67,111.2,Two year,Fiber optic,Yes,No,Bank transfer (automatic)
5027-XWQHA,Yes,1,6,44.75,Month-to-month,DSL,No,No,Electronic check
6248-TKCQV,No,0,70,80.6,Two year,DSL,Yes,Yes,Bank transfer (automatic)
6729-GDNGC,No,0,20,80.7,Month-to-month,Fiber optic,No,No,Bank transfer (automatic)
6198-ZFIOJ,No,0,5,75.6,Month-to-month,Fiber optic,No,No,Electronic check
5989-OMNJE,No,0,24,57.6,One year,DSL,No,Yes,Electronic check
4566-QVRRW,Yes,1,11,44.05,Month-to-month,DSL,No,No,Electronic check
1291-CUOCY,No,0,72,110.6,Two year,Fiber optic,Yes,No,Credit card (automatic)
9795-SHUHB,No,0,66,58.2,Two year,DSL,Yes,Yes,Credit card (automatic)
3230-IUALN,No,0,45,81.0,Two year,DSL,Yes,Yes,Mailed check
0042-RLHYP,No,0,69,19.7,Two year,No,No internet service,No internet service,Bank transfer (automatic)
8519-IMDHU,Yes,1,15,85.6,Month-to-month,Fiber optic,No,No,Bank transfer (automatic)
4945-RVMTE,No,0,28,59.55,Month-to-month,DSL,No,No,Bank transfer (automatic)
0201-OAMXR,Yes,1,70,115.55,One year,Fiber optic,Yes,Yes,Credit card (automatic)
1866-NXPSP,No,0,36,75.55,One year,DSL,Yes,Yes,Mailed check
3372-KWFBM,Yes,1,16,86.6,Month-to-month,Fiber optic,No,No,Electronic check
7831-QGOXH,Yes,1,18,85.2,Month-to-month,Fiber optic,No,No,Electronic check
6393-WRYZE,Yes,1,34,97.65,Month-to-month,Fiber optic,No,No,Electronic check
3941-XTSKM,No,0,42,45.1,One year,DSL,No,No,Credit card (automatic)
1661-CZBAU,No,0,48,70.95,One year,DSL,Yes,Yes,Bank transfer (automatic)
6599-RCLCJ,Yes,1,47,109.55,Month-to-month,Fiber optic,Yes,No,Electronic check
9831-BPFRI,Yes,1,39,89.55,One year,Fiber optic,Yes,No,Electronic check
5158-RIVOP,No,0,11,20.9,Two year,No,No internet service,No internet service,Credit card (automatic)
9788-YTFGE,No,0,7,19.95,Month-to-month,No,No internet service,No internet service,Mailed check
9277-JOOMO,No,0,3,24.6,Month-to-month,No,No internet service,No internet service,Mailed check
1907-YLNYW,No,0,8,66.7,Month-to-month,DSL,No,Yes,Electronic check
1725-MIMXW,Yes,1,1,19.45,Month-to-month,No,No internet service,No internet service,Mailed check
8947-YRTDV,No,0,32,94.8,One year,Fiber optic,No,Yes,Mailed check
3161-ONRWK,No,0,60,65.85,One year,DSL,Yes,Yes,Bank transfer (automatic)
0114-RSRRW,No,0,10,19.95,Month-to-month,No,No internet service,No internet service,Bank transfer (automatic)
4565-NLZBV,No,0,71,24.65,Two year,No,No internet service,No internet service,Bank transfer (automatic)
0031-PVLZI,Yes,1,4,20.35,Month-to-month,No,No internet service,No internet service,Mailed check
7206-GZCDC,Yes,1,1,69.25,Month-to-month,Fiber optic,No,No,Electronic check
6682-VCIXC,No,0,43,51.25,One year,DSL,Yes,Yes,Bank transfer (automatic)
4791-QRGMF,Yes,1,59,99.5,One year,Fiber optic,No,No,Bank transfer (automatic)
6475-VHUIZ,No,0,23,54.25,Month-to-month,DSL,Yes,No,Electronic check
3910-MRQOY,No,0,72,19.4,Two year,No,No internet service,No internet service,Bank transfer (automatic)
0661-WCQNQ,No,0,22,56.25,One year,DSL,Yes,Yes,Credit card (automatic)
7537-RBWEA,No,0,1,25.15,Month-to-month,DSL,No,No,Mailed check
4656-CAURT,No,0,69,23.95,Two year,No,No internet service,No internet service,Bank transfer (automatic)
0121-SNYRK,No,0,50,35.4,One year,DSL,Yes,Yes,Mailed check
1768-ZAIFU,Yes,1,1,25.2,Month-to-month,DSL,No,No,Electronic check
4671-LXRDQ,Yes,1,2,45.0,Month-to-month,DSL,No,No,Mailed check
3733-LSYCE,No,0,15,75.35,Month-to-month,Fiber optic,No,No,Bank transfer (automatic)
6265-FRMTQ,No,0,31,20.4,Two year,No,No internet service,No internet service,Bank transfer (automatic)
1934-SJVJK,Yes,1,1,20.15,Month-to-month,No,No internet service,No internet service,Mailed check
3838-OZURD,Yes,1,66,105.0,Month-to-month,Fiber optic,No,No,Credit card (automatic)
1371-DWPAZ,No,0,0,56.05,Two year,DSL,Yes,Yes,Credit card (automatic)
9269-CQOOL,Yes,1,3,54.7,Month-to-month,DSL,No,No,Credit card (automatic)
2017-CCBLH,No,0,8,20.0,Two year,No,No internet service,No internet service,Mailed check
7690-KPNCU,No,0,64,73.05,One year,DSL,No,Yes,Credit card (automatic)
0536-BGFMZ,No,0,28,20.5,Month-to-month,No,No internet service,No internet service,Mailed check
2293-IJWPS,No,0,57,100.75,One year,Fiber optic,No,No,Credit card (automatic)
2845-HSJCY,Yes,1,14,87.25,Month-to-month,Fiber optic,No,No,Electronic check
5469-NUJUR,No,0,19,19.95,Two year,No,No internet service,No internet service,Mailed check
1184-PJVDB,Yes,1,10,79.95,Month-to-month,Fiber optic,No,No,Electronic check
2625-TRCZQ,No,0,51,49.65,Month-to-month,DSL,No,No,Electronic check
4102-HLENU,No,0,67,65.65,Two year,DSL,No,Yes,Mailed check
7266-GSSJX,No,0,11,20.45,Month-to-month,No,No internet service,No internet service,Electronic check
7722-VJRQD,No,0,72,60.95,Two year,DSL,Yes,Yes,Bank transfer (automatic)
7073-QETQY,No,0,66,20.35,One year,No,No internet service,No internet service,Electronic check
9415-DPEWS,Yes,1,18,88.35,Month-to-month,Fiber optic,Yes,No,Electronic check
5624-RYAMH,No,0,9,19.5,Month-to-month,No,No internet service,No internet service,Electronic check
0196-JTUQI,No,0,9,75.2,Month-to-month,Fiber optic,No,No,Credit card (automatic)
7130-YXBRO,No,0,48,111.45,Month-to-month,Fiber optic,No,Yes,Bank transfer (automatic)
9272-LSVYH,No,0,10,70.15,Month-to-month,Fiber optic,No,No,Mailed check
7943-RQCHR,Yes,1,9,94.75,Month-to-month,Fiber optic,No,No,Electronic check
3793-MMFUH,Yes,1,13,95.05,Month-to-month,Fiber optic,No,No,Electronic check
3249-ZPQRG,Yes,1,4,78.45,Month-to-month,Fiber optic,No,No,Electronic check
2568-BRGYX,Yes,1,4,70.2,Month-to-month,Fiber optic,No,No,Electronic check
3084-DOWLE,No,0,72,92.0,Two year,DSL,Yes,Yes,Bank transfer (automatic)
1084-MNSMJ,No,0,51,85.5,Two year,DSL,Yes,Yes,Credit card (automatic)
7721-JXEAW,Yes,1,59,41.05,Month-to-month,DSL,No,No,Bank transfer (automatic)
7249-WBIYX,Yes,1,10,85.6,Month-to-month,Fiber optic,No,No,Electronic check
4238-HFHSN,No,0,61,82.15,Month-to-month,Fiber optic,No,No,Electronic check
6250-CGGUN,No,0,54,84.4,One year,Fiber optic,Yes,Yes,Electronic check
5478-JJVZK,No,0,33,60.9,Month-to-month,DSL,No,Yes,Mailed check
7596-IIWYC,No,0,27,20.25,Two year,No,No internet service,No internet service,Bank transfer (automatic)
6567-HOOPW,Yes,1,1,79.2,Month-to-month,Fiber optic,No,No,Electronic check
9793-WECQC,No,0,23,95.3,Month-to-month,Fiber optic,No,No,Mailed check
4291-HPAXL,No,0,1,19.85,Month-to-month,No,No internet service,No internet service,Mailed check
8999-YPYBV,No,0,45,84.35,Two year,DSL,Yes,Yes,Mailed check
1839-FBNFR,No,0,39,19.85,Two year,No,No internet service,No internet service,Bank transfer (automatic)
3164-AALRN,Yes,1,5,70.0,One year,DSL,No,No,Mailed check
3071-MVJCD,No,0,72,82.3,Two year,DSL,Yes,Yes,Bank transfer (automatic)
1697-BCSHV,No,0,58,66.8,Month-to-month,DSL,No,No,Bank transfer (automatic)
0562-KBDVM,No,0,70,44.6,Two year,DSL,Yes,Yes,Bank transfer (automatic)
1131-SUEKT,No,0,61,98.45,One year,Fiber optic,Yes,No,Bank transfer (automatic)
3717-OEAUQ,No,0,2,70.7,Month-to-month,Fiber optic,No,No,Mailed check
4538-WNTMJ,No,0,46,24.95,One year,No,No internet service,No internet service,Mailed check
3334-CTHOL,Yes,1,1,49.95,Month-to-month,DSL,No,No,Bank transfer (automatic)
4704-ERYFC,Yes,1,22,69.25,Month-to-month,Fiber optic,No,No,Electronic check
9432-RUVSL,No,0,48,102.5,Two year,Fiber optic,Yes,Yes,Credit card (automatic)
8060-HIWJJ,No,0,64,86.55,Two year,DSL,Yes,No,Credit card (automatic)
7684-XSZIY,No,0,72,24.3,Two year,No,No internet service,No internet service,Bank transfer (automatic)
9089-UOWJG,No,0,12,58.35,Month-to-month,DSL,No,No,Credit card (automatic)
8621-MNIHH,Yes,1,34,94.25,Month-to-month,Fiber optic,No,No,Electronic check
8039-ACLPL,No,0,72,68.75,Two year,DSL,No,Yes,Credit card (automatic)
9885-AIBVB,No,0,29,85.8,Month-to-month,Fiber optic,No,No,Electronic check
1934-MKPXS,No,0,33,20.1,One year,No,No internet service,No internet service,Credit card (automatic)
2592-YKDIF,No,0,1,20.35,Month-to-month,No,No internet service,No internet service,Mailed check
2272-JKMSI,No,0,62,110.8,One year,Fiber optic,Yes,No,Electronic check
0471-LVHGK,Yes,1,41,73.0,One year,DSL,No,No,Electronic check
9518-RWHZL,Yes,1,64,100.05,One year,Fiber optic,No,No,Credit card (automatic)
8714-CTZJW,No,0,4,82.85,Month-to-month,Fiber optic,No,No,Credit card (automatic)
3569-EDBPQ,No,0,24,84.35,Month-to-month,Fiber optic,Yes,Yes,Electronic check
3131-NWVFJ,No,0,14,19.55,One year,No,No internet service,No internet service,Mailed check
7521-YXVZY,No,0,3,19.95,Month-to-month,No,No internet service,No internet service,Mailed check
5419-CONWX,Yes,1,4,99.8,Month-to-month,Fiber optic,No,No,Credit card (automatic)
6240-EURKS,Yes,1,18,35.0,Month-to-month,DSL,No,No,Electronic check
2373-NTKOD,No,0,8,66.25,Month-to-month,DSL,No,No,Electronic check
1970-KKFWL,No,0,35,23.3,Two year,No,No internet service,No internet service,Bank transfer (automatic)
6960-HVYXR,Yes,1,1,76.0,Month-to-month,Fiber optic,No,No,Electronic check
9337-SRRNI,No,0,66,25.3,Two year,No,No internet service,No internet service,Credit card (automatic)
0895-UADGO,No,0,8,44.55,Two year,DSL,Yes,Yes,Mailed check
5678-VFNEQ,No,0,71,104.1,One year,Fiber optic,No,Yes,Credit card (automatic)
5977-CKHON,No,0,43,92.55,Month-to-month,Fiber optic,No,No,Bank transfer (automatic)
7024-OHCCK,Yes,1,2,93.85,Month-to-month,Fiber optic,No,No,Electronic check
2692-BUCFV,No,0,29,101.45,Month-to-month,Fiber optic,No,No,Bank transfer (automatic)
7861-UVUFT,Yes,1,15,84.3,Month-to-month,Fiber optic,No,No,Electronic check
1830-GGFNM,No,0,65,94.55,Two year,Fiber optic,Yes,Yes,Credit card (automatic)
5302-BDJNT,No,0,35,95.5,Month-to-month,Fiber optic,Yes,No,Electronic check
5223-UZAVK,No,0,64,100.3,One year,Fiber optic,No,Yes,Credit card (automatic)
4859-ZSRDZ,No,0,58,55.5,Two year,DSL,Yes,No,Credit card (automatic)
5651-WYIPH,No,0,18,49.85,Month-to-month,DSL,No,No,Credit card (automatic)
9350-VLHMB,No,0,67,89.55,Month-to-month,Fiber optic,No,No,Bank transfer (automatic)
3498-LZGQZ,No,0,63,19.15,Two year,No,No internet service,No internet service,Mailed check
8785-CJSHH,No,0,60,99.8,Month-to-month,Fiber optic,No,No,Electronic check
5357-TZHPP,Yes,1,9,84.4,Month-to-month,Fiber optic,No,No,Credit card (automatic)
3870-SPZSI,No,0,70,113.05,Two year,Fiber optic,Yes,Yes,Credit card (automatic)
0680-DFNNY,Yes,1,15,101.1,Month-to-month,Fiber optic,No,No,Electronic check
7560-QRBXH,No,0,48,19.95,One year,No,No internet service,No internet service,Mailed check
7077-XJMET,No,0,12,74.15,Month-to-month,DSL,Yes,No,Electronic check
8752-GHJFU,No,0,71,92.0,One year,Fiber optic,Yes,Yes,Electronic check
6896-SRVYQ,No,0,44,73.85,Month-to-month,Fiber optic,No,No,Electronic check
7767-UXAGJ,Yes,1,1,50.45,Month-to-month,DSL,No,No,Electronic check
4652-ODEVH,No,0,45,24.45,Two year,No,No internet service,No internet service,Mailed check
6510-UPNKS,No,0,23,24.8,One year,No,No internet service,No internet service,Credit card (automatic)
6718-BDGHG,No,0,43,64.85,One year,DSL,Yes,No,Bank transfer (automatic)
9046-DQMTP,No,0,35,20.75,Month-to-month,No,No internet service,No internet service,Bank transfer (automatic)
6439-LAJXL,No,0,9,68.95,Month-to-month,DSL,Yes,Yes,Mailed check
1571-SAVHK,Yes,1,12,99.95,Month-to-month,Fiber optic,Yes,No,Mailed check
9052-VKDUW,No,0,65,109.4,Month-to-month,Fiber optic,No,Yes,Credit card (automatic)
9546-CQJSU,Yes,1,2,91.4,Month-to-month,Fiber optic,No,No,Electronic check
1666-JZPZT,No,0,27,49.0,Month-to-month,DSL,No,No,Mailed check
5777-KJIRB,No,0,40,50.25,One year,DSL,No,No,Mailed check
0506-LVNGN,Yes,1,5,75.55,Month-to-month,Fiber optic,No,No,Credit card (automatic)
7677-SJJJK,No,0,8,19.9,One year,No,No internet service,No internet service,Credit card (automatic)
2480-EJWYP,No,0,58,97.8,One year,Fiber optic,No,No,Bank transfer (automatic)
3253-HKOKL,No,0,52,100.3,One year,Fiber optic,No,Yes,Electronic check
7055-HNEOJ,No,0,3,55.8,Month-to-month,DSL,Yes,No,Mailed check
5514-YQENT,No,0,41,111.15,Two year,Fiber optic,Yes,Yes,Electronic check
3211-AAPKX,No,0,20,98.55,Month-to-month,Fiber optic,Yes,No,Mailed check
8445-DNBAE,No,0,1,50.05,Month-to-month,DSL,No,No,Electronic check
2951-QOQTK,Yes,1,4,80.8,Month-to-month,Fiber optic,Yes,No,Credit card (automatic)
2958-NHPPS,No,0,23,20.85,Month-to-month,No,No internet service,No internet service,Electronic check
6806-YDEUL,No,0,6,19.5,Month-to-month,No,No internet service,No internet service,Bank transfer (automatic)
1735-XMJVH,No,0,8,19.35,Month-to-month,No,No internet service,No internet service,Mailed check
6890-PFRQX,No,0,18,69.5,Month-to-month,DSL,No,Yes,Mailed check
0222-CNVPT,No,0,52,48.8,Month-to-month,DSL,No,Yes,Credit card (automatic)
5899-OUVKV,No,0,31,94.5,Month-to-month,Fiber optic,No,No,Electronic check
8681-ICONS,No,0,29,20.65,Month-to-month,No,No internet service,No internet service,Mailed check
1621-YNCJH,No,0,36,106.05,Two year,Fiber optic,Yes,Yes,Credit card (automatic)
3473-XIIIT,Yes,1,16,100.0,Month-to-month,Fiber optic,No,No,Electronic check
6362-QHAFM,No,0,42,108.3,One year,Fiber optic,Yes,No,Electronic check
7893-IXHRQ,Yes,1,1,20.55,Month-to-month,No,No internet service,No internet service,Electronic check
3070-BDOQC,No,0,60,99.65,Two year,Fiber optic,No,No,Electronic check
2952-QAYZF,Yes,1,5,85.3,Month-to-month,Fiber optic,No,No,Electronic check
6234-PFPXL,No,0,22,95.9,Month-to-month,Fiber optic,Yes,Yes,Credit card (automatic)
9824-QCJPK,No,0,36,20.0,One year,No,No internet service,No internet service,Mailed check
4763-PGDPO,Yes,1,4,70.4,Month-to-month,Fiber optic,No,No,Electronic check
4283-IVYCI,No,0,9,64.95,Month-to-month,DSL,Yes,Yes,Mailed check
1866-OBPNR,No,0,1,74.6,Month-to-month,Fiber optic,No,No,Credit card (automatic)
8205-MQUGY,No,0,12,49.2,Month-to-month,DSL,No,Yes,Electronic check
8970-ANWXO,No,0,23,73.75,One year,DSL,Yes,No,Mailed check
9480-BQJEI,No,0,62,92.3,One year,Fiber optic,No,Yes,Bank transfer (automatic)
5394-SVGJV,Yes,1,37,98.8,Month-to-month,Fiber optic,Yes,No,Bank transfer (automatic)
6979-TNDEU,No,0,8,19.2,Month-to-month,No,No internet service,No internet service,Mailed check
9777-WJJPR,No,0,31,88.65,Month-to-month,Fiber optic,No,No,Credit card (automatic)
9283-LZQOH,Yes,1,13,74.4,Month-to-month,Fiber optic,No,No,Credit card (automatic)
7079-QRCBC,Yes,1,24,98.75,Month-to-month,Fiber optic,No,No,Electronic check
9495-SKLKD,No,0,45,95.95,Month-to-month,Fiber optic,No,No,Bank transfer (automatic)
6048-UWKAL,No,0,69,105.4,Two year,Fiber optic,Yes,No,Credit card (automatic)
5067-DGXLL,No,0,2,20.25,Month-to-month,No,No internet service,No internet service,Mailed check
5469-CTCWN,Yes,1,61,106.0,One year,Fiber optic,No,Yes,Electronic check
9851-QXEEQ,Yes,1,41,104.7,Month-to-month,Fiber optic,No,No,Electronic check
6281-FKEWS,No,0,44,49.05,One year,DSL,No,No,Electronic check
8898-KASCD,No,0,39,35.55,One year,DSL,Yes,No,Mailed check
9242-TKFSV,No,0,72,65.1,Two year,DSL,Yes,Yes,Credit card (automatic)
9290-SHCMB,No,0,13,96.85,Month-to-month,Fiber optic,No,No,Electronic check
0743-HNPFG,No,0,51,69.75,One year,DSL,Yes,Yes,Credit card (automatic)
2277-BKJKN,No,0,71,99.2,Two year,Fiber optic,No,No,Electronic check
9809-IMGCQ,Yes,1,22,96.7,Month-to-month,Fiber optic,No,No,Electronic check
5208-HFSBT,Yes,1,2,55.05,Month-to-month,DSL,Yes,No,Credit card (automatic)
5035-PGZXH,No,0,56,106.8,One year,Fiber optic,No,No,Electronic check
8695-WDYEA,No,0,1,51.25,Month-to-month,DSL,No,Yes,Mailed check
6543-JXSOO,No,0,23,57.75,One year,DSL,Yes,Yes,Mailed check
8016-ZMGMO,No,0,66,70.85,One year,DSL,No,No,Bank transfer (automatic)
8605-ITULD,No,0,1,19.55,Month-to-month,No,No internet service,No internet service,Mailed check
3254-YRILK,Yes,1,19,88.2,Month-to-month,Fiber optic,No,No,Electronic check
6416-YJTTB,No,0,11,79.5,Month-to-month,Fiber optic,No,Yes,Bank transfer (automatic)
2667-WYLWJ,Yes,1,8,19.75,One year,No,No internet service,No internet service,Mailed check
4472-VESGY,No,0,52,98.15,Month-to-month,Fiber optic,No,Yes,Bank transfer (automatic)
3195-TQDZX,No,0,3,20.25,Month-to-month,No,No internet service,No internet service,Electronic check
3128-YOVTD,No,0,51,79.15,Month-to-month,Fiber optic,No,Yes,Bank transfer (automatic)
0529-ONKER,Yes,1,15,75.65,Month-to-month,Fiber optic,No,No,Electronic check
1728-CXQBE,No,0,64,94.25,Month-to-month,Fiber optic,No,No,Electronic check
7041-TXQJH,No,0,37,40.2,Month-to-month,DSL,No,No,Credit card (automatic)
5014-GSOUQ,No,0,13,19.95,Two year,No,No internet service,No internet service,Mailed check
5724-BIDBU,No,0,49,55.35,One year,DSL,No,Yes,Electronic check
0481-SUMCB,No,0,45,102.15,One year,Fiber optic,No,No,Bank transfer (automatic)
1769-GRUIK,No,0,18,71.1,Month-to-month,Fiber optic,No,No,Electronic check
5240-IJOQT,Yes,1,1,74.7,Month-to-month,Fiber optic,No,No,Electronic check
8819-WFGGJ,No,0,68,54.1,Two year,DSL,No,Yes,Bank transfer (automatic)
7427-AUFPY,No,0,54,19.65,Two year,No,No internet service,No internet service,Credit card (automatic)
2811-POVEX,No,0,23,88.45,Month-to-month,Fiber optic,No,No,Bank transfer (automatic)
1092-GANHU,Yes,1,17,76.65,Month-to-month,Fiber optic,No,No,Electronic check
7898-PDWQE,No,0,71,80.4,Two year,DSL,Yes,Yes,Credit card (automatic)
9972-EWRJS,No,0,67,19.25,Two year,No,No internet service,No internet service,Bank transfer (automatic)
9314-IJWSQ,No,0,14,84.8,Month-to-month,Fiber optic,No,No,Electronic check
0661-XEYAN,Yes,1,1,25.8,Month-to-month,DSL,No,No,Mailed check
5799-JRCZO,No,0,63,19.5,Two year,No,No internet service,No internet service,Credit card (automatic)
1921-KYSAY,No,0,41,68.6,One year,DSL,Yes,No,Electronic check
6198-RTPMF,No,0,17,92.6,Month-to-month,Fiber optic,No,No,Electronic check
2924-KHUVI,No,0,56,100.55,One year,Fiber optic,No,Yes,Electronic check
1925-GMVBW,No,0,5,20.55,Month-to-month,No,No internet service,No internet service,Credit card (automatic)
7881-EVUAD,Yes,1,2,42.6,Month-to-month,DSL,No,Yes,Electronic check
6184-DYUOB,No,0,3,19.6,Month-to-month,No,No internet service,No internet service,Mailed check
9207-ZPANB,No,0,37,67.45,One year,DSL,Yes,Yes,Electronic check
5766-XQXMQ,Yes,1,29,68.85,Month-to-month,DSL,No,Yes,Bank transfer (automatic)
9327-QSDED,No,0,8,43.55,Month-to-month,DSL,No,No,Mailed check
1656-DRSMG,No,0,63,109.85,Month-to-month,Fiber optic,Yes,No,Credit card (automatic)
3012-VFFMN,No,0,7,20.65,Month-to-month,No,No internet service,No internet service,Mailed check
2984-AFWNC,No,0,3,95.4,Month-to-month,Fiber optic,No,No,Electronic check
0640-YJTPY,No,0,72,21.0,Two year,No,No internet service,No internet service,Bank transfer (automatic)
8096-LOIST,No,0,19,56.2,Month-to-month,DSL,No,No,Electronic check
9764-REAFF,No,0,59,18.4,Two year,No,No internet service,No internet service,Bank transfer (automatic)
3703-VAVCL,Yes,1,2,90.0,Month-to-month,Fiber optic,Yes,No,Credit card (automatic)
7107-UBYKY,No,0,35,25.75,Month-to-month,No,No internet service,No internet service,Electronic check
4881-GQJTW,No,0,14,19.6,Month-to-month,No,No internet service,No internet service,Credit card (automatic)
8519-QJGJD,Yes,1,14,75.35,Month-to-month,Fiber optic,No,No,Electronic check
7876-DNYAP,No,0,69,19.8,Two year,No,No internet service,No internet service,Credit card (automatic)
7905-NJMXS,No,0,7,64.2,Month-to-month,DSL,Yes,Yes,Electronic check
2882-WDTBA,No,0,69,75.75,Two year,DSL,Yes,Yes,Bank transfer (automatic)
2091-GPPIQ,No,0,72,78.95,Two year,DSL,Yes,No,Electronic check
6326-MTTXK,Yes,1,8,100.85,Month-to-month,Fiber optic,No,No,Electronic check
5071-FBJFS,No,0,4,50.3,Month-to-month,DSL,No,Yes,Electronic check
2796-UUZZO,No,0,63,80.3,Month-to-month,Fiber optic,No,No,Credit card (automatic)
2429-AYKKO,No,0,72,19.85,Two year,No,No internet service,No internet service,Bank transfer (automatic)
9798-OPFEM,No,0,46,21.1,Two year,No,No internet service,No internet service,Electronic check
0330-IVZHA,Yes,1,5,69.95,Month-to-month,Fiber optic,No,No,Electronic check
3794-NFNCH,No,0,30,50.0,Month-to-month,DSL,No,No,Mailed check
5193-QLVZB,No,0,63,104.75,Two year,Fiber optic,No,No,Bank transfer (automatic)
7114-AEOZE,No,0,60,19.85,Two year,No,No internet service,No internet service,Bank transfer (automatic)
2886-KEFUM,Yes,1,63,107.5,One year,Fiber optic,No,No,Electronic check
5522-NYKPB,No,0,25,85.9,Month-to-month,Fiber optic,Yes,No,Electronic check
4237-RLAQD,Yes,1,1,45.85,Month-to-month,DSL,No,No,Mailed check
9957-YODKZ,No,0,6,80.8,Month-to-month,Fiber optic,No,No,Electronic check
6518-KZXCB,No,0,22,25.25,Two year,No,No internet service,No internet service,Mailed check
2245-ADZFJ,No,0,31,80.55,Two year,DSL,Yes,No,Bank transfer (automatic)
7776-QGYJC,No,0,39,81.5,Month-to-month,Fiber optic,Yes,No,Bank transfer (automatic)
9313-QOLTZ,No,0,26,20.9,Month-to-month,No,No internet service,No internet service,Mailed check
9651-GTSAQ,Yes,1,53,106.1,One year,Fiber optic,No,Yes,Bank transfer (automatic)
3186-BAXNB,Yes,1,1,91.7,Month-to-month,Fiber optic,Yes,No,Electronic check
4672-FOTSD,No,0,12,67.25,Month-to-month,DSL,Yes,Yes,Electronic check
0637-YLETY,Yes,1,16,95.6,Month-to-month,Fiber optic,No,No,Credit card (automatic)
9818-XQCUV,No,0,2,20.35,Month-to-month,No,No internet service,No internet service,Mailed check
7338-ERIVA,No,0,39,45.05,One year,DSL,Yes,Yes,Bank transfer (automatic)
1157-BQCUW,Yes,1,1,74.95,Month-to-month,Fiber optic,No,No,Electronic check
8259-NFJTV,No,0,7,34.65,Month-to-month,DSL,Yes,Yes,Mailed check
3223-DWFIO,No,0,4,69.35,Month-to-month,Fiber optic,No,No,Electronic check
2660-EMUBI,Yes,1,10,95.35,Month-to-month,Fiber optic,No,No,Electronic check
6968-GMKPR,No,0,55,81.55,Month-to-month,Fiber optic,No,No,Electronic check
4751-ERMAN,No,0,72,75.4,Two year,DSL,No,No,Bank transfer (automatic)
1436-ZMJAN,No,0,10,67.8,Month-to-month,DSL,No,No,Credit card (automatic)
3292-PBZEJ,No,0,11,111.4,Month-to-month,Fiber optic,Yes,No,Electronic check
0799-DDIHE,No,0,15,46.3,Month-to-month,DSL,No,No,Electronic check
3070-FNFZQ,No,0,23,20.4,Two year,No,No internet service,No internet service,Bank transfer (automatic)
2812-SFXMJ,No,0,1,20.05,Month-to-month,No,No internet service,No internet service,Mailed check
7675-OZCZG,Yes,1,3,45.0,Month-to-month,DSL,No,No,Electronic check
5014-WUQMG,No,0,47,96.1,One year,Fiber optic,No,Yes,Electronic check
5312-TSZVC,No,0,15,19.65,One year,No,No internet service,No internet service,Mailed check
2003-CKLOR,Yes,1,66,99.5,Month-to-month,Fiber optic,No,No,Electronic check
0993-OSGPT,No,0,68,60.65,One year,DSL,Yes,No,Bank transfer (automatic)
9254-RBFON,Yes,1,17,98.6,One year,Fiber optic,Yes,No,Bank transfer (automatic)
1205-WNWPJ,Yes,1,7,59.5,Month-to-month,DSL,Yes,No,Mailed check
9391-EOYLI,Yes,1,12,80.45,Month-to-month,Fiber optic,No,No,Electronic check
7108-DGVUU,No,0,21,71.7,One year,DSL,No,No,Bank transfer (automatic)
2782-JEEBU,No,0,21,36.0,Month-to-month,DSL,Yes,No,Mailed check
5127-BZENZ,No,0,56,65.2,One year,DSL,No,Yes,Bank transfer (automatic)
2720-FVBQP,No,0,6,48.95,Month-to-month,DSL,No,No,Credit card (automatic)
9906-NHHVC,No,0,65,53.5,Two year,DSL,No,No,Bank transfer (automatic)
4522-XRWWI,No,0,42,80.45,One year,DSL,Yes,Yes,Credit card (automatic)
3766-EJLFL,No,0,68,109.05,Two year,Fiber optic,Yes,Yes,Bank transfer (automatic)
5939-SXWHM,No,0,48,26.3,Two year,No,No internet service,No internet service,Bank transfer (automatic)
8152-UOBNY,No,0,50,106.8,One year,Fiber optic,Yes,No,Electronic check
7351-KYHQH,No,0,7,64.95,Month-to-month,DSL,No,No,Electronic check
7643-RCHXS,No,0,63,19.35,Two year,No,No internet service,No internet service,Electronic check
8246-SHFGA,No,0,17,21.1,Month-to-month,No,No internet service,No internet service,Credit card (automatic)
8387-MOJJT,Yes,1,42,77.95,Month-to-month,Fiber optic,No,No,Credit card (automatic)
0620-XEFWH,No,0,4,18.85,Month-to-month,No,No internet service,No internet service,Mailed check
6485-QXWWE,No,0,62,26.0,Two year,No,No internet service,No internet service,Bank transfer (automatic)
2761-OCIAX,Yes,1,2,74.7,Month-to-month,Fiber optic,No,No,Electronic check
7321-VGNKU,No,0,2,70.35,Month-to-month,Fiber optic,No,No,Electronic check
5327-CNLUQ,No,0,48,96.9,Two year,Fiber optic,No,Yes,Bank transfer (automatic)
7552-KEYGT,No,0,27,19.55,Two year,No,No internet service,No internet service,Bank transfer (automatic)
5816-JMLGY,No,0,70,80.4,Two year,DSL,Yes,No,Bank transfer (automatic)
3068-OMWZA,Yes,1,1,88.8,Month-to-month,Fiber optic,No,No,Electronic check
2927-QRRQV,No,0,46,94.65,One year,Fiber optic,No,No,Electronic check
6032-KRXXO,Yes,1,30,90.25,Month-to-month,Fiber optic,No,No,Electronic check
7459-RRWQZ,Yes,1,15,64.65,Month-to-month,DSL,No,Yes,Bank transfer (automatic)
6265-SXWBU,No,0,69,95.75,One year,Fiber optic,No,No,Credit card (automatic)
7941-RCJOW,No,0,65,19.55,Two year,No,No internet service,No internet service,Credit card (automatic)
6374-NTQLP,No,0,72,104.1,Two year,Fiber optic,Yes,Yes,Credit card (automatic)
4154-AQUGT,Yes,1,13,89.05,Month-to-month,Fiber optic,Yes,No,Bank transfer (automatic)
2387-KDZQY,No,0,17,20.1,One year,No,No internet service,No internet service,Mailed check
3584-WKTTW,No,0,51,111.55,One year,Fiber optic,Yes,Yes,Electronic check
3399-BMLVW,No,0,51,60.5,Two year,DSL,Yes,Yes,Credit card (automatic)
1971-DTCZB,No,0,72,90.95,Two year,DSL,Yes,Yes,Bank transfer (automatic)
3092-IGHWF,Yes,1,67,87.4,One year,Fiber optic,No,No,Electronic check
3374-PZLXD,No,0,34,19.7,Month-to-month,No,No internet service,No internet service,Mailed check
3813-DHBBB,No,0,67,50.95,Two year,DSL,Yes,Yes,Bank transfer (automatic)
2812-REYAT,No,0,49,20.05,One year,No,No internet service,No internet service,Bank transfer (automatic)
6518-PPLMZ,No,0,53,19.4,Two year,No,No internet service,No internet service,Mailed check
4939-KYYPY,No,0,27,59.45,Month-to-month,DSL,Yes,No,Electronic check
8017-LXHFA,Yes,1,23,94.75,Month-to-month,Fiber optic,No,No,Electronic check
5930-GBIWP,No,0,69,81.5,Two year,DSL,Yes,Yes,Credit card (automatic)
6022-KOUQO,No,0,2,29.05,Month-to-month,DSL,Yes,No,Bank transfer (automatic)
6352-TWCAU,Yes,1,35,86.45,Month-to-month,Fiber optic,No,No,Electronic check
2361-UPSND,No,0,46,70.6,One year,DSL,Yes,Yes,Mailed check
6035-RIIOM,No,0,54,97.2,Two year,Fiber optic,No,No,Bank transfer (automatic)
2929-QNSRW,Yes,1,56,98.25,One year,Fiber optic,No,No,Electronic check
1262-OPMFY,Yes,1,9,75.75,Month-to-month,Fiber optic,No,No,Bank transfer (automatic)
9504-DSHWM,No,0,20,59.2,Month-to-month,DSL,Yes,Yes,Bank transfer (automatic)
5035-BVCXS,No,0,11,75.9,Month-to-month,Fiber optic,No,No,Mailed check
6267-DCFFZ,No,0,30,90.05,Month-to-month,Fiber optic,No,No,Electronic check
3533-UVMOM,No,0,68,70.95,Two year,DSL,No,Yes,Bank transfer (automatic)
2439-LYPMQ,No,0,38,102.6,Month-to-month,Fiber optic,No,No,Electronic check
4248-QPAVC,Yes,1,17,85.35,Month-to-month,Fiber optic,No,Yes,Bank transfer (automatic)
1899-VXWXM,Yes,1,48,106.1,One year,Fiber optic,No,No,Credit card (automatic)
1478-VPOAD,No,0,1,43.8,Month-to-month,DSL,No,No,Electronic check
9995-HOTOH,No,0,63,59.0,Two year,DSL,No,Yes,Electronic check
2988-PLAHS,No,0,3,69.95,One year,DSL,No,No,Electronic check
1371-OJCEK,No,0,48,24.35,One year,No,No internet service,No internet service,Bank transfer (automatic)
4999-IEZLT,No,0,66,29.45,One year,DSL,Yes,No,Credit card (automatic)
8883-ANODQ,No,0,68,84.4,Two year,Fiber optic,No,No,Credit card (automatic)
4690-LLKUA,Yes,1,17,45.05,Month-to-month,DSL,No,No,Electronic check
2351-RRBUE,No,0,7,20.65,One year,No,No internet service,No internet service,Mailed check
5980-BDHPY,No,0,72,87.1,Two year,DSL,Yes,Yes,Bank transfer (automatic)
1498-DQNRX,No,0,29,19.85,Month-to-month,No,No internet service,No internet service,Mailed check
9469-WEJBT,No,0,37,90.35,Month-to-month,Fiber optic,Yes,No,Electronic check
3331-HQDTW,Yes,1,34,109.8,Month-to-month,Fiber optic,No,Yes,Mailed check
9490-DFPMD,Yes,1,42,84.65,Month-to-month,Fiber optic,No,No,Electronic check
2581-VKIRT,No,0,59,65.5,One year,DSL,Yes,Yes,Mailed check
5442-XSDCW,Yes,1,11,79.5,Month-to-month,Fiber optic,No,No,Bank transfer (automatic)
7426-WEIJX,No,0,60,80.95,Month-to-month,Fiber optic,No,Yes,Electronic check
2851-MMUTZ,No,0,27,56.15,Month-to-month,DSL,Yes,No,Mailed check
3049-NDXFL,Yes,1,1,85.8,Month-to-month,Fiber optic,No,No,Mailed check
8580-AECUZ,Yes,1,1,79.1,Month-to-month,Fiber optic,No,No,Electronic check
3307-TLCUD,No,0,17,34.4,Month-to-month,DSL,No,Yes,Mailed check
6625-FLENO,No,0,58,20.75,Two year,No,No internet service,No internet service,Mailed check
2967-MXRAV,No,0,1,18.8,One year,No,No internet service,No internet service,Mailed check
7963-GQRMY,Yes,1,3,44.3,Month-to-month,DSL,No,No,Mailed check
8189-HBVRW,No,0,53,90.8,Month-to-month,Fiber optic,No,Yes,Electronic check
4163-KIUHY,No,0,35,25.6,Month-to-month,No,No internet service,No internet service,Electronic check
1228-FZFRV,Yes,1,50,105.95,Month-to-month,Fiber optic,No,Yes,Credit card (automatic)
3500-NSDOA,No,0,68,70.8,Two year,DSL,Yes,No,Credit card (automatic)
1171-TYKUR,No,0,47,25.4,Month-to-month,No,No internet service,No internet service,Electronic check
3761-FLYZI,No,0,65,108.8,Month-to-month,Fiber optic,No,No,Bank transfer (automatic)
2058-DCJBE,Yes,1,5,69.75,Month-to-month,Fiber optic,No,No,Electronic check
5364-XYIRR,Yes,1,51,94.65,Month-to-month,Fiber optic,No,No,Electronic check
4829-AUOAX,Yes,1,46,96.05,Month-to-month,Fiber optic,No,No,Bank transfer (automatic)
1219-NNDDO,No,0,9,76.85,Month-to-month,Fiber optic,No,No,Electronic check
8388-DMKAE,No,0,8,20.25,Two year,No,No internet service,No internet service,Mailed check
4403-BWPAY,No,0,14,24.8,One year,No,No internet service,No internet service,Credit card (automatic)
9659-QEQSY,No,0,45,115.65,Month-to-month,Fiber optic,Yes,Yes,Electronic check
5405-ZMYXQ,No,0,8,74.6,Month-to-month,Fiber optic,No,No,Credit card (automatic)
5047-LHVLY,Yes,1,1,50.15,Month-to-month,DSL,No,No,Mailed check
1442-OKRJE,No,0,66,103.15,One year,Fiber optic,No,Yes,Bank transfer (automatic)
4737-AQCPU,No,0,72,72.1,Two year,DSL,Yes,Yes,Credit card (automatic)
9158-VCTQB,Yes,1,41,113.6,Month-to-month,Fiber optic,Yes,Yes,Bank transfer (automatic)
2808-CHTDM,No,0,23,25.1,Two year,No,No internet service,No internet service,Mailed check
6311-UEUME,Yes,1,29,78.9,Month-to-month,Fiber optic,No,No,Electronic check
0793-TWELN,No,0,4,80.15,Month-to-month,Fiber optic,No,Yes,Electronic check
3283-WCWXT,No,0,6,25.4,Two year,No,No internet service,No internet service,Mailed check
1060-ENTOF,No,0,67,105.4,One year,Fiber optic,Yes,Yes,Credit card (automatic)
0999-QXNSA,No,0,7,45.75,Month-to-month,DSL,No,No,Mailed check
5451-MHQOF,No,0,56,24.45,One year,No,No internet service,No internet service,Mailed check
4836-WNFNO,No,0,72,25.0,Two year,No,No internet service,No internet service,Credit card (automatic)
9225-BZLNZ,No,0,72,85.25,Two year,DSL,No,Yes,Electronic check
0354-VXMJC,No,0,23,19.6,Two year,No,No internet service,No internet service,Credit card (automatic)
4422-QVIJA,No,0,35,50.15,Month-to-month,DSL,No,No,Mailed check
9365-SRSZE,No,0,27,70.55,Month-to-month,Fiber optic,No,No,Electronic check
6839-ITVZJ,Yes,1,26,60.05,Month-to-month,DSL,Yes,No,Electronic check
8332-OSJDW,No,0,12,26.4,One year,No,No internet service,No internet service,Mailed check
4735-BJKOU,No,0,40,20.15,Two year,No,No internet service,No internet service,Mailed check
0274-JKUJR,No,0,7,58.85,Month-to-month,DSL,No,Yes,Mailed check
5740-YHGTW,No,0,70,97.55,Month-to-month,Fiber optic,No,Yes,Credit card (automatic)
8917-SZTTJ,No,0,60,19.65,Two year,No,No internet service,No internet service,Credit card (automatic)
1696-MZVAU,No,0,39,25.25,One year,DSL,No,No,Credit card (automatic)
7359-WWYJV,No,0,72,114.45,Two year,Fiber optic,Yes,Yes,Credit card (automatic)
0375-HVGXO,Yes,1,1,34.7,Month-to-month,DSL,No,No,Electronic check
4906-ZHGPK,No,0,54,70.7,One year,DSL,Yes,No,Electronic check
8593-WHYHV,Yes,1,3,85.3,Month-to-month,Fiber optic,No,No,Electronic check
3795-GWTRD,No,0,63,75.55,Two year,DSL,Yes,Yes,Credit card (automatic)
1298-PHBTI,No,0,71,84.8,Two year,Fiber optic,Yes,No,Electronic check
6223-DHJGV,No,0,42,20.65,One year,No,No internet service,No internet service,Mailed check
6961-MJKBO,No,0,47,20.45,Two year,No,No internet service,No internet service,Bank transfer (automatic)
6097-EQISJ,Yes,1,66,102.45,One year,Fiber optic,No,No,Credit card (automatic)
4423-YLHDV,Yes,1,21,104.4,Month-to-month,Fiber optic,No,Yes,Bank transfer (automatic)
8158-WPEZG,No,0,11,35.65,Month-to-month,DSL,Yes,No,Electronic check
0107-YHINA,Yes,1,1,99.75,Month-to-month,Fiber optic,No,No,Electronic check
4918-FYJNT,No,0,55,90.45,Month-to-month,Fiber optic,Yes,No,Electronic check
0727-BNRLG,No,0,69,97.65,Two year,Fiber optic,Yes,No,Credit card (automatic)
4854-CIDCF,No,0,3,73.85,Month-to-month,Fiber optic,No,No,Electronic check
8640-SDGKB,Yes,1,4,74.4,Month-to-month,DSL,Yes,No,Electronic check
3280-MRDOF,No,0,30,69.1,Two year,DSL,Yes,No,Credit card (automatic)
6435-SRWBJ,No,0,5,82.75,Month-to-month,Fiber optic,Yes,No,Electronic check
9964-WBQDJ,No,0,71,24.4,Two year,No,No internet service,No internet service,Credit card (automatic)
6303-KFWSL,No,0,29,55.25,One year,DSL,No,No,Electronic check
1702-CCFNJ,No,0,52,61.35,Month-to-month,DSL,Yes,No,Bank transfer (automatic)
8932-CZHRQ,No,0,68,76.75,One year,DSL,No,Yes,Credit card (automatic)
0386-CWRGM,No,0,46,19.4,Two year,No,No internet service,No internet service,Mailed check
5515-RUGKN,No,0,8,54.75,Month-to-month,DSL,No,No,Credit card (automatic)
0404-AHASP,No,0,72,19.7,Two year,No,No internet service,No internet service,Credit card (automatic)
7279-NMVJC,No,0,17,19.9,One year,No,No internet service,No internet service,Bank transfer (automatic)
2081-VEYEH,No,0,3,107.95,Month-to-month,Fiber optic,Yes,No,Electronic check
6407-UTSLV,No,0,2,83.8,Month-to-month,Fiber optic,No,No,Bank transfer (automatic)
4116-TZAQJ,Yes,1,9,74.25,Month-to-month,Fiber optic,No,Yes,Credit card (automatic)
9060-HJJRW,No,0,51,56.4,One year,DSL,No,No,Credit card (automatic)
2587-YNLES,No,0,6,20.1,Two year,No,No internet service,No internet service,Mailed check
7398-SKNQZ,No,0,3,94.9,Month-to-month,Fiber optic,No,No,Electronic check
5935-FCCNB,No,0,17,94.2,Month-to-month,Fiber optic,No,No,Electronic check
1958-RNRKS,No,0,30,49.9,Month-to-month,DSL,No,No,Electronic check
5136-RGMZO,No,0,31,71.05,Month-to-month,DSL,Yes,No,Electronic check
8345-MVDYC,No,0,45,81.65,Two year,DSL,Yes,Yes,Bank transfer (automatic)
8226-BXGES,No,0,64,89.45,One year,Fiber optic,No,Yes,Bank transfer (automatic)
3877-JRJIP,Yes,1,1,59.85,Month-to-month,DSL,No,No,Electronic check
8375-DKEBR,Yes,1,1,69.6,Month-to-month,Fiber optic,No,No,Electronic check
9705-IOVQQ,No,0,61,99.0,One year,Fiber optic,No,No,Electronic check
1015-OWJKI,No,0,1,19.05,Month-to-month,No,No internet service,No internet service,Mailed check
7511-YMXVQ,Yes,1,9,45.4,Month-to-month,DSL,No,No,Electronic check
2040-XBAVJ,No,0,72,114.45,Two year,Fiber optic,Yes,Yes,Bank transfer (automatic)
7551-JOHTI,Yes,1,1,19.5,Month-to-month,No,No internet service,No internet service,Mailed check
8887-IPQNC,No,0,7,44.25,Month-to-month,DSL,No,No,Mailed check
8646-JCOMS,No,0,66,90.55,One year,Fiber optic,Yes,No,Bank transfer (automatic)
9804-ICWBG,Yes,1,1,69.9,Month-to-month,Fiber optic,No,No,Electronic check
1222-KJNZD,No,0,40,20.4,Month-to-month,No,No internet service,No internet service,Bank transfer (automatic)
0106-GHRQR,No,0,16,71.4,Month-to-month,DSL,No,No,Bank transfer (automatic)
5318-IXUZF,Yes,1,2,87.15,Month-to-month,Fiber optic,No,No,Bank transfer (automatic)
3768-VHXQO,No,0,67,24.85,Two year,No,No internet service,No internet service,Credit card (automatic)
8952-WCVCD,No,0,41,104.45,One year,Fiber optic,No,Yes,Bank transfer (automatic)
2418-TPEUN,No,0,56,19.8,Two year,No,No internet service,No internet service,Credit card (automatic)
3963-RYFNS,No,0,72,116.45,Two year,Fiber optic,Yes,Yes,Bank transfer (automatic)
3198-VELRD,Yes,1,3,84.75,Month-to-month,Fiber optic,No,No,Bank transfer (automatic)
8540-ZQGEA,No,0,54,20.05,Two year,No,No internet service,No internet service,Credit card (automatic)
1320-REHCS,No,0,52,110.75,Month-to-month,Fiber optic,Yes,No,Electronic check
4137-JOPHL,No,0,50,89.7,Two year,Fiber optic,Yes,No,Bank transfer (automatic)
9436-ZBZCT,Yes,1,14,89.95,Month-to-month,Fiber optic,Yes,No,Electronic check
7801-CEDNV,No,0,27,48.7,One year,DSL,No,Yes,Credit card (automatic)
2057-BOYKM,No,0,72,96.6,Two year,Fiber optic,Yes,Yes,Bank transfer (automatic)
3658-QQJYD,No,0,62,74.3,One year,DSL,No,Yes,Credit card (automatic)
1803-BGNBD,No,0,12,54.3,Month-to-month,DSL,Yes,No,Electronic check
0134-XWXCE,No,0,44,74.85,One year,DSL,Yes,No,Bank transfer (automatic)
6950-TWMYB,No,0,54,79.95,Two year,Fiber optic,Yes,No,Bank transfer (automatic)
5848-FHRFC,No,0,68,20.05,Two year,No,No internet service,No internet service,Bank transfer (automatic)
2243-FNMMI,No,0,20,19.4,Month-to-month,No,No internet service,No internet service,Mailed check
2511-MORQY,No,0,50,54.9,One year,DSL,No,No,Bank transfer (automatic)
5356-KZCKT,No,0,58,24.45,Two year,No,No internet service,No internet service,Credit card (automatic)
9470-XCCEM,No,0,35,89.65,Month-to-month,Fiber optic,No,No,Bank transfer (automatic)
6519-CFDBX,No,0,2,45.4,Month-to-month,DSL,No,No,Electronic check
3902-MIVLE,No,0,63,75.7,Two year,DSL,Yes,Yes,Mailed check
0409-WTMPL,No,0,58,110.65,One year,Fiber optic,No,Yes,Credit card (automatic)
8763-KIAFH,No,0,27,20.55,One year,No,No internet service,No internet service,Mailed check
3669-WHAFY,No,0,71,115.15,Two year,Fiber optic,Yes,Yes,Credit card (automatic)
3055-VTCGS,No,0,63,58.55,One year,DSL,No,No,Credit card (automatic)
3144-KMTWZ,No,0,71,93.25,Month-to-month,Fiber optic,No,No,Bank transfer (automatic)
7279-BUYWN,Yes,1,41,113.2,Month-to-month,Fiber optic,No,Yes,Electronic check
7156-MHUGY,Yes,1,13,90.5,Month-to-month,Fiber optic,No,No,Electronic check
7198-GLXTC,Yes,1,2,79.0,Month-to-month,Fiber optic,No,No,Electronic check
2007-QVGAW,No,0,68,19.35,Two year,No,No internet service,No internet service,Bank transfer (automatic)
5207-PLSTK,No,0,1,48.75,Month-to-month,DSL,No,Yes,Mailed check
2307-FYNNL,No,0,65,109.05,Two year,Fiber optic,Yes,Yes,Electronic check
5605-XNWEN,No,0,72,25.0,Two year,No,No internet service,No internet service,Bank transfer (automatic)
2155-AMQRX,No,0,28,54.9,Month-to-month,DSL,Yes,No,Credit card (automatic)
6181-AXXYF,No,0,72,24.75,Two year,No,No internet service,No internet service,Credit card (automatic)
5091-HFAZW,No,0,2,91.15,Month-to-month,Fiber optic,No,Yes,Electronic check
0516-VRYBW,Yes,1,18,20.15,One year,No,No internet service,No internet service,Bank transfer (automatic)
2519-LBNQL,No,0,60,104.35,One year,Fiber optic,No,No,Electronic check
8623-ULFNQ,No,0,26,66.05,Month-to-month,DSL,Yes,No,Electronic check
8380-PEFPE,Yes,1,1,71.65,Month-to-month,Fiber optic,No,No,Electronic check
5687-DKDTV,Yes,1,4,20.35,Month-to-month,No,No internet service,No internet service,Mailed check
1568-LJSZU,No,0,68,92.2,Two year,DSL,Yes,Yes,Credit card (automatic)
7530-HDYDS,Yes,1,38,84.25,Month-to-month,Fiber optic,Yes,No,Credit card (automatic)
7789-HKSBS,No,0,42,105.2,One year,Fiber optic,No,Yes,Bank transfer (automatic)
7416-CKTEP,No,0,57,19.6,Two year,No,No internet service,No internet service,Bank transfer (automatic)
2586-CWXVV,No,0,54,30.4,Month-to-month,DSL,No,No,Electronic check
3096-IZETN,Yes,1,12,78.1,Month-to-month,Fiber optic,No,No,Bank transfer (automatic)
2348-KCJLT,No,0,44,61.5,One year,DSL,No,Yes,Mailed check
8401-EMUWF,No,0,42,69.4,Month-to-month,DSL,No,Yes,Bank transfer (automatic)
4193-IBKSW,No,0,72,24.75,Two year,No,No internet service,No internet service,Bank transfer (automatic)
5377-NDTOU,No,0,71,91.05,Two year,DSL,Yes,Yes,Mailed check
5922-ABDVO,Yes,1,19,89.65,Month-to-month,Fiber optic,No,No,Mailed check
2474-LCNUE,No,0,23,73.65,Month-to-month,DSL,Yes,No,Credit card (automatic)
0839-QNXME,No,0,30,19.4,Two year,No,No internet service,No internet service,Credit card (automatic)
3506-OVLKD,No,0,35,26.2,One year,No,No internet service,No internet service,Bank transfer (automatic)
9172-ANCRX,Yes,1,10,98.7,Month-to-month,Fiber optic,No,Yes,Electronic check
6650-VJONK,No,0,1,43.85,Month-to-month,DSL,No,No,Bank transfer (automatic)
2178-PMGCJ,No,0,22,69.7,Month-to-month,Fiber optic,No,No,Mailed check
7492-TAFJD,No,0,7,38.55,Two year,DSL,No,Yes,Mailed check
2773-MADBQ,No,0,36,53.1,Two year,DSL,Yes,Yes,Mailed check
6016-LVTJQ,No,0,34,20.65,Month-to-month,No,No internet service,No internet service,Mailed check
7860-KSUGX,No,0,72,64.45,Two year,DSL,No,Yes,Credit card (automatic)
8966-KZXXA,No,0,36,25.1,Two year,No,No internet service,No internet service,Credit card (automatic)
6910-HADCM,Yes,1,1,76.35,Month-to-month,Fiber optic,No,No,Electronic check
4816-LXZYW,Yes,1,23,79.15,Month-to-month,Fiber optic,No,No,Electronic check
9606-PBKBQ,Yes,1,32,85.0,Month-to-month,Fiber optic,No,No,Electronic check
5149-QYTTU,No,0,71,95.15,One year,Fiber optic,Yes,Yes,Credit card (automatic)
2070-XYMFH,No,0,23,79.35,Month-to-month,Fiber optic,No,No,Mailed check
2085-BOJKI,No,0,17,96.65,One year,Fiber optic,No,No,Bank transfer (automatic)
0817-HSUSE,No,0,1,75.5,Month-to-month,DSL,Yes,No,Electronic check
5442-PPTJY,No,0,12,19.7,Two year,No,No internet service,No internet service,Mailed check
1927-QEWMY,No,0,72,20.5,Two year,No,No internet service,No internet service,Credit card (automatic)
1663-MHLHE,No,0,1,19.2,Month-to-month,No,No internet service,No internet service,Mailed check
5663-QBGIS,No,0,72,98.35,Two year,Fiber optic,No,No,Bank transfer (automatic)
4450-MDZFX,No,0,60,74.35,Month-to-month,Fiber optic,No,No,Bank transfer (automatic)
6701-DHKWQ,No,0,61,51.35,Two year,DSL,Yes,No,Credit card (automatic)
7554-AKDQF,No,0,6,45.65,Month-to-month,DSL,No,No,Mailed check
3536-IQCTX,Yes,1,32,85.3,Month-to-month,Fiber optic,No,No,Electronic check
4911-BANWH,Yes,1,31,86.55,Month-to-month,Fiber optic,No,No,Credit card (automatic)
8496-EJAUI,Yes,1,19,73.85,Month-to-month,Fiber optic,No,No,Credit card (automatic)
0794-YVSGE,No,0,72,20.3,Two year,No,No internet service,No internet service,Bank transfer (automatic)
5423-BHIXO,No,0,32,54.2,Month-to-month,DSL,No,No,Electronic check
6908-VVYHM,No,0,65,90.65,Month-to-month,Fiber optic,No,No,Electronic check
2959-EEXWB,No,0,45,50.9,Month-to-month,DSL,No,Yes,Bank transfer (automatic)
1839-UMACK,No,0,42,25.05,One year,No,No internet service,No internet service,Electronic check
3030-YDNRM,No,0,8,74.85,Month-to-month,Fiber optic,No,No,Electronic check
7321-KKSDU,No,0,32,20.5,Two year,No,No internet service,No internet service,Mailed check
3402-XRIUO,No,0,22,63.55,Month-to-month,DSL,Yes,Yes,Mailed check
3132-TVFDZ,Yes,1,57,44.85,Month-to-month,DSL,No,No,Electronic check
8286-AFUYI,No,0,1,47.95,Month-to-month,DSL,No,Yes,Electronic check
8080-DDEMJ,Yes,1,1,45.1,Month-to-month,DSL,No,No,Electronic check
8356-WUAOJ,No,0,1,45.0,Month-to-month,DSL,No,No,Electronic check
6365-MTGZX,Yes,1,24,96.0,Month-to-month,Fiber optic,Yes,No,Electronic check
1349-WXNGG,Yes,1,1,20.05,Month-to-month,No,No internet service,No internet service,Bank transfer (automatic)
8058-DMYRU,No,0,54,90.05,Month-to-month,Fiber optic,No,No,Electronic check
9350-ZXYJC,No,0,4,25.3,Two year,No,No internet service,No internet service,Credit card (automatic)
6990-YNRIO,Yes,1,65,108.65,Two year,Fiber optic,Yes,Yes,Bank transfer (automatic)
8958-JPTRR,No,0,56,24.3,One year,No,No internet service,No internet service,Electronic check
6959-GQEGV,No,0,45,75.95,Month-to-month,DSL,No,Yes,Electronic check
3173-WSSUE,No,0,71,19.7,Two year,No,No internet service,No internet service,Credit card (automatic)
1265-HVPZB,No,0,59,66.4,One year,DSL,No,Yes,Credit card (automatic)
4115-UMJFQ,No,0,69,35.75,One year,DSL,No,No,Bank transfer (automatic)
7369-TRPFD,No,0,19,18.8,One year,No,No internet service,No internet service,Mailed check
1098-KFQEC,No,0,55,19.4,Two year,No,No internet service,No internet service,Credit card (automatic)
7190-XHTWJ,No,0,38,19.3,One year,No,No internet service,No internet service,Mailed check
0621-TWIEM,Yes,1,10,45.55,Month-to-month,DSL,No,No,Electronic check
3537-RYBHH,No,0,47,67.45,Month-to-month,DSL,No,Yes,Credit card (automatic)
2485-ITVKB,Yes,1,2,35.1,Month-to-month,DSL,No,No,Electronic check
3669-OYSJI,Yes,1,1,46.2,Month-to-month,DSL,No,No,Credit card (automatic)
1612-EOHDH,Yes,1,1,45.15,Month-to-month,DSL,No,No,Electronic check
6702-OHFWR,Yes,1,1,43.3,Month-to-month,DSL,No,No,Electronic check
5296-BFCYD,No,0,46,20.1,Two year,No,No internet service,No internet service,Mailed check
4510-PYUSH,Yes,1,38,57.15,Month-to-month,DSL,No,Yes,Credit card (automatic)
9359-JANWS,No,0,65,58.9,Two year,DSL,Yes,Yes,Credit card (automatic)
7517-SAWMO,Yes,1,19,73.2,Month-to-month,Fiber optic,No,Yes,Electronic check
4143-HHPMK,Yes,1,52,85.35,Month-to-month,Fiber optic,No,No,Electronic check
3279-DYZQM,No,0,71,19.45,Two year,No,No internet service,No internet service,Mailed check
7054-LGEQW,Yes,1,1,45.95,Month-to-month,DSL,No,No,Mailed check
0523-VNGTF,No,0,52,50.5,Month-to-month,DSL,Yes,No,Electronic check
9575-IWCAZ,No,0,6,25.1,One year,No,No internet service,No internet service,Mailed check
7105-MXJLL,No,0,26,60.7,One year,DSL,No,No,Mailed check
7064-FRRSW,No,0,48,99.0,One year,Fiber optic,No,No,Electronic check
7940-UQQUG,No,0,64,104.4,One year,Fiber optic,Yes,Yes,Bank transfer (automatic)
0923-PNFUB,Yes,1,3,83.75,Month-to-month,Fiber optic,No,No,Electronic check
3961-SXAXY,No,0,1,44.05,Month-to-month,DSL,No,No,Bank transfer (automatic)
7010-BRBUU,No,0,72,24.1,Two year,No,No internet service,No internet service,Credit card (automatic)
3566-HJGPK,No,0,1,45.55,Month-to-month,DSL,No,No,Mailed check
3062-ICYZQ,No,0,51,93.8,Month-to-month,Fiber optic,No,Yes,Electronic check
9938-PRCVK,No,0,41,19.7,Two year,No,No internet service,No internet service,Bank transfer (automatic)
0973-KYVNF,No,0,72,70.65,Two year,DSL,No,Yes,Credit card (automatic)
5129-HHMZC,No,0,43,86.45,Two year,DSL,Yes,Yes,Credit card (automatic)
9637-CDTKZ,No,0,72,114.1,Two year,Fiber optic,Yes,Yes,Credit card (automatic)
3946-JEWRQ,No,0,47,95.2,One year,Fiber optic,No,No,Credit card (automatic)
7873-CVMAW,No,0,72,88.55,Two year,DSL,Yes,Yes,Credit card (automatic)
0463-WZZKO,No,0,3,20.75,Month-to-month,No,No internet service,No internet service,Credit card (automatic)
3494-JCHRQ,Yes,1,1,70.05,Month-to-month,Fiber optic,No,No,Electronic check
6474-FVJLC,Yes,1,2,86.0,Month-to-month,Fiber optic,No,No,Electronic check
4524-QCSSM,No,0,26,44.65,Month-to-month,DSL,No,Yes,Bank transfer (automatic)
5832-EXGTT,No,0,29,60.2,Month-to-month,DSL,No,Yes,Mailed check
8840-DQLGN,Yes,1,35,100.5,Month-to-month,Fiber optic,Yes,Yes,Bank transfer (automatic)
2039-JONDJ,No,0,27,55.45,One year,DSL,No,Yes,Bank transfer (automatic)
7217-JYHOQ,No,0,24,70.3,Month-to-month,DSL,Yes,Yes,Credit card (automatic)
6695-FRVEC,No,0,67,60.4,Two year,DSL,Yes,Yes,Bank transfer (automatic)
4547-LYTDD,Yes,1,16,72.65,Month-to-month,Fiber optic,No,No,Electronic check
9894-QMIMJ,No,0,23,55.8,One year,DSL,No,No,Bank transfer (automatic)
8069-YQQAJ,No,0,14,31.1,Month-to-month,DSL,No,No,Mailed check
6770-XUAGN,Yes,1,1,21.0,Month-to-month,No,No internet service,No internet service,Electronic check
4193-ORFCL,Yes,1,1,45.1,Month-to-month,DSL,No,No,Mailed check
1636-NTNCO,No,0,4,50.95,Month-to-month,DSL,No,No,Credit card (automatic)
3466-WAESX,No,0,16,69.1,Month-to-month,DSL,No,Yes,Electronic check
9281-PKKZE,No,0,46,43.95,Month-to-month,DSL,No,No,Electronic check
3638-VBZTA,No,0,68,86.5,Two year,DSL,Yes,Yes,Bank transfer (automatic)
7459-IMVYU,No,0,38,69.95,Month-to-month,DSL,Yes,Yes,Electronic check
7776-QWNFX,Yes,1,30,50.4,Month-to-month,DSL,No,No,Bank transfer (automatic)
6689-TCZHQ,Yes,1,5,78.95,Month-to-month,Fiber optic,No,No,Electronic check
8563-OYMQY,No,0,17,90.95,Month-to-month,Fiber optic,No,No,Credit card (automatic)
0754-EEBDC,No,0,4,19.9,Two year,No,No internet service,No internet service,Mailed check
5777-ZPQNC,No,0,12,20.15,One year,No,No internet service,No internet service,Electronic check
1951-IEYXM,No,0,72,90.6,Two year,DSL,Yes,Yes,Credit card (automatic)
3318-NMQXL,No,0,3,92.0,Month-to-month,Fiber optic,No,No,Electronic check
3143-ILDAL,Yes,1,56,94.45,Month-to-month,Fiber optic,Yes,No,Electronic check
1022-RKXDR,No,0,41,24.85,One year,No,No internet service,No internet service,Mailed check
2361-FJWNO,No,0,40,36.0,One year,DSL,Yes,No,Credit card (automatic)
2272-UOINI,No,0,7,78.5,Month-to-month,DSL,Yes,Yes,Electronic check
8232-UTFOZ,No,0,69,19.95,Two year,No,No internet service,No internet service,Credit card (automatic)
3750-YHRYO,No,0,7,20.65,One year,No,No internet service,No internet service,Mailed check
6637-KYRCV,No,0,5,30.5,Month-to-month,DSL,No,No,Electronic check
5668-MEISB,No,0,72,106.1,Two year,Fiber optic,Yes,Yes,Credit card (automatic)
0129-QMPDR,No,0,44,20.5,One year,No,No internet service,No internet service,Bank transfer (automatic)
7188-CBBBA,No,0,65,95.5,One year,Fiber optic,No,No,Electronic check
5356-CSVSQ,No,0,3,64.6,Month-to-month,DSL,Yes,No,Electronic check
3221-CJMSG,No,0,24,51.1,Month-to-month,DSL,Yes,No,Credit card (automatic)
4720-VSTSI,Yes,1,44,84.8,Month-to-month,Fiber optic,No,No,Bank transfer (automatic)
3219-JQRSL,No,0,72,89.1,Two year,DSL,Yes,Yes,Credit card (automatic)
2801-NISEI,No,0,24,54.95,Month-to-month,DSL,Yes,Yes,Electronic check
3946-MHCZW,Yes,1,1,50.9,Month-to-month,DSL,No,No,Mailed check
4623-ZKHLY,No,0,22,20.45,Month-to-month,No,No internet service,No internet service,Bank transfer (automatic)
6732-VAILE,No,0,70,85.95,Two year,DSL,Yes,No,Credit card (automatic)
8201-AAXCB,No,0,25,60.35,Month-to-month,DSL,No,No,Electronic check
7696-CFTAT,No,0,37,19.8,Two year,No,No internet service,No internet service,Bank transfer (automatic)
1845-CSBRZ,No,0,22,85.35,Month-to-month,Fiber optic,No,No,Bank transfer (automatic)
2123-VSCOT,No,0,59,72.1,Two year,DSL,Yes,No,Bank transfer (automatic)
6651-AZVTJ,Yes,1,49,99.8,Month-to-month,Fiber optic,No,No,Electronic check
4566-GOLUK,Yes,1,47,107.35,Month-to-month,Fiber optic,Yes,No,Bank transfer (automatic)
2484-DGXPZ,Yes,1,31,19.55,Month-to-month,No,No internet service,No internet service,Mailed check
2018-QKYGT,No,0,1,81.05,Month-to-month,Fiber optic,No,No,Electronic check
2792-VPPET,No,0,3,20.5,Month-to-month,No,No internet service,No internet service,Electronic check
7409-JURKQ,No,0,53,111.8,One year,Fiber optic,Yes,No,Bank transfer (automatic)
3247-MHJKM,No,0,1,20.2,Month-to-month,No,No internet service,No internet service,Mailed check
1964-SVLEA,No,0,20,19.7,One year,No,No internet service,No internet service,Mailed check
4587-NUKOX,Yes,1,3,79.1,Month-to-month,Fiber optic,No,Yes,Electronic check
7297-DVYGA,No,0,51,19.85,One year,No,No internet service,No internet service,Bank transfer (automatic)
2239-CGBUZ,No,0,51,60.5,One year,DSL,Yes,Yes,Bank transfer (automatic)
0854-UYHZD,No,0,13,19.55,Two year,No,No internet service,No internet service,Mailed check
7243-LCGGZ,No,0,1,20.9,Month-to-month,No,No internet service,No internet service,Mailed check
8267-KFGYD,No,0,1,21.05,Month-to-month,No,No internet service,No internet service,Mailed check
4890-VMUAV,No,0,63,71.5,One year,DSL,Yes,Yes,Electronic check
9261-WDCAF,No,0,3,54.65,Month-to-month,DSL,No,No,Mailed check
3764-MNMOI,No,0,46,19.2,Two year,No,No internet service,No internet service,Credit card (automatic)
7442-YGZFK,No,0,1,49.8,Month-to-month,DSL,No,No,Credit card (automatic)
0420-BWTPW,Yes,1,8,25.5,Month-to-month,DSL,No,No,Mailed check
8229-BUJHX,No,0,71,20.5,Two year,No,No internet service,No internet service,Bank transfer (automatic)
7449-HVPIV,No,0,55,90.4,Month-to-month,Fiber optic,No,No,Credit card (automatic)
5504-WSIUR,No,0,70,90.25,One year,Fiber optic,Yes,No,Bank transfer (automatic)
8183-ONMXC,Yes,1,2,80.75,Month-to-month,Fiber optic,No,No,Electronic check
8466-PZBLH,No,0,67,104.6,Two year,Fiber optic,Yes,Yes,Bank transfer (automatic)
9614-RMGHA,Yes,1,65,91.85,Month-to-month,Fiber optic,No,No,Bank transfer (automatic)
8735-IJJEG,No,0,14,50.2,Month-to-month,DSL,No,No,Credit card (automatic)
0564-MUUQK,No,0,20,95.5,Month-to-month,Fiber optic,Yes,No,Bank transfer (automatic)
5054-IEXZT,Yes,1,1,75.35,Month-to-month,Fiber optic,No,No,Electronic check
5834-ASPWA,Yes,1,1,75.45,Month-to-month,Fiber optic,No,No,Electronic check
0701-RFGFI,No,0,49,95.4,Month-to-month,Fiber optic,No,No,Bank transfer (automatic)
0019-EFAEP,No,0,72,101.3,Two year,Fiber optic,No,Yes,Bank transfer (automatic)
5619-PTMIK,No,0,46,53.1,Month-to-month,DSL,No,Yes,Electronic check
3737-XBQDD,No,0,24,84.85,Month-to-month,Fiber optic,No,No,Bank transfer (automatic)
5882-CMAZQ,No,0,5,34.25,Month-to-month,DSL,Yes,No,Electronic check
5846-QFDFI,No,0,33,88.6,Month-to-month,Fiber optic,Yes,No,Credit card (automatic)
4445-KWOKW,No,0,42,60.15,One year,DSL,No,Yes,Bank transfer (automatic)
3511-APPBJ,No,0,23,99.95,One year,Fiber optic,No,Yes,Credit card (automatic)
7967-HYCDE,No,0,8,70.7,Month-to-month,Fiber optic,No,No,Bank transfer (automatic)
2430-RRYUW,No,0,66,54.8,One year,DSL,No,Yes,Mailed check
3948-XHGNA,Yes,1,24,49.55,Month-to-month,DSL,No,Yes,Bank transfer (automatic)
3723-BFBGR,No,0,24,54.8,Month-to-month,DSL,No,No,Credit card (automatic)
0565-IYCGT,Yes,1,69,78.6,One year,DSL,Yes,Yes,Credit card (automatic)
5447-WZAFP,No,0,53,100.3,One year,Fiber optic,No,No,Mailed check
5110-CHOPY,No,0,60,53.6,Two year,DSL,No,Yes,Electronic check
5445-UTODQ,Yes,1,7,81.1,Month-to-month,Fiber optic,No,No,Electronic check
4425-OWHWB,No,0,20,19.35,One year,No,No internet service,No internet service,Credit card (automatic)
7892-QVYKW,No,0,23,85.6,Month-to-month,Fiber optic,No,No,Electronic check
9675-ICXCT,No,0,72,80.8,Two year,DSL,Yes,Yes,Electronic check
1024-VRZHF,Yes,1,11,74.95,Month-to-month,Fiber optic,No,No,Electronic check
4703-MQYKT,No,0,21,19.6,Two year,No,No internet service,No internet service,Mailed check
9497-QCMMS,Yes,1,1,93.55,Month-to-month,Fiber optic,No,No,Electronic check
5692-ICXLW,No,0,31,90.7,Month-to-month,Fiber optic,No,No,Electronic check
0602-DDUML,No,0,57,69.75,Two year,DSL,Yes,No,Mailed check
2208-MPXIO,No,0,45,20.0,Two year,No,No internet service,No internet service,Bank transfer (automatic)
1960-UYCNN,No,0,10,95.25,Month-to-month,Fiber optic,No,No,Electronic check
0348-SDKOL,Yes,1,58,102.1,Month-to-month,Fiber optic,Yes,No,Credit card (automatic)
3190-FZATL,No,0,14,19.95,Month-to-month,No,No internet service,No internet service,Mailed check
7336-RLLRH,No,0,27,80.85,One year,DSL,Yes,Yes,Mailed check
4373-MAVJG,Yes,1,14,90.9,Month-to-month,Fiber optic,No,No,Bank transfer (automatic)
8901-HJXTF,Yes,1,12,29.2,Month-to-month,DSL,No,No,Mailed check
7710-JSYOA,No,0,69,93.3,Two year,Fiber optic,Yes,No,Bank transfer (automatic)
5419-KLXBN,Yes,1,25,89.15,Month-to-month,Fiber optic,No,No,Bank transfer (automatic)
3424-NMNBO,Yes,1,58,108.85,One year,Fiber optic,No,Yes,Electronic check
9885-MFVSU,No,0,35,46.35,Two year,DSL,Yes,Yes,Credit card (automatic)
4514-GFCFI,Yes,1,16,84.75,Month-to-month,Fiber optic,No,No,Electronic check
0607-MVMGC,No,0,45,78.75,One year,DSL,No,No,Credit card (automatic)
3365-SAIGS,No,0,17,83.55,Month-to-month,Fiber optic,No,No,Electronic check
9828-AOQLM,Yes,1,1,45.7,Month-to-month,DSL,No,No,Electronic check
8022-BECSI,No,0,22,19.6,One year,No,No internet service,No internet service,Mailed check
8000-REIQB,Yes,1,1,69.95,Month-to-month,Fiber optic,No,No,Electronic check
9993-LHIEB,No,0,67,67.85,Two year,DSL,Yes,Yes,Mailed check
0266-CLZKZ,No,0,67,105.65,Two year,Fiber optic,Yes,No,Bank transfer (automatic)
7615-ESMYF,Yes,1,2,44.6,Month-to-month,DSL,No,No,Electronic check
3858-VOBET,Yes,1,23,74.95,Month-to-month,Fiber optic,No,No,Electronic check
7020-OZKXZ,No,0,9,75.5,Month-to-month,Fiber optic,No,No,Credit card (automatic)
3977-QCRSL,No,0,5,20.15,Month-to-month,No,No internet service,No internet service,Mailed check
0017-DINOC,No,0,54,45.2,Two year,DSL,Yes,Yes,Credit card (automatic)
1447-PJGGA,Yes,1,57,95.25,Two year,Fiber optic,No,No,Electronic check
8565-CLBZW,Yes,1,24,89.85,Month-to-month,Fiber optic,No,No,Mailed check
9139-WQQDY,Yes,1,49,100.45,One year,Fiber optic,No,No,Mailed check
0224-HJAPT,Yes,1,5,47.15,Month-to-month,DSL,No,No,Electronic check
8086-OVPWV,Yes,1,2,80.2,Month-to-month,Fiber optic,No,No,Electronic check
9430-FRQOC,Yes,1,4,87.1,Month-to-month,Fiber optic,Yes,No,Mailed check
7639-OPLNG,No,0,70,79.25,Two year,DSL,Yes,Yes,Bank transfer (automatic)
3074-GQWYX,Yes,1,5,75.9,Month-to-month,Fiber optic,No,No,Bank transfer (automatic)
1492-QGCLU,No,0,53,85.7,Month-to-month,DSL,Yes,Yes,Electronic check
6845-RGTYS,Yes,1,47,98.75,Month-to-month,Fiber optic,No,Yes,Electronic check
7328-OWMOM,No,0,31,20.1,One year,No,No internet service,No internet service,Credit card (automatic)
4418-LZMSV,No,0,13,61.8,Month-to-month,DSL,Yes,No,Bank transfer (automatic)
5155-AZQPB,No,0,28,49.9,Month-to-month,DSL,No,No,Mailed check
8861-HGGKB,Yes,1,10,86.45,Month-to-month,Fiber optic,No,No,Electronic check
1087-GRUYI,No,0,38,20.4,Two year,No,No internet service,No internet service,Bank transfer (automatic)
7065-YUNRY,Yes,1,1,45.3,Month-to-month,DSL,No,No,Mailed check
7694-VLBWQ,Yes,1,67,104.1,One year,Fiber optic,No,No,Electronic check
2546-KZAAT,No,0,52,75.4,One year,DSL,No,Yes,Mailed check
0181-RITDD,No,0,62,108.15,Two year,Fiber optic,Yes,Yes,Mailed check
5989-PGKJB,No,0,16,86.25,Month-to-month,Fiber optic,No,No,Electronic check
4795-KTRTH,Yes,1,5,81.0,Month-to-month,Fiber optic,No,No,Electronic check
8272-ONJLV,No,0,12,95.7,One year,Fiber optic,No,No,Electronic check
1488-PBLJN,No,0,72,116.85,Two year,Fiber optic,Yes,Yes,Bank transfer (automatic)
0308-GIQJT,No,0,71,105.75,One year,Fiber optic,Yes,No,Bank transfer (automatic)
3778-FOAQW,No,0,24,20.15,One year,No,No internet service,No internet service,Mailed check
4452-ROHMO,No,0,15,19.6,Two year,No,No internet service,No internet service,Mailed check
6481-OGDOO,Yes,1,67,90.6,One year,Fiber optic,No,Yes,Credit card (automatic)
3090-LETTY,No,0,2,60.95,Month-to-month,DSL,No,Yes,Bank transfer (automatic)
5349-AZPEW,No,0,5,25.05,Month-to-month,DSL,No,No,Mailed check
3753-TSEMP,Yes,1,15,88.15,Month-to-month,Fiber optic,No,No,Electronic check
8305-VHZBZ,Yes,1,1,20.2,Month-to-month,No,No internet service,No internet service,Mailed check
9720-JJJOR,No,0,41,60.3,One year,DSL,No,Yes,Bank transfer (automatic)
8100-HZZLJ,No,0,43,63.95,Month-to-month,DSL,No,Yes,Electronic check
8775-ERLNB,No,0,1,74.3,Month-to-month,Fiber optic,No,No,Electronic check
8309-IEYJD,No,0,1,70.6,Month-to-month,Fiber optic,No,No,Mailed check
9172-JITSM,Yes,1,26,90.8,Month-to-month,Fiber optic,No,No,Electronic check
6298-QDFNH,Yes,1,22,79.35,Month-to-month,Fiber optic,No,No,Electronic check
7398-HPYZQ,No,0,71,90.55,Two year,DSL,Yes,Yes,Bank transfer (automatic)
3546-GHEAE,No,0,7,19.45,Two year,No,No internet service,No internet service,Mailed check
7361-YPXFS,No,0,28,64.45,Month-to-month,DSL,Yes,No,Bank transfer (automatic)
6557-BZXLQ,No,0,16,69.65,Month-to-month,Fiber optic,No,No,Electronic check
2550-QHZGP,No,0,7,19.5,One year,No,No internet service,No internet service,Mailed check
7519-JTWQH,No,0,69,110.5,Two year,Fiber optic,Yes,No,Bank transfer (automatic)
2538-OIMXF,No,0,1,24.7,Month-to-month,DSL,No,No,Mailed check
8543-MSDMF,No,0,3,77.4,Month-to-month,DSL,No,Yes,Electronic check
9961-JBNMK,Yes,1,21,96.8,Month-to-month,Fiber optic,No,No,Bank transfer (automatic)
1170-SASML,No,0,69,85.4,Month-to-month,Fiber optic,No,No,Bank transfer (automatic)
4872-JCVCA,No,0,71,47.6,Two year,DSL,Yes,Yes,Bank transfer (automatic)
5346-BZCHP,No,0,69,19.4,Two year,No,No internet service,No internet service,Mailed check
2038-LLMLM,No,0,48,103.85,Month-to-month,Fiber optic,Yes,No,Electronic check
6173-ITPWD,Yes,1,47,83.35,Month-to-month,Fiber optic,No,No,Bank transfer (automatic)
9734-UYXQI,Yes,1,2,49.4,Month-to-month,DSL,No,No,Electronic check
1216-BGTSP,No,0,45,108.45,Month-to-month,Fiber optic,Yes,Yes,Credit card (automatic)
4138-NAXED,No,0,51,81.0,Month-to-month,Fiber optic,No,No,Bank transfer (automatic)
2189-UXTKY,Yes,1,22,79.2,Month-to-month,DSL,Yes,Yes,Electronic check
0744-BIKKF,No,0,72,86.65,Two year,DSL,Yes,Yes,Bank transfer (automatic)
7483-IQWIB,No,0,37,92.95,Month-to-month,Fiber optic,No,No,Electronic check
5248-KWLAR,No,0,71,90.35,Two year,DSL,Yes,Yes,Electronic check
4958-GZWIY,Yes,1,7,48.7,Month-to-month,DSL,No,No,Electronic check
7996-MHXLW,No,0,66,25.15,Two year,No,No internet service,No internet service,Credit card (automatic)
7833-PKIHD,No,0,51,76.4,One year,DSL,Yes,Yes,Bank transfer (automatic)
7061-OVMIM,No,0,30,19.55,One year,No,No internet service,No internet service,Bank transfer (automatic)
5153-RTHKF,No,0,34,85.35,Month-to-month,Fiber optic,No,No,Electronic check
1852-QSWCD,No,0,64,24.8,Two year,No,No internet service,No internet service,Mailed check
4832-VRBMR,No,0,65,103.15,One year,Fiber optic,No,No,Bank transfer (automatic)
9079-LWTFD,No,0,47,100.75,Month-to-month,Fiber optic,Yes,Yes,Mailed check
6356-ELRKD,Yes,1,1,95.6,Month-to-month,Fiber optic,No,Yes,Electronic check
8624-GIOUT,Yes,1,49,59.75,Month-to-month,DSL,No,Yes,Credit card (automatic)
3392-EHMNK,No,0,67,94.1,Two year,Fiber optic,Yes,No,Credit card (automatic)
5986-WWXDV,No,0,39,19.35,One year,No,No internet service,No internet service,Bank transfer (automatic)
3061-BCKYI,No,0,14,19.9,Month-to-month,No,No internet service,No internet service,Mailed check
6179-GJPSO,Yes,1,43,108.15,Month-to-month,Fiber optic,Yes,Yes,Credit card (automatic)
7901-TBKJX,No,0,56,101.05,Month-to-month,Fiber optic,No,No,Electronic check
7228-PAQPD,No,0,14,59.1,One year,DSL,Yes,No,Credit card (automatic)
3177-LASXD,Yes,1,1,71.35,Month-to-month,Fiber optic,No,No,Electronic check
7746-QYVCO,No,0,16,55.85,One year,DSL,No,Yes,Mailed check
5804-HYIEZ,No,0,70,106.05,Month-to-month,Fiber optic,No,Yes,Electronic check
9919-FZDED,No,0,72,84.1,Two year,DSL,No,Yes,Credit card (automatic)
5934-TSSAU,No,0,23,75.3,Month-to-month,Fiber optic,No,No,Credit card (automatic)
3486-KHMLI,No,0,21,24.7,Month-to-month,No,No internet service,No internet service,Mailed check
4897-QSUYC,Yes,1,1,20.15,Month-to-month,No,No internet service,No internet service,Mailed check
1084-UQCHV,Yes,1,1,69.75,Month-to-month,Fiber optic,No,No,Bank transfer (automatic)
8290-YWKHZ,Yes,1,32,93.2,Month-to-month,Fiber optic,No,No,Electronic check
2955-BJZHG,Yes,1,17,80.85,Month-to-month,Fiber optic,No,No,Electronic check
3806-DXQOM,Yes,1,4,33.65,Month-to-month,DSL,No,Yes,Electronic check
6784-XYJAE,No,0,36,55.8,One year,DSL,No,No,Electronic check
3933-DQPWX,No,0,50,39.7,Two year,DSL,Yes,No,Credit card (automatic)
6661-EIPZC,No,0,48,29.5,Month-to-month,DSL,Yes,No,Credit card (automatic)
8957-THMOA,No,0,50,20.15,Two year,No,No internet service,No internet service,Credit card (automatic)
2251-PYLPB,No,0,72,79.55,Two year,DSL,Yes,Yes,Credit card (automatic)
5555-RNPGT,No,0,10,24.8,Month-to-month,No,No internet service,No internet service,Credit card (automatic)
1057-FOGLZ,No,0,18,19.65,Month-to-month,No,No internet service,No internet service,Mailed check
9300-RENDD,Yes,1,1,79.95,Month-to-month,Fiber optic,No,No,Electronic check
0761-AETCS,Yes,1,1,19.3,Month-to-month,No,No internet service,No internet service,Electronic check
8087-LGYHQ,No,0,9,94.05,Month-to-month,Fiber optic,No,No,Electronic check
4137-BTIKL,No,0,2,90.75,Month-to-month,Fiber optic,No,Yes,Mailed check
2190-BCXEC,No,0,40,78.85,Month-to-month,Fiber optic,Yes,No,Credit card (automatic)
6227-FBDXH,No,0,69,99.5,One year,Fiber optic,No,No,Bank transfer (automatic)
2153-MREFK,Yes,1,37,99.2,One year,Fiber optic,Yes,Yes,Electronic check
2911-WDXMV,No,0,18,80.55,Month-to-month,Fiber optic,No,No,Credit card (automatic)
7206-PQBBZ,No,0,11,70.2,Month-to-month,Fiber optic,No,No,Electronic check
3106-ULWFW,Yes,1,8,85.2,Month-to-month,Fiber optic,No,No,Credit card (automatic)
0925-VYDLG,Yes,1,3,75.25,Month-to-month,Fiber optic,No,No,Electronic check
4547-FZJWE,No,0,55,59.45,One year,DSL,No,Yes,Credit card (automatic)
7422-WNBTY,No,0,33,93.35,Month-to-month,Fiber optic,No,No,Electronic check
0842-IWYCP,No,0,46,44.95,Month-to-month,DSL,No,No,Bank transfer (automatic)
3521-HTQTV,No,0,34,26.1,Two year,No,No internet service,No internet service,Bank transfer (automatic)
3744-ZBHON,No,0,3,20.2,Month-to-month,No,No internet service,No internet service,Electronic check
3373-DIUUN,No,0,30,21.25,Two year,No,No internet service,No internet service,Mailed check
8383-SGHJU,No,0,33,59.4,One year,DSL,Yes,Yes,Electronic check
7607-QKKTJ,No,0,45,95.0,One year,Fiber optic,No,No,Credit card (automatic)
7707-PYBBH,No,0,40,61.9,Month-to-month,DSL,Yes,Yes,Mailed check
8984-HPEMB,No,0,71,118.65,Two year,Fiber optic,Yes,Yes,Electronic check
4349-GFQHK,Yes,1,1,54.35,Month-to-month,DSL,No,No,Electronic check
4139-DETXS,No,0,72,64.45,Two year,DSL,Yes,Yes,Bank transfer (automatic)
9779-DPNEJ,No,0,22,80.15,Month-to-month,Fiber optic,No,No,Electronic check
9805-FILKB,No,0,46,20.2,One year,No,No internet service,No internet service,Bank transfer (automatic)
5793-YOLJN,No,0,55,21.0,Two year,No,No internet service,No internet service,Mailed check
0673-IGUQO,No,0,1,20.45,Month-to-month,No,No internet service,No internet service,Mailed check
4123-FCVCB,No,0,12,75.85,One year,DSL,Yes,No,Mailed check
8819-IMISP,No,0,31,80.45,Month-to-month,Fiber optic,No,No,Electronic check
7802-EFKNY,Yes,1,5,24.95,Month-to-month,DSL,No,No,Electronic check
8311-UEUAB,No,0,67,75.5,Two year,DSL,No,Yes,Electronic check
5858-EAFCZ,No,0,1,44.45,Month-to-month,DSL,No,No,Mailed check
8035-BUYVG,Yes,1,40,42.35,One year,DSL,No,Yes,Electronic check
1163-ONYEY,No,0,41,74.55,Month-to-month,DSL,No,Yes,Credit card (automatic)
9787-XVQIU,Yes,1,1,75.3,Month-to-month,Fiber optic,No,No,Electronic check
8945-MUQUF,Yes,1,51,94.8,One year,Fiber optic,No,Yes,Electronic check
5656-MJEFC,No,0,42,48.15,Two year,DSL,Yes,Yes,Credit card (automatic)
6082-OQFBA,No,0,23,19.65,One year,No,No internet service,No internet service,Mailed check
8051-HJRLT,Yes,1,1,70.55,Month-to-month,Fiber optic,No,No,Electronic check
8974-OVACP,No,0,1,20.15,Month-to-month,No,No internet service,No internet service,Mailed check
4010-YLMVT,No,0,56,106.6,Month-to-month,Fiber optic,No,Yes,Credit card (automatic)
1379-FRVEB,No,0,15,91.0,Month-to-month,Fiber optic,No,No,Electronic check
8612-GXIDD,No,0,12,25.4,Two year,No,No internet service,No internet service,Bank transfer (automatic)
6288-CHQJB,No,0,54,69.95,Two year,DSL,Yes,Yes,Bank transfer (automatic)
8160-HOWOX,No,0,7,66.85,Month-to-month,DSL,No,No,Electronic check
3023-GFLBR,Yes,1,33,86.15,Month-to-month,Fiber optic,No,No,Credit card (automatic)
6648-INWPS,No,0,16,20.15,Month-to-month,No,No internet service,No internet service,Electronic check
4223-BKEOR,No,0,21,64.85,One year,DSL,No,Yes,Mailed check
4079-VTGLK,No,0,30,74.85,Two year,DSL,No,No,Electronic check
1763-WQFUK,No,0,3,50.5,Month-to-month,DSL,Yes,No,Mailed check
1391-UBDAR,No,0,11,72.9,Month-to-month,Fiber optic,No,No,Electronic check
8894-JVDCV,No,0,62,115.05,One year,Fiber optic,Yes,Yes,Credit card (automatic)
2023-VQFDL,No,0,18,19.0,Month-to-month,No,No internet service,No internet service,Electronic check
1345-GKDZZ,No,0,6,19.55,Month-to-month,No,No internet service,No internet service,Mailed check
2014-MKGMH,No,0,46,101.1,One year,Fiber optic,No,No,Electronic check
5628-FCGYG,No,0,21,84.1,Month-to-month,Fiber optic,No,No,Electronic check
2560-WBWXF,No,0,68,24.15,Two year,No,No internet service,No internet service,Bank transfer (automatic)
0248-IPDFW,No,0,1,50.1,Month-to-month,DSL,No,No,Electronic check
7978-DKUQH,No,0,25,74.6,Month-to-month,Fiber optic,No,No,Electronic check
4335-UPJSI,No,0,24,19.75,Two year,No,No internet service,No internet service,Mailed check
0524-IAVZO,Yes,1,30,85.0,Month-to-month,Fiber optic,No,No,Electronic check
2737-YNGYW,Yes,1,2,80.55,Month-to-month,Fiber optic,No,No,Electronic check
1784-EZDKJ,No,0,51,106.8,One year,Fiber optic,No,No,Bank transfer (automatic)
9297-FVVDH,No,0,57,84.5,Two year,DSL,Yes,Yes,Electronic check
8007-YYPWD,No,0,15,25.05,Two year,No,No internet service,No internet service,Bank transfer (automatic)
7101-HRBLJ,No,0,72,83.7,Two year,DSL,Yes,Yes,Bank transfer (automatic)
5159-YFPKQ,Yes,1,2,75.8,Month-to-month,Fiber optic,No,No,Electronic check
6635-CPNUN,No,0,28,96.6,Month-to-month,Fiber optic,No,No,Credit card (automatic)
4021-RQSNY,Yes,1,29,98.5,Month-to-month,Fiber optic,No,No,Electronic check
5453-YBTWV,No,0,70,101.1,Two year,Fiber optic,Yes,Yes,Credit card (automatic)
5039-LZRQT,No,0,13,20.2,One year,No,No internet service,No internet service,Mailed check
2931-VUVJN,No,0,59,94.05,One year,Fiber optic,Yes,Yes,Electronic check
9061-TIHDA,Yes,1,13,95.25,Month-to-month,Fiber optic,No,No,Electronic check
8699-ASUFO,Yes,1,7,74.4,Month-to-month,Fiber optic,No,No,Mailed check
6418-PIQSP,No,0,62,81.0,Two year,DSL,Yes,Yes,Mailed check
8220-OCUFY,No,0,21,60.25,One year,DSL,Yes,Yes,Electronic check
3995-WFCSM,No,0,2,60.85,Month-to-month,DSL,No,No,Electronic check
1895-QTKDO,No,0,1,43.95,Month-to-month,DSL,No,No,Credit card (automatic)
2038-OEQZH,No,0,4,86.05,Month-to-month,Fiber optic,No,No,Electronic check
1178-PZGAB,No,0,19,20.25,One year,No,No internet service,No internet service,Credit card (automatic)
7927-AUXBZ,Yes,1,30,85.15,Month-to-month,Fiber optic,Yes,No,Electronic check
2626-VEEWG,No,0,67,19.4,Two year,No,No internet service,No internet service,Credit card (automatic)
2878-RMWXY,No,0,72,102.65,Two year,Fiber optic,No,Yes,Credit card (automatic)
1657-DYMBM,No,0,53,19.9,Two year,No,No internet service,No internet service,Credit card (automatic)
7311-MQJCH,No,0,5,19.55,One year,No,No internet service,No internet service,Electronic check
7375-WMVMT,No,0,71,95.5,Two year,Fiber optic,Yes,No,Credit card (automatic)
1136-XGEQU,No,0,50,84.15,One year,DSL,Yes,No,Credit card (automatic)
2530-FMFXO,No,0,56,103.2,Two year,Fiber optic,Yes,No,Electronic check
6844-DZKRF,No,0,2,50.2,Month-to-month,DSL,Yes,No,Credit card (automatic)
4695-WJZUE,Yes,1,2,88.55,Month-to-month,Fiber optic,No,No,Electronic check
7619-ODSGN,Yes,1,24,54.75,Month-to-month,DSL,No,Yes,Electronic check
5970-GHJAW,No,0,46,19.95,Two year,No,No internet service,No internet service,Credit card (automatic)
8879-XUAHX,No,0,71,116.25,Two year,Fiber optic,Yes,Yes,Electronic check
3689-MOZGR,No,0,29,31.2,Month-to-month,DSL,Yes,No,Electronic check
4195-PNGZS,No,0,69,24.45,Two year,No,No internet service,No internet service,Bank transfer (automatic)
5003-XZWWO,No,0,71,84.2,Two year,DSL,Yes,No,Credit card (automatic)
3988-RQIXO,Yes,1,1,91.3,Month-to-month,Fiber optic,No,No,Electronic check
7622-FWGEW,No,0,56,85.65,Two year,DSL,Yes,Yes,Bank transfer (automatic)
6922-NCEDI,No,0,56,21.2,One year,No,No internet service,No internet service,Mailed check
2514-GINMM,Yes,1,1,79.5,Month-to-month,Fiber optic,No,No,Electronic check
9891-NQDBD,No,0,28,25.55,One year,No,No internet service,No internet service,Mailed check
6131-IUNXN,No,0,19,20.2,Month-to-month,No,No internet service,No internet service,Mailed check
8548-AWOFC,No,0,66,63.85,Month-to-month,DSL,Yes,No,Electronic check
9798-DRYDS,No,0,17,61.95,One year,DSL,Yes,No,Mailed check
8532-UEFWH,No,0,52,25.75,Two year,No,No internet service,No internet service,Mailed check
6296-DDOOR,No,0,19,58.2,One year,DSL,No,No,Electronic check
7951-VRDVK,No,0,36,85.85,One year,DSL,Yes,Yes,Bank transfer (automatic)
5931-FLJJF,Yes,1,7,70.1,Month-to-month,Fiber optic,No,No,Mailed check
4815-YOSUK,No,0,72,104.9,One year,Fiber optic,Yes,Yes,Credit card (automatic)
2659-VXMWZ,Yes,1,67,111.3,One year,Fiber optic,No,Yes,Electronic check
0380-NEAVX,No,0,34,99.85,One year,Fiber optic,No,No,Electronic check
3207-OYBWH,Yes,1,57,95.25,Month-to-month,Fiber optic,No,No,Bank transfer (automatic)
4285-GYRQC,Yes,1,7,86.25,Month-to-month,Fiber optic,No,No,Electronic check
7216-EWTRS,Yes,1,1,100.8,Month-to-month,Fiber optic,No,No,Electronic check
4365-MSDYN,No,0,8,19.55,Month-to-month,No,No internet service,No internet service,Bank transfer (automatic)
7036-TYDEC,No,0,69,104.0,Two year,Fiber optic,Yes,No,Electronic check
5802-ADBRC,No,0,50,104.4,One year,Fiber optic,No,Yes,Mailed check
8076-FEZKJ,No,0,10,19.5,One year,No,No internet service,No internet service,Mailed check
5197-YPYBZ,No,0,12,25.25,Two year,No,No internet service,No internet service,Credit card (automatic)
8337-MSSXB,Yes,1,14,86.3,Month-to-month,Fiber optic,No,No,Electronic check
4312-GVYNH,No,0,70,49.85,Two year,DSL,Yes,Yes,Bank transfer (automatic)
8495-LJDFO,No,0,64,108.95,Month-to-month,Fiber optic,Yes,Yes,Bank transfer (automatic)
0839-JTCUD,No,0,66,89.9,Two year,DSL,Yes,Yes,Credit card (automatic)
5494-WOZRZ,No,0,71,82.0,Two year,DSL,Yes,Yes,Credit card (automatic)
1302-UHBDD,No,0,20,89.95,Month-to-month,Fiber optic,No,No,Electronic check
2234-EOFPT,No,0,72,79.35,Two year,DSL,Yes,Yes,Bank transfer (automatic)
8619-IJNDK,No,0,71,64.05,Two year,DSL,Yes,Yes,Credit card (automatic)
8378-LKJAF,No,0,38,101.15,Month-to-month,Fiber optic,No,No,Credit card (automatic)
8182-BJDSI,Yes,1,28,89.95,Month-to-month,Fiber optic,No,No,Electronic check
2528-HFYZX,Yes,1,17,76.45,Month-to-month,Fiber optic,No,No,Electronic check
1153-GNOLC,No,0,33,39.1,One year,DSL,No,No,Electronic check
3298-QEICA,No,0,23,34.6,Two year,DSL,Yes,Yes,Mailed check
0788-DXBFY,No,0,58,19.55,One year,No,No internet service,No internet service,Electronic check
3597-YASZG,No,0,70,104.45,Two year,Fiber optic,Yes,No,Bank transfer (automatic)
3496-LFSZU,No,0,4,70.5,Month-to-month,Fiber optic,No,No,Electronic check
5242-UOWHD,No,0,45,20.35,Two year,No,No internet service,No internet service,Mailed check
2482-CZGBB,Yes,1,10,70.0,Month-to-month,Fiber optic,No,No,Electronic check
6479-SZPLM,No,0,36,19.45,Two year,No,No internet service,No internet service,Credit card (automatic)
8097-VBQTZ,No,0,54,69.9,Month-to-month,DSL,Yes,Yes,Mailed check
4500-HKANN,No,0,23,59.7,Two year,DSL,Yes,No,Mailed check
9917-KWRBE,No,0,41,78.35,One year,DSL,No,Yes,Credit card (automatic)
3420-ZDBMA,No,0,5,71.45,Month-to-month,Fiber optic,No,No,Mailed check
2212-LYASK,No,0,27,45.85,One year,DSL,No,No,Credit card (automatic)
1393-IMKZG,No,0,1,95.85,Month-to-month,Fiber optic,Yes,No,Electronic check
8069-RHUXK,No,0,67,35.7,Two year,DSL,Yes,Yes,Credit card (automatic)
3398-GCPMU,No,0,72,89.55,Two year,DSL,Yes,Yes,Credit card (automatic)
2908-WGAXL,No,0,56,24.95,Two year,No,No internet service,No internet service,Credit card (automatic)
3378-AJRAO,No,0,44,24.85,One year,No,No internet service,No internet service,Electronic check
1013-QCWAM,No,0,66,100.8,Month-to-month,Fiber optic,No,No,Electronic check
0866-QLSIR,Yes,1,34,64.4,One year,DSL,Yes,Yes,Mailed check
6050-FFXES,No,0,69,105.35,Two year,Fiber optic,Yes,No,Bank transfer (automatic)
7181-BQYBV,Yes,1,1,102.45,Month-to-month,Fiber optic,No,Yes,Electronic check
0362-RAOQO,No,0,40,19.65,Two year,No,No internet service,No internet service,Credit card (automatic)
9554-DFKIC,No,0,30,54.45,Month-to-month,DSL,No,Yes,Bank transfer (automatic)
5527-ACHSO,No,0,11,70.5,Month-to-month,DSL,Yes,No,Mailed check
0829-DDVLK,No,0,15,20.1,One year,No,No internet service,No internet service,Credit card (automatic)
1399-UBQIU,No,0,11,69.35,Month-to-month,DSL,No,No,Electronic check
1813-JLKWR,No,0,64,19.8,One year,No,No internet service,No internet service,Bank transfer (automatic)
0336-PIKEI,No,0,72,74.4,Two year,DSL,Yes,Yes,Bank transfer (automatic)
7322-OCWHC,No,0,72,93.05,Two year,Fiber optic,Yes,Yes,Bank transfer (automatic)
9537-VHDTA,No,0,1,51.2,Month-to-month,DSL,No,Yes,Mailed check
4957-TIALW,No,0,15,65.6,One year,DSL,Yes,Yes,Credit card (automatic)
2054-PJOCK,No,0,60,80.55,One year,DSL,Yes,No,Credit card (automatic)
9150-HEPMB,No,0,56,52.7,One year,DSL,No,Yes,Mailed check
9030-QGZNL,No,0,8,20.85,Two year,No,No internet service,No internet service,Mailed check
6204-IEUXJ,Yes,1,3,80.1,Month-to-month,Fiber optic,Yes,No,Credit card (automatic)
3126-WQMGH,No,0,49,52.15,Month-to-month,DSL,No,No,Credit card (automatic)
4529-CKBCL,Yes,1,2,80.2,Month-to-month,Fiber optic,No,No,Electronic check
2506-CLAKW,Yes,1,6,98.15,Month-to-month,Fiber optic,Yes,Yes,Bank transfer (automatic)
7176-WRTNX,No,0,70,114.95,Two year,Fiber optic,Yes,Yes,Bank transfer (automatic)
1583-IHQZE,Yes,1,12,112.95,Month-to-month,Fiber optic,Yes,No,Mailed check
5732-IKGQH,No,0,52,104.45,One year,Fiber optic,Yes,Yes,Bank transfer (automatic)
9239-GZHZE,No,0,72,113.65,Two year,Fiber optic,Yes,Yes,Credit card (automatic)
7205-BAIAD,No,0,40,20.6,Two year,No,No internet service,No internet service,Bank transfer (automatic)
0151-ONTOV,Yes,1,1,70.9,Month-to-month,Fiber optic,No,No,Mailed check
4140-MUHUG,Yes,1,3,86.85,Month-to-month,Fiber optic,No,No,Electronic check
0093-EXYQL,No,0,40,91.55,Month-to-month,Fiber optic,No,No,Electronic check
8064-RAVOH,No,0,1,49.85,Month-to-month,DSL,No,No,Electronic check
0219-QAERP,No,0,30,19.8,One year,No,No internet service,No internet service,Credit card (automatic)
0320-JDNQG,Yes,1,23,99.85,Month-to-month,Fiber optic,Yes,Yes,Electronic check
7180-PISOG,Yes,1,1,74.5,Month-to-month,Fiber optic,No,No,Electronic check
9168-INPSZ,No,0,44,104.15,Month-to-month,Fiber optic,Yes,No,Electronic check
3571-RFHAR,Yes,1,65,109.15,Month-to-month,Fiber optic,Yes,No,Electronic check
0015-UOCOJ,No,0,7,48.2,Month-to-month,DSL,No,Yes,Electronic check
5334-AFQJB,No,0,72,25.1,Two year,No,No internet service,No internet service,Credit card (automatic)
2754-SDJRD,No,0,8,100.15,Month-to-month,Fiber optic,Yes,No,Credit card (automatic)
9578-VRMNM,Yes,1,16,65.2,Month-to-month,DSL,No,No,Credit card (automatic)
1587-FKLZB,Yes,1,66,99.5,Month-to-month,Fiber optic,No,No,Credit card (automatic)
6140-QNRQQ,Yes,1,1,71.55,Month-to-month,Fiber optic,No,No,Mailed check
8963-JLGJT,No,0,3,55.9,Month-to-month,DSL,No,Yes,Mailed check
4307-KTUMW,Yes,1,53,93.9,Month-to-month,Fiber optic,No,Yes,Electronic check
1465-LNTLJ,No,0,8,64.4,Month-to-month,DSL,Yes,No,Credit card (automatic)
5440-FLBQG,Yes,1,69,108.4,Two year,Fiber optic,Yes,No,Bank transfer (automatic)
2135-DQWAQ,No,0,5,85.3,Month-to-month,Fiber optic,No,No,Mailed check
4056-QHXHZ,No,0,72,107.45,Two year,Fiber optic,Yes,Yes,Mailed check
7470-MCQTK,Yes,1,13,48.75,Month-to-month,DSL,No,No,Bank transfer (automatic)
7488-MXJIV,Yes,1,4,85.65,Month-to-month,Fiber optic,No,No,Electronic check
7401-JIXNM,No,0,54,91.3,Two year,DSL,Yes,Yes,Credit card (automatic)
9339-FIIJL,No,0,72,85.95,Two year,DSL,Yes,No,Bank transfer (automatic)
2027-FECZV,Yes,1,12,106.7,Month-to-month,Fiber optic,No,No,Electronic check
2672-DZUOY,Yes,1,1,25.15,Month-to-month,DSL,No,No,Electronic check
4706-DGAHW,No,0,1,45.2,Month-to-month,DSL,No,No,Electronic check
3870-MQAMG,Yes,1,54,110.35,One year,Fiber optic,Yes,No,Electronic check
6670-MFRPK,No,0,69,79.2,Two year,Fiber optic,No,No,Credit card (automatic)
6177-PEVRA,No,0,48,55.5,Two year,DSL,No,Yes,Credit card (automatic)
4800-CZMPC,Yes,1,48,103.25,One year,Fiber optic,No,Yes,Credit card (automatic)
4813-HQMGZ,No,0,8,90.25,Month-to-month,Fiber optic,Yes,No,Electronic check
7579-KKLOE,No,0,71,91.25,Two year,DSL,Yes,Yes,Mailed check
7377-DMMRI,Yes,1,2,47.8,Month-to-month,DSL,No,Yes,Electronic check
8402-EIVQS,No,0,67,100.9,One year,Fiber optic,No,Yes,Credit card (automatic)
4947-DSMXK,No,0,34,97.7,Month-to-month,Fiber optic,No,No,Bank transfer (automatic)
7245-NIIWQ,No,0,3,69.85,Month-to-month,Fiber optic,No,No,Electronic check
0002-ORFBO,No,0,9,65.6,One year,DSL,Yes,No,Mailed check
3324-OIRTO,No,0,71,104.65,One year,Fiber optic,No,Yes,Bank transfer (automatic)
5414-OFQCB,No,0,57,90.45,Two year,Fiber optic,Yes,No,Credit card (automatic)
4967-WPNCF,No,0,72,63.7,Two year,DSL,Yes,Yes,Bank transfer (automatic)
8552-OBVRU,No,0,48,104.5,Month-to-month,Fiber optic,Yes,Yes,Electronic check
8499-BRXTD,No,0,18,20.1,One year,No,No internet service,No internet service,Mailed check
9154-QDGTH,No,0,43,104.3,One year,Fiber optic,Yes,No,Credit card (automatic)
8197-BFWVU,No,0,72,93.25,Two year,DSL,Yes,Yes,Bank transfer (automatic)
2577-GVSIL,No,0,35,73.45,One year,DSL,Yes,No,Bank transfer (automatic)
9367-OIUXP,No,0,4,20.7,Month-to-month,No,No internet service,No internet service,Mailed check
6770-UAYGJ,No,0,49,25.25,Two year,No,No internet service,No internet service,Mailed check
6463-HHXJR,No,0,71,100.5,Two year,Fiber optic,No,Yes,Bank transfer (automatic)
7928-VJYAB,No,0,11,90.6,Month-to-month,Fiber optic,No,No,Electronic check
1187-WILMM,No,0,63,89.4,Two year,DSL,Yes,Yes,Credit card (automatic)
9776-OJUZI,No,0,65,95.45,Month-to-month,Fiber optic,No,No,Bank transfer (automatic)
1306-RPWXZ,No,0,49,20.45,Two year,No,No internet service,No internet service,Credit card (automatic)
8949-JTMAY,Yes,1,29,98.6,Month-to-month,Fiber optic,No,No,Credit card (automatic)
2774-LVQUS,Yes,1,15,83.05,Month-to-month,Fiber optic,Yes,No,Electronic check
3097-PYWXL,No,0,4,19.95,Month-to-month,No,No internet service,No internet service,Electronic check
2266-SJNAT,No,0,72,109.15,One year,Fiber optic,Yes,No,Credit card (automatic)
0869-PAPRP,No,0,26,85.7,Month-to-month,Fiber optic,No,No,Credit card (automatic)
4238-JSSWH,No,0,35,102.05,Month-to-month,Fiber optic,No,No,Bank transfer (automatic)
2972-YDYUW,No,0,57,94.7,One year,Fiber optic,Yes,No,Electronic check
1104-FEJAM,No,0,28,64.4,Month-to-month,DSL,No,No,Electronic check
2809-ILCYT,No,0,25,26.8,One year,No,No internet service,No internet service,Mailed check
5499-ECUTN,No,0,47,66.05,One year,DSL,No,Yes,Credit card (automatic)
4981-FLTMF,No,0,57,65.2,Month-to-month,DSL,Yes,Yes,Bank transfer (automatic)
9121-PHQSR,No,0,16,85.05,Month-to-month,Fiber optic,No,No,Credit card (automatic)
3113-IWHLC,No,0,5,55.8,Month-to-month,DSL,No,Yes,Mailed check
3211-ILJTT,Yes,1,17,70.4,Month-to-month,Fiber optic,No,No,Bank transfer (automatic)
4612-THJBS,Yes,1,56,104.75,One year,Fiber optic,No,No,Bank transfer (automatic)
4277-BWBML,No,0,72,19.95,Two year,No,No internet service,No internet service,Bank transfer (automatic)
4094-NSEDU,Yes,1,21,94.25,Month-to-month,Fiber optic,No,No,Electronic check
0234-TEVTT,No,0,48,45.0,One year,DSL,No,Yes,Credit card (automatic)
4304-TSPVK,No,0,68,114.9,Two year,Fiber optic,Yes,Yes,Bank transfer (automatic)
1552-AAGRX,No,0,30,106.4,Month-to-month,Fiber optic,Yes,Yes,Bank transfer (automatic)
2637-FKFSY,No,0,3,46.1,Month-to-month,DSL,No,No,Mailed check
9796-MVYXX,No,0,14,39.7,Two year,DSL,Yes,Yes,Mailed check
7874-ECPQJ,No,0,4,20.05,Month-to-month,No,No internet service,No internet service,Bank transfer (automatic)
0020-INWCK,No,0,71,95.75,Two year,Fiber optic,No,No,Credit card (automatic)
7089-RKVSZ,No,0,8,24.4,One year,No,No internet service,No internet service,Mailed check
2683-JXWQQ,No,0,61,33.6,Month-to-month,DSL,No,Yes,Bank transfer (automatic)
9548-ZMVTX,No,0,72,90.45,Two year,Fiber optic,Yes,No,Bank transfer (automatic)
8739-XNIKG,No,0,5,84.0,Month-to-month,Fiber optic,No,No,Electronic check
9755-JHNMN,No,0,49,67.4,Two year,DSL,Yes,Yes,Bank transfer (automatic)
3981-QSVQI,No,0,8,19.7,Month-to-month,No,No internet service,No internet service,Bank transfer (automatic)
2789-HQBOU,No,0,3,80.35,Month-to-month,Fiber optic,No,No,Electronic check
9424-CMPOG,No,0,9,19.6,Two year,No,No internet service,No internet service,Mailed check
5067-WJEUN,No,0,67,54.2,Two year,DSL,No,Yes,Bank transfer (automatic)
3450-WXOAT,No,0,46,45.2,Month-to-month,DSL,No,No,Credit card (automatic)
9251-WNSOD,No,0,67,75.1,One year,DSL,No,Yes,Mailed check
6974-DAFLI,No,0,55,19.7,One year,No,No internet service,No internet service,Electronic check
2616-UUTFK,No,0,33,72.75,Month-to-month,DSL,No,Yes,Bank transfer (automatic)
7064-JHXCE,No,0,62,20.05,Two year,No,No internet service,No internet service,Credit card (automatic)
5103-MHMHY,Yes,1,1,45.95,Month-to-month,DSL,No,No,Mailed check
7989-AWGEH,No,0,49,39.2,Month-to-month,DSL,No,Yes,Electronic check
4373-VVHQL,No,0,1,44.75,Month-to-month,DSL,No,No,Electronic check
4559-UWIHT,No,0,14,82.65,Month-to-month,Fiber optic,No,No,Electronic check
7268-IGMFD,No,0,18,93.9,Month-to-month,Fiber optic,Yes,No,Bank transfer (automatic)
1846-XWOQN,Yes,1,1,70.15,Month-to-month,Fiber optic,No,No,Electronic check
0235-KGSLC,Yes,1,1,85.55,Month-to-month,Fiber optic,No,No,Credit card (automatic)
6650-BWFRT,No,0,72,117.15,Two year,Fiber optic,Yes,Yes,Credit card (automatic)
9570-KYEUA,No,0,64,99.25,Two year,Fiber optic,Yes,Yes,Credit card (automatic)
6993-YGFJV,No,0,69,112.55,Two year,Fiber optic,Yes,Yes,Bank transfer (automatic)
2712-SYWAY,No,0,1,25.7,Month-to-month,No,No internet service,No internet service,Electronic check
0730-BGQGF,No,0,71,90.3,Two year,DSL,Yes,Yes,Credit card (automatic)
5498-IBWPI,No,0,66,49.4,One year,DSL,Yes,No,Credit card (automatic)
9101-NTIXF,No,0,2,19.4,Month-to-month,No,No internet service,No internet service,Mailed check
0013-SMEOE,No,0,71,109.7,Two year,Fiber optic,Yes,Yes,Bank transfer (automatic)
9314-QDMDW,No,0,11,61.25,One year,DSL,No,No,Electronic check
9308-ANMVE,No,0,47,55.3,Month-to-month,DSL,No,Yes,Electronic check
2884-GBPFB,Yes,1,35,70.3,Month-to-month,Fiber optic,No,No,Electronic check
3757-NJYBX,Yes,1,32,106.35,Month-to-month,Fiber optic,No,No,Bank transfer (automatic)
3413-DHLPB,No,0,60,103.75,Month-to-month,Fiber optic,Yes,No,Bank transfer (automatic)
7649-PHJVR,No,0,11,19.5,One year,No,No internet service,No internet service,Mailed check
6114-TCFID,No,0,29,39.5,One year,DSL,Yes,Yes,Credit card (automatic)
3787-TRIAL,No,0,21,26.05,Month-to-month,DSL,No,No,Electronic check
2573-GYRUU,No,0,48,91.05,Month-to-month,Fiber optic,No,No,Credit card (automatic)
5156-UMKOW,No,0,3,29.65,Month-to-month,DSL,No,No,Mailed check
1247-QBVSH,No,0,43,50.2,Month-to-month,DSL,No,No,Mailed check
6734-GMPVK,No,0,5,105.3,Month-to-month,Fiber optic,No,No,Electronic check
9822-OAOVB,No,0,1,55.45,Month-to-month,DSL,No,No,Electronic check
6161-ERDGD,No,0,71,85.45,One year,DSL,Yes,Yes,Electronic check
1226-JZNKR,No,0,8,19.8,One year,No,No internet service,No internet service,Electronic check
7318-EIVKO,No,0,8,59.25,Month-to-month,DSL,No,No,Electronic check
3771-PZOBW,No,0,20,90.7,Month-to-month,Fiber optic,No,No,Credit card (automatic)
5136-KCKGI,Yes,1,33,103.7,One year,Fiber optic,No,Yes,Mailed check
8231-BSWXX,No,0,71,79.05,One year,Fiber optic,No,No,Credit card (automatic)
6486-LHTMA,No,0,31,90.7,One year,Fiber optic,No,No,Electronic check
4083-BFNYK,No,0,38,95.0,One year,Fiber optic,No,Yes,Credit card (automatic)
3722-WPXTK,Yes,1,1,88.35,Month-to-month,Fiber optic,No,No,Electronic check
7389-KBFIT,No,0,2,30.25,Month-to-month,DSL,No,No,Mailed check
7176-WIONM,No,0,12,49.85,Month-to-month,DSL,No,No,Bank transfer (automatic)
5141-ZUVBH,No,0,9,93.0,Month-to-month,Fiber optic,Yes,Yes,Bank transfer (automatic)
1089-HDMKP,No,0,11,54.55,Month-to-month,DSL,Yes,No,Electronic check
7623-HKYRK,No,0,6,19.7,Month-to-month,No,No internet service,No internet service,Mailed check
0310-SUCIN,No,0,71,84.8,One year,DSL,Yes,Yes,Bank transfer (automatic)
5197-PYEPU,No,0,42,94.45,One year,Fiber optic,No,Yes,Credit card (automatic)
2929-ERCFZ,Yes,1,8,94.2,Month-to-month,Fiber optic,No,No,Electronic check
7548-SEPYI,Yes,1,5,96.25,Month-to-month,Fiber optic,No,No,Electronic check
8835-VSDSE,Yes,1,2,70.7,Month-to-month,Fiber optic,No,No,Electronic check
6619-RPLQZ,No,0,45,20.85,Two year,No,No internet service,No internet service,Mailed check
3275-RHRNE,No,0,28,60.0,One year,DSL,Yes,No,Credit card (automatic)
3503-TYDAY,No,0,43,80.45,Month-to-month,Fiber optic,No,No,Electronic check
6901-GOGZG,No,0,60,84.95,Two year,DSL,Yes,Yes,Electronic check
1623-NLDOT,Yes,1,42,33.55,One year,DSL,Yes,No,Mailed check
7021-XSNYE,No,0,7,49.65,Two year,DSL,Yes,Yes,Credit card (automatic)
9621-OUPYD,No,0,25,20.2,One year,No,No internet service,No internet service,Bank transfer (automatic)
9898-KZQDZ,Yes,1,40,94.55,Month-to-month,Fiber optic,No,No,Credit card (automatic)
8982-NHAVY,No,0,27,100.5,One year,Fiber optic,No,No,Bank transfer (automatic)
4307-KWMXE,No,0,10,35.75,Month-to-month,DSL,Yes,No,Electronic check
0141-YEAYS,No,0,27,86.45,Month-to-month,Fiber optic,No,No,Bank transfer (automatic)
2450-ZKEED,No,0,11,53.8,One year,DSL,Yes,No,Bank transfer (automatic)
3694-DELSO,No,0,4,38.55,Month-to-month,DSL,No,Yes,Credit card (automatic)
3893-JRNFS,No,0,68,39.9,Month-to-month,DSL,No,No,Bank transfer (automatic)
9603-OAIHC,No,0,1,70.05,Month-to-month,Fiber optic,No,No,Electronic check
1133-KXCGE,No,0,18,20.1,One year,No,No internet service,No internet service,Mailed check
5236-PERKL,Yes,1,57,112.95,Two year,Fiber optic,No,Yes,Bank transfer (automatic)
0142-GVYSN,No,0,26,20.3,Month-to-month,No,No internet service,No internet service,Electronic check
1049-FYSYG,No,0,17,35.65,Month-to-month,DSL,No,No,Credit card (automatic)
7854-FOKSF,Yes,1,1,35.9,Month-to-month,DSL,No,No,Electronic check
2519-FAKOD,Yes,1,38,99.25,Month-to-month,Fiber optic,No,No,Bank transfer (automatic)
8406-LNMHF,No,0,59,82.95,One year,Fiber optic,No,Yes,Credit card (automatic)
1821-BUCWY,No,0,30,55.65,Two year,DSL,No,Yes,Mailed check
8263-JQAIK,Yes,1,2,24.45,Month-to-month,DSL,No,No,Mailed check
0023-UYUPN,No,0,50,25.2,One year,No,No internet service,No internet service,Electronic check
8314-DPQHL,No,0,9,50.8,One year,DSL,Yes,Yes,Mailed check
1465-WCZVT,No,0,3,19.65,Month-to-month,No,No internet service,No internet service,Mailed check
9481-SFCQY,No,0,14,59.8,Month-to-month,DSL,No,No,Credit card (automatic)
6360-SVNWV,No,0,31,73.55,Month-to-month,Fiber optic,No,Yes,Credit card (automatic)
0567-GGCAC,No,0,7,61.4,Month-to-month,DSL,No,Yes,Electronic check
7089-IVVAZ,Yes,1,8,103.35,Month-to-month,Fiber optic,Yes,Yes,Bank transfer (automatic)
8884-MRNSU,No,0,17,19.9,One year,No,No internet service,No internet service,Bank transfer (automatic)
2171-UDMFD,No,0,32,19.45,Month-to-month,No,No internet service,No internet service,Credit card (automatic)
9050-IKDZA,No,0,2,81.5,Month-to-month,Fiber optic,No,No,Mailed check
2205-YMZZJ,Yes,1,7,84.8,Month-to-month,Fiber optic,No,No,Electronic check
9802-CAQUT,No,0,72,109.55,Two year,Fiber optic,No,Yes,Credit card (automatic)
1254-IZEYF,Yes,1,31,99.95,Month-to-month,Fiber optic,No,No,Electronic check
0187-WZNAB,No,0,27,74.4,Month-to-month,Fiber optic,No,Yes,Mailed check
9492-TOKRI,Yes,1,18,90.0,Month-to-month,Fiber optic,No,No,Credit card (automatic)
1475-VWVDO,No,0,7,74.9,Month-to-month,Fiber optic,No,No,Electronic check
9221-OTIVJ,Yes,1,14,104.85,Month-to-month,Fiber optic,No,No,Electronic check
1357-MVDOZ,No,0,11,59.65,Month-to-month,DSL,No,No,Bank transfer (automatic)
7602-MVRMB,No,0,72,110.45,Two year,Fiber optic,Yes,Yes,Bank transfer (automatic)
3325-FUYCG,Yes,1,28,106.1,One year,Fiber optic,No,Yes,Electronic check
5908-QMGOE,Yes,1,15,74.2,Month-to-month,Fiber optic,No,No,Credit card (automatic)
1197-BVMVG,No,0,4,74.45,Month-to-month,Fiber optic,No,No,Electronic check
5406-KGRMX,No,0,71,24.55,Two year,No,No internet service,No internet service,Electronic check
8481-YYXWG,Yes,1,5,89.35,Month-to-month,Fiber optic,Yes,No,Electronic check
5968-HYJRZ,No,0,47,24.55,Two year,No,No internet service,No internet service,Mailed check
5198-EFNBM,No,0,57,90.65,One year,Fiber optic,No,No,Electronic check
7516-GMHUV,No,0,50,105.05,Two year,Fiber optic,No,Yes,Credit card (automatic)
7140-ADSMJ,No,0,8,20.45,Month-to-month,No,No internet service,No internet service,Credit card (automatic)
2230-XTUWL,No,0,48,19.55,Two year,No,No internet service,No internet service,Mailed check
7706-YLMQA,No,0,70,19.7,One year,No,No internet service,No internet service,Bank transfer (automatic)
2585-KTFRE,No,0,1,70.45,Month-to-month,DSL,Yes,Yes,Bank transfer (automatic)
7994-UYIVZ,No,0,8,85.65,Month-to-month,Fiber optic,No,No,Bank transfer (automatic)
2609-IAICY,Yes,1,1,77.15,Month-to-month,Fiber optic,No,No,Electronic check
1740-CSDJP,Yes,1,1,35.25,Month-to-month,DSL,No,No,Bank transfer (automatic)
7717-BICXI,No,0,60,20.55,Two year,No,No internet service,No internet service,Mailed check
6559-RAKOZ,No,0,49,97.95,One year,Fiber optic,Yes,No,Electronic check
2636-OHFMN,Yes,1,4,48.55,Month-to-month,DSL,No,No,Electronic check
4716-MRVEN,No,0,29,20.0,One year,No,No internet service,No internet service,Mailed check
2143-LJULT,No,0,67,25.25,Two year,No,No internet service,No internet service,Credit card (automatic)
1323-OOEPC,Yes,1,53,98.4,Month-to-month,Fiber optic,No,No,Credit card (automatic)
3200-MNQTF,No,0,67,70.9,Two year,DSL,Yes,Yes,Credit card (automatic)
6164-HXUGH,No,0,6,19.85,Month-to-month,No,No internet service,No internet service,Mailed check
5630-IXDXV,No,0,47,106.35,Month-to-month,Fiber optic,No,No,Electronic check
0320-DWVTU,No,0,53,99.5,Two year,Fiber optic,Yes,Yes,Mailed check
9135-MGVPY,No,0,69,84.7,Two year,DSL,Yes,Yes,Mailed check
1212-GLHMD,No,0,3,86.05,Month-to-month,Fiber optic,No,Yes,Mailed check
7878-JGDKK,No,0,4,44.55,Month-to-month,DSL,No,No,Mailed check
1088-AUUZZ,No,0,56,75.85,Two year,DSL,Yes,Yes,Credit card (automatic)
0397-GZBBC,Yes,1,59,93.85,Month-to-month,Fiber optic,No,No,Bank transfer (automatic)
6614-YWYSC,No,0,61,25.0,Two year,No,No internet service,No internet service,Bank transfer (automatic)
9588-OZDMQ,No,0,2,45.0,Month-to-month,DSL,No,No,Electronic check
7641-EUYET,Yes,1,46,100.7,Month-to-month,Fiber optic,No,Yes,Electronic check
6476-EPYZR,No,0,12,20.5,Month-to-month,No,No internet service,No internet service,Mailed check
9921-ZVRHG,Yes,1,14,80.45,Month-to-month,Fiber optic,No,No,Electronic check
1174-FGIFN,No,0,28,90.45,One year,Fiber optic,Yes,No,Electronic check
6620-HVDUJ,No,0,24,60.45,Month-to-month,DSL,Yes,Yes,Bank transfer (automatic)
4701-MLJPN,Yes,1,31,55.25,Month-to-month,DSL,Yes,No,Electronic check
1032-MAELW,No,0,68,78.45,One year,DSL,Yes,Yes,Electronic check
7641-TQFHN,No,0,39,100.55,Two year,Fiber optic,Yes,No,Mailed check
1552-TKMXS,No,0,42,20.35,Month-to-month,No,No internet service,No internet service,Credit card (automatic)
9206-GVPEQ,Yes,1,13,54.45,Month-to-month,DSL,Yes,Yes,Electronic check
8622-ZLFKO,No,0,6,90.75,Month-to-month,Fiber optic,No,No,Electronic check
1596-BBVTG,Yes,1,35,75.35,Month-to-month,Fiber optic,No,No,Credit card (automatic)
6188-UXBBR,No,0,38,20.25,One year,No,No internet service,No internet service,Credit card (automatic)
2333-KWEWW,No,0,18,20.05,Two year,No,No internet service,No internet service,Credit card (automatic)
5702-SKUOB,No,0,4,19.6,Month-to-month,No,No internet service,No internet service,Mailed check
1134-YWTYF,No,0,27,53.8,Month-to-month,DSL,Yes,No,Electronic check
6061-GWWAV,No,0,41,70.2,One year,DSL,No,Yes,Mailed check
0679-TDGAK,No,0,50,75.5,One year,DSL,Yes,Yes,Electronic check
6585-WCEWR,No,0,72,20.35,Two year,No,No internet service,No internet service,Electronic check
9067-YGSCA,No,0,70,26.05,One year,No,No internet service,No internet service,Credit card (automatic)
9067-SQTNS,No,0,44,20.6,One year,No,No internet service,No internet service,Bank transfer (automatic)
8433-WXGNA,Yes,1,2,75.7,Month-to-month,Fiber optic,No,Yes,Electronic check
1776-SPBWV,No,0,34,20.1,One year,No,No internet service,No internet service,Bank transfer (automatic)
8735-SDUFN,No,0,72,24.3,Two year,No,No internet service,No internet service,Bank transfer (automatic)
9668-PUGNU,No,0,71,24.5,Two year,No,No internet service,No internet service,Electronic check
9405-GPBBG,No,0,64,110.5,Two year,Fiber optic,Yes,No,Credit card (automatic)
1926-QUZNN,No,0,72,25.25,Two year,No,No internet service,No internet service,Bank transfer (automatic)
3707-GNWHM,Yes,1,1,74.25,Month-to-month,Fiber optic,No,No,Mailed check
7016-NVRIC,No,0,29,90.1,One year,Fiber optic,No,Yes,Bank transfer (automatic)
5829-NVSQN,No,0,23,68.75,One year,DSL,Yes,Yes,Bank transfer (automatic)
9565-AXSMR,No,0,52,19.2,Two year,No,No internet service,No internet service,Mailed check
8922-LIEGH,Yes,1,25,89.7,Month-to-month,Fiber optic,No,No,Electronic check
8869-LIHMK,No,0,64,115.1,Two year,Fiber optic,Yes,Yes,Bank transfer (automatic)
8245-UMPYT,Yes,1,16,96.4,Month-to-month,Fiber optic,No,No,Electronic check
5186-SAMNZ,Yes,1,1,69.5,Month-to-month,Fiber optic,No,No,Bank transfer (automatic)
0447-RXSGD,No,0,24,99.65,Month-to-month,Fiber optic,No,No,Bank transfer (automatic)
4927-WWOOZ,No,0,2,91.45,Month-to-month,Fiber optic,No,No,Electronic check
5788-YPOEG,No,0,34,84.75,Two year,DSL,Yes,Yes,Mailed check
5373-SFODM,Yes,1,36,85.25,Month-to-month,Fiber optic,No,No,Credit card (automatic)
0661-KBKPA,No,0,53,78.75,One year,DSL,Yes,No,Mailed check
9081-WWXKP,No,0,47,20.25,Two year,No,No internet service,No internet service,Credit card (automatic)
0784-ZQJZX,No,0,72,19.9,Two year,No,No internet service,No internet service,Credit card (automatic)
3133-PZNSR,No,0,72,97.75,Two year,Fiber optic,Yes,Yes,Credit card (automatic)
5766-ZJYBB,Yes,1,1,19.4,Month-to-month,No,No internet service,No internet service,Mailed check
8931-GJJIQ,Yes,1,9,83.3,Month-to-month,Fiber optic,No,No,Electronic check
4277-PVRAN,Yes,1,8,80.1,Month-to-month,Fiber optic,No,No,Bank transfer (automatic)
0022-TCJCI,Yes,1,45,62.7,One year,DSL,No,Yes,Credit card (automatic)
0722-SVSFK,No,0,7,100.4,Month-to-month,Fiber optic,Yes,No,Electronic check
3612-YVGSJ,No,0,71,24.45,Two year,No,No internet service,No internet service,Credit card (automatic)
9825-YCXWZ,No,0,41,101.1,One year,Fiber optic,Yes,No,Bank transfer (automatic)
5397-NSKQG,No,0,67,50.9,Two year,DSL,No,Yes,Credit card (automatic)
8565-HBFNN,No,0,69,107.2,One year,Fiber optic,Yes,Yes,Credit card (automatic)
2000-DHJUY,No,0,70,92.2,Two year,DSL,Yes,Yes,Bank transfer (automatic)
0203-HHYIJ,Yes,1,25,25.3,One year,No,No internet service,No internet service,Bank transfer (automatic)
8670-ERCJH,No,0,72,113.4,Two year,Fiber optic,Yes,Yes,Bank transfer (automatic)
7758-UJWYS,No,0,34,40.55,Two year,DSL,Yes,No,Electronic check
2050-ONYDQ,No,0,65,26.0,Two year,No,No internet service,No internet service,Credit card (automatic)
7055-JCGNI,No,0,70,111.95,Two year,Fiber optic,Yes,Yes,Credit card (automatic)
0739-UUAJR,No,0,72,53.8,Two year,DSL,No,Yes,Credit card (automatic)
4826-DXMUP,No,0,35,72.1,One year,DSL,Yes,No,Mailed check
0952-KMEEH,Yes,1,13,98.15,Month-to-month,Fiber optic,No,Yes,Mailed check
7285-KLOTR,No,0,12,78.85,One year,DSL,No,Yes,Electronic check
0654-PQKDW,No,0,62,70.75,One year,DSL,Yes,Yes,Bank transfer (automatic)
7175-NTIXE,No,0,25,76.15,Month-to-month,DSL,Yes,Yes,Credit card (automatic)
7963-SHNDT,No,0,52,39.1,Two year,DSL,Yes,Yes,Mailed check
9796-BPKIW,No,0,8,69.95,Month-to-month,Fiber optic,No,No,Credit card (automatic)
0188-GWFLE,No,0,2,20.05,Month-to-month,No,No internet service,No internet service,Mailed check
8129-GMVGI,No,0,56,20.05,Two year,No,No internet service,No internet service,Mailed check
2882-DDZPG,No,0,12,19.45,Month-to-month,No,No internet service,No internet service,Bank transfer (automatic)
3547-LQRIK,No,0,47,26.9,One year,No,No internet service,No internet service,Electronic check
9137-NOQKA,No,0,2,19.2,Month-to-month,No,No internet service,No internet service,Electronic check
5843-TTHGI,No,0,18,50.0,Month-to-month,DSL,No,No,Mailed check
1849-RJYIG,No,0,8,60.0,Month-to-month,DSL,No,Yes,Electronic check
8868-GAGIO,No,0,45,84.55,Month-to-month,Fiber optic,No,Yes,Mailed check
4061-UKJWL,No,0,3,45.45,Month-to-month,DSL,No,No,Mailed check
5380-XPJNZ,No,0,38,20.05,One year,No,No internet service,No internet service,Mailed check
8263-QMNTJ,No,0,72,115.55,Two year,Fiber optic,Yes,Yes,Electronic check
8178-EYZUO,Yes,1,46,93.7,Month-to-month,Fiber optic,No,Yes,Electronic check
3230-JCNZS,No,0,71,99.0,Two year,Fiber optic,No,Yes,Credit card (automatic)
0277-ORXQS,No,0,66,50.55,Two year,DSL,Yes,No,Bank transfer (automatic)
5130-IEKQT,Yes,1,25,105.95,Month-to-month,Fiber optic,No,No,Mailed check
3230-WYKIR,Yes,1,18,82.0,One year,DSL,Yes,No,Credit card (automatic)
7996-BPXHY,No,0,13,25.0,Two year,No,No internet service,No internet service,Bank transfer (automatic)
3227-WLKLI,No,0,65,91.55,Two year,DSL,Yes,Yes,Bank transfer (automatic)
0407-BDJKB,Yes,1,60,95.75,Month-to-month,Fiber optic,No,No,Electronic check
2266-FUBDZ,No,0,15,19.35,Two year,No,No internet service,No internet service,Mailed check
8237-ULIXL,No,0,72,24.85,Two year,No,No internet service,No internet service,Credit card (automatic)
9600-UDOPK,Yes,1,30,94.05,Month-to-month,Fiber optic,No,No,Credit card (automatic)
8216-AZUUZ,No,0,42,100.4,Two year,Fiber optic,Yes,No,Electronic check
9153-BTBVV,No,0,71,25.0,Two year,No,No internet service,No internet service,Bank transfer (automatic)
4074-SJFFA,Yes,1,1,54.75,Month-to-month,DSL,No,No,Mailed check
3269-ATYWD,Yes,1,39,95.65,Month-to-month,Fiber optic,No,No,Bank transfer (automatic)
5186-PEIZU,No,0,35,19.25,Month-to-month,No,No internet service,No internet service,Bank transfer (automatic)
1074-AMIOH,No,0,53,108.25,Month-to-month,Fiber optic,Yes,No,Bank transfer (automatic)
4910-GMJOT,Yes,1,1,94.6,Month-to-month,Fiber optic,No,No,Electronic check
0354-WYROK,Yes,1,31,98.9,Month-to-month,Fiber optic,Yes,No,Electronic check
4361-FEBGN,No,0,48,20.15,Two year,No,No internet service,No internet service,Credit card (automatic)
7748-UMTRK,No,0,30,101.3,Month-to-month,Fiber optic,Yes,No,Electronic check
0380-ZCSBI,No,0,10,20.0,Month-to-month,No,No internet service,No internet service,Credit card (automatic)
7145-FEJWU,No,0,12,105.3,Month-to-month,Fiber optic,No,No,Electronic check
6463-MVYRY,No,0,57,69.85,Two year,DSL,Yes,Yes,Bank transfer (automatic)
3969-JQABI,No,0,58,65.25,Month-to-month,DSL,No,Yes,Credit card (automatic)
9624-EGDEQ,No,0,37,19.8,Two year,No,No internet service,No internet service,Mailed check
1051-EQPZR,No,0,44,19.6,Month-to-month,No,No internet service,No internet service,Mailed check
5849-ASHZJ,No,0,27,20.05,One year,No,No internet service,No internet service,Credit card (automatic)
5780-INQIK,No,0,8,49.4,Month-to-month,DSL,Yes,No,Electronic check
7576-OYWBN,Yes,1,3,76.05,Month-to-month,Fiber optic,No,No,Electronic check
4526-ZJJTM,No,0,25,88.4,Month-to-month,Fiber optic,No,No,Bank transfer (automatic)
8384-FZBJK,No,0,57,100.6,Month-to-month,Fiber optic,No,No,Electronic check
3750-RNQKR,No,0,12,19.45,Month-to-month,No,No internet service,No internet service,Mailed check
0962-CQPWQ,No,0,62,20.3,Two year,No,No internet service,No internet service,Bank transfer (automatic)
3096-YXENJ,No,0,65,107.65,Two year,Fiber optic,Yes,No,Bank transfer (automatic)
1265-BCFEO,No,0,71,80.45,Two year,DSL,Yes,No,Bank transfer (automatic)
5837-LXSDN,No,0,21,58.85,One year,DSL,No,No,Credit card (automatic)
5945-AZYHT,No,0,71,109.6,One year,Fiber optic,No,Yes,Electronic check
8325-QRPZR,No,0,7,75.15,Month-to-month,Fiber optic,No,No,Electronic check
6384-VMJHP,No,0,72,73.0,Two year,DSL,Yes,Yes,Credit card (automatic)
2262-SLNVK,No,0,1,70.1,Month-to-month,Fiber optic,No,No,Electronic check
7730-CLDSV,No,0,72,98.65,Two year,Fiber optic,Yes,No,Bank transfer (automatic)
1135-HIORI,No,0,64,111.45,One year,Fiber optic,Yes,No,Electronic check
0164-APGRB,No,0,72,114.9,Two year,Fiber optic,Yes,Yes,Electronic check
6481-ESCNL,No,0,29,100.55,Month-to-month,Fiber optic,No,No,Bank transfer (automatic)
1790-NESIO,No,0,13,20.4,Two year,No,No internet service,No internet service,Mailed check
1550-EENBN,No,0,31,104.35,Month-to-month,Fiber optic,No,Yes,Electronic check
5539-TMZLF,Yes,1,1,69.75,Month-to-month,Fiber optic,No,No,Electronic check
4323-SADQS,Yes,1,7,34.5,Month-to-month,DSL,Yes,Yes,Electronic check
4446-BZKHU,Yes,1,61,105.55,Month-to-month,Fiber optic,No,No,Electronic check
5202-IVJNU,Yes,1,39,30.1,Month-to-month,DSL,No,No,Credit card (automatic)
5976-JCJRH,Yes,1,10,70.3,Month-to-month,Fiber optic,No,No,Electronic check
8198-RKSZG,No,0,14,80.45,Month-to-month,DSL,Yes,No,Credit card (automatic)
0137-OCGAB,Yes,1,1,80.2,Month-to-month,Fiber optic,No,No,Mailed check
3351-NQLDI,Yes,1,67,94.35,One year,Fiber optic,Yes,Yes,Credit card (automatic)
9297-EONCV,No,0,72,91.35,Two year,DSL,Yes,Yes,Bank transfer (automatic)
7593-JNWRU,Yes,1,6,44.6,Month-to-month,DSL,No,No,Bank transfer (automatic)
4588-YBNIB,Yes,1,1,19.6,Month-to-month,No,No internet service,No internet service,Mailed check
1069-QJOEE,No,0,25,19.9,One year,No,No internet service,No internet service,Electronic check
3336-JORSO,Yes,1,33,110.45,Month-to-month,Fiber optic,Yes,No,Electronic check
7799-DSEWS,No,0,18,68.35,Month-to-month,DSL,Yes,Yes,Electronic check
8766-PAFNE,No,0,71,79.1,Two year,DSL,Yes,No,Credit card (automatic)
5315-CKEQK,No,0,28,51.0,One year,DSL,No,No,Electronic check
3130-ICDUP,No,0,2,80.55,Month-to-month,Fiber optic,No,Yes,Credit card (automatic)
0820-FNRNX,No,0,17,66.7,Month-to-month,DSL,Yes,No,Mailed check
0880-FVFWF,No,0,56,86.4,Month-to-month,Fiber optic,No,Yes,Electronic check
4611-ANLQC,No,0,60,50.05,One year,DSL,No,Yes,Electronic check
4213-HKBJO,No,0,33,25.7,Two year,No,No internet service,No internet service,Credit card (automatic)
2792-LSHWX,No,0,1,83.4,Month-to-month,Fiber optic,Yes,Yes,Mailed check
5028-GZLDO,Yes,1,2,70.7,Month-to-month,Fiber optic,No,No,Credit card (automatic)
0014-BMAQU,No,0,63,84.65,Two year,Fiber optic,Yes,Yes,Credit card (automatic)
6861-XWTWQ,Yes,1,7,99.25,Month-to-month,Fiber optic,No,No,Electronic check
9018-PCIOK,No,0,55,64.75,Two year,DSL,No,No,Mailed check
4837-QUSFT,No,0,65,100.15,One year,Fiber optic,Yes,Yes,Bank transfer (automatic)
6877-TJMBR,Yes,1,1,84.8,Month-to-month,Fiber optic,Yes,No,Electronic check
9953-ZMKSM,No,0,63,25.25,Two year,No,No internet service,No internet service,Mailed check
0907-HQNTS,No,0,70,113.0,Two year,Fiber optic,Yes,Yes,Credit card (automatic)
7665-NKLAV,No,0,36,40.65,Two year,DSL,Yes,Yes,Credit card (automatic)
6769-DCQLI,Yes,1,52,105.0,One year,Fiber optic,Yes,No,Bank transfer (automatic)
2433-KMEAS,Yes,1,22,54.45,Month-to-month,DSL,No,Yes,Electronic check
4391-LNRXK,No,0,22,94.95,Month-to-month,Fiber optic,Yes,No,Bank transfer (automatic)
8250-ZNGGW,No,0,5,59.9,Month-to-month,DSL,Yes,Yes,Credit card (automatic)
2195-ZRVAX,Yes,1,47,85.3,Month-to-month,Fiber optic,No,No,Electronic check
3550-SAHFP,Yes,1,33,83.35,Month-to-month,Fiber optic,No,No,Electronic check
2011-TRQYE,Yes,1,18,33.5,Month-to-month,DSL,No,No,Credit card (automatic)
8562-GHPPI,No,0,1,19.8,Month-to-month,No,No internet service,No internet service,Credit card (automatic)
5893-PYOLZ,No,0,56,81.8,Two year,DSL,Yes,No,Credit card (automatic)
4986-MXSFP,No,0,2,20.0,Month-to-month,No,No internet service,No internet service,Mailed check
6131-FOYAS,No,0,35,59.6,Month-to-month,DSL,No,Yes,Electronic check
3027-YNWZU,No,0,64,25.0,Two year,No,No internet service,No internet service,Credit card (automatic)
5609-IMCGG,No,0,15,84.35,Month-to-month,Fiber optic,No,Yes,Credit card (automatic)
4873-ILOLJ,Yes,1,24,90.35,Month-to-month,Fiber optic,No,No,Electronic check
4727-MCYZG,No,0,1,55.55,Month-to-month,DSL,No,No,Mailed check
9481-WHGWY,No,0,70,75.35,Two year,DSL,Yes,Yes,Credit card (automatic)
2725-KXXWT,Yes,1,1,90.75,Month-to-month,Fiber optic,No,No,Electronic check
9565-DJPIB,Yes,1,4,89.6,Month-to-month,Fiber optic,No,No,Mailed check
4328-VUFWD,No,0,39,59.3,One year,DSL,Yes,No,Electronic check
3301-LSLWQ,No,0,29,66.1,Month-to-month,DSL,No,Yes,Electronic check
7473-ZBDSN,No,0,14,18.8,Two year,No,No internet service,No internet service,Mailed check
3166-PNEOF,No,0,61,86.45,Two year,DSL,Yes,Yes,Credit card (automatic)
5639-NTUPK,No,0,13,52.1,Month-to-month,DSL,No,Yes,Credit card (automatic)
8780-YRMTT,No,0,66,47.4,Two year,DSL,Yes,Yes,Mailed check
8348-HFYIV,Yes,1,2,49.25,Month-to-month,DSL,No,No,Electronic check
5140-FOMCQ,No,0,59,109.15,One year,Fiber optic,No,Yes,Credit card (automatic)
6242-SGYTS,No,0,62,94.95,One year,Fiber optic,No,Yes,Credit card (automatic)
8166-ORCHU,No,0,33,93.55,One year,Fiber optic,Yes,Yes,Electronic check
8414-OOEEL,No,0,66,79.5,Two year,DSL,Yes,No,Credit card (automatic)
8454-AATJP,No,0,72,115.05,Two year,Fiber optic,Yes,Yes,Credit card (automatic)
6849-WLEYG,Yes,1,1,19.75,Month-to-month,No,No internet service,No internet service,Mailed check
4659-NZRUF,Yes,1,19,95.15,Month-to-month,Fiber optic,No,Yes,Electronic check
4531-AUZNK,No,0,51,95.15,One year,Fiber optic,Yes,Yes,Mailed check
4191-XOVOM,No,0,63,105.4,Month-to-month,Fiber optic,Yes,No,Electronic check
2150-OEGBV,No,0,27,20.1,One year,No,No internet service,No internet service,Bank transfer (automatic)
8429-XIBUM,Yes,1,22,101.35,Month-to-month,Fiber optic,No,Yes,Bank transfer (automatic)
1855-CFULU,No,0,4,20.05,Month-to-month,No,No internet service,No internet service,Mailed check
4878-BUNFV,No,0,42,20.7,Two year,No,No internet service,No internet service,Mailed check
1872-EBWSC,No,0,29,20.35,One year,No,No internet service,No internet service,Mailed check
2608-BHKFN,Yes,1,4,70.05,Month-to-month,Fiber optic,No,No,Credit card (automatic)
7026-YMSBE,No,0,30,19.7,One year,No,No internet service,No internet service,Mailed check
7341-LXCAF,Yes,1,4,74.65,Month-to-month,Fiber optic,No,No,Electronic check
6997-UVGOX,No,0,71,85.45,Two year,DSL,Yes,Yes,Bank transfer (automatic)
9674-EHPPG,No,0,46,40.4,Two year,DSL,Yes,Yes,Credit card (automatic)
9462-MJUAW,Yes,1,4,50.4,Month-to-month,DSL,No,No,Mailed check
8128-YVJRG,Yes,1,7,79.65,Month-to-month,Fiber optic,No,Yes,Mailed check
5440-VHLUL,No,0,69,105.2,One year,Fiber optic,Yes,No,Bank transfer (automatic)
5781-BKHOP,No,0,72,100.65,Two year,Fiber optic,No,Yes,Bank transfer (automatic)
4283-FUTGF,Yes,1,19,79.85,Month-to-month,Fiber optic,No,No,Electronic check
5213-TWWJU,No,0,28,91.0,Month-to-month,Fiber optic,Yes,No,Electronic check
1569-TTNYJ,Yes,1,5,78.75,Month-to-month,Fiber optic,No,No,Electronic check
8628-MFKAX,No,0,72,116.75,Two year,Fiber optic,Yes,Yes,Credit card (automatic)
2397-BRLOM,Yes,1,8,80.45,Month-to-month,Fiber optic,No,No,Credit card (automatic)
7629-WIXZF,No,0,7,59.1,One year,DSL,No,Yes,Electronic check
5445-GLVOT,No,0,22,49.8,Month-to-month,DSL,No,Yes,Electronic check
3976-HXHCE,No,0,72,19.3,Two year,No,No internet service,No internet service,Bank transfer (automatic)
2466-NEJOJ,No,0,8,19.65,Month-to-month,No,No internet service,No internet service,Credit card (automatic)
0254-KCJGT,No,0,52,81.4,One year,DSL,Yes,Yes,Credit card (automatic)
5472-CVMDX,No,0,68,38.9,Two year,DSL,Yes,Yes,Mailed check
6461-SZMCV,No,0,71,87.95,Two year,DSL,Yes,Yes,Bank transfer (automatic)
8150-QUDFX,No,0,2,19.85,Month-to-month,No,No internet service,No internet service,Mailed check
9508-ILZDG,No,0,34,96.35,Month-to-month,Fiber optic,Yes,No,Electronic check
2346-DJQTB,No,0,35,24.15,Month-to-month,DSL,No,No,Electronic check
1697-LYYYX,No,0,61,19.1,One year,No,No internet service,No internet service,Credit card (automatic)
1942-OQFRW,No,0,1,44.0,Month-to-month,DSL,No,No,Electronic check
4749-VFKVB,Yes,1,1,50.1,Month-to-month,DSL,No,No,Mailed check
9640-ZSLDC,No,0,53,60.6,One year,DSL,No,No,Credit card (automatic)
4231-LZUYM,No,0,72,25.65,Two year,No,No internet service,No internet service,Bank transfer (automatic)
7598-UAASY,Yes,1,2,76.4,Month-to-month,Fiber optic,No,No,Electronic check
7938-OUHIO,Yes,1,3,98.7,Month-to-month,Fiber optic,Yes,No,Electronic check
8510-AWCXC,Yes,1,13,100.8,Month-to-month,Fiber optic,No,Yes,Electronic check
6128-AQBMT,No,0,41,53.95,Month-to-month,DSL,No,No,Electronic check
3594-BDSOA,No,0,24,20.4,One year,No,No internet service,No internet service,Credit card (automatic)
0431-APWVY,Yes,1,28,90.1,One year,Fiber optic,No,No,Bank transfer (automatic)
5133-VRSAB,No,0,8,29.35,Month-to-month,DSL,No,Yes,Mailed check
5996-DAOQL,No,0,1,20.45,Month-to-month,No,No internet service,No internet service,Mailed check
6838-YAUVY,No,0,54,95.1,Two year,Fiber optic,Yes,No,Bank transfer (automatic)
0484-JPBRU,No,0,41,25.25,Month-to-month,No,No internet service,No internet service,Bank transfer (automatic)
7883-ROJOC,No,0,19,44.9,Month-to-month,DSL,No,No,Mailed check
0244-LGNFY,No,0,72,92.65,Two year,DSL,Yes,Yes,Bank transfer (automatic)
7274-CGTOD,No,0,62,43.7,Two year,DSL,Yes,Yes,Bank transfer (automatic)
4295-YURET,No,0,56,72.6,Two year,DSL,Yes,Yes,Credit card (automatic)
3426-NIYYL,Yes,1,15,51.55,Month-to-month,DSL,No,No,Electronic check
8225-BTJAU,Yes,1,10,79.25,Month-to-month,Fiber optic,No,No,Electronic check
4635-EJYPD,No,0,32,18.95,Two year,No,No internet service,No internet service,Mailed check
1866-ZSLJM,No,0,21,20.5,Month-to-month,No,No internet service,No internet service,Credit card (automatic)
4636-TVXVG,No,0,62,19.95,One year,No,No internet service,No internet service,Bank transfer (automatic)
4236-UJPWO,No,0,2,24.5,Month-to-month,DSL,No,No,Electronic check
9392-XBGTD,No,0,27,20.6,Two year,No,No internet service,No internet service,Mailed check
3387-VATUS,Yes,1,5,94.85,Month-to-month,Fiber optic,No,No,Bank transfer (automatic)
6402-SSEJG,No,0,25,61.05,One year,DSL,No,Yes,Electronic check
1143-NMNQJ,Yes,1,2,85.7,Month-to-month,Fiber optic,No,No,Electronic check
1169-SAOCL,No,0,49,106.65,One year,Fiber optic,Yes,No,Bank transfer (automatic)
1110-KYLGQ,No,0,63,108.25,Month-to-month,Fiber optic,No,Yes,Credit card (automatic)
9929-PLVPA,No,0,4,20.4,Month-to-month,No,No internet service,No internet service,Credit card (automatic)
3518-PZXZQ,No,0,1,55.3,Month-to-month,DSL,No,No,Mailed check
2371-JUNGC,No,0,11,20.25,Month-to-month,No,No internet service,No internet service,Mailed check
7693-QPEFS,No,0,52,72.95,Month-to-month,Fiber optic,No,No,Bank transfer (automatic)
0924-BJCRC,No,0,60,89.45,Month-to-month,Fiber optic,No,No,Electronic check
5074-FBGHB,No,0,64,104.65,One year,Fiber optic,Yes,No,Credit card (automatic)
2351-BKRZW,No,0,43,75.2,Two year,DSL,No,Yes,Bank transfer (automatic)
4455-BFSPD,No,0,61,101.15,One year,Fiber optic,Yes,No,Bank transfer (automatic)
0415-MOSGF,Yes,1,1,44.4,Month-to-month,DSL,No,No,Mailed check
1724-BQUHA,Yes,1,5,89.5,Month-to-month,Fiber optic,No,No,Electronic check
3948-KXDUF,No,0,66,68.75,Two year,DSL,Yes,Yes,Bank transfer (automatic)
2323-ARSVR,No,0,67,111.05,Two year,Fiber optic,Yes,Yes,Electronic check
0815-MFZGM,No,0,42,99.0,Two year,Fiber optic,Yes,No,Credit card (automatic)
4826-XTSOH,Yes,1,1,86.05,Month-to-month,Fiber optic,No,No,Electronic check
5480-XTFFL,No,0,31,21.0,Two year,No,No internet service,No internet service,Mailed check
8295-FHIVV,No,0,7,19.4,Month-to-month,No,No internet service,No internet service,Mailed check
2495-INZWQ,Yes,1,4,44.55,Month-to-month,DSL,No,No,Electronic check
9086-YJYXS,No,0,34,77.2,One year,DSL,No,No,Bank transfer (automatic)
1179-INLAT,No,0,3,19.45,One year,No,No internet service,No internet service,Mailed check
7909-FIOIY,No,0,19,24.85,Month-to-month,DSL,No,No,Mailed check
4139-SUGLD,Yes,1,31,35.4,Month-to-month,DSL,Yes,Yes,Bank transfer (automatic)
6857-VWJDT,Yes,1,1,95.65,Month-to-month,Fiber optic,No,No,Mailed check
6351-SCJKT,No,0,3,41.35,Month-to-month,DSL,Yes,Yes,Mailed check
5468-BPMMO,No,0,46,19.6,Month-to-month,No,No internet service,No internet service,Electronic check
5624-BQSSA,Yes,1,1,20.95,Month-to-month,No,No internet service,No internet service,Mailed check
0197-PNKNK,No,0,69,84.45,One year,Fiber optic,No,Yes,Bank transfer (automatic)
2439-QKJUL,No,0,5,20.25,Month-to-month,No,No internet service,No internet service,Mailed check
1194-SPVSP,No,0,1,19.65,Month-to-month,No,No internet service,No internet service,Bank transfer (automatic)
9534-NSXEM,No,0,26,20.65,One year,No,No internet service,No internet service,Credit card (automatic)
2408-WITXK,Yes,1,10,34.7,Month-to-month,DSL,No,No,Electronic check
8929-KSWIH,No,0,25,99.3,Two year,Fiber optic,Yes,No,Bank transfer (automatic)
2250-IVBWA,No,0,64,81.05,Month-to-month,Fiber optic,No,Yes,Electronic check
1810-MVMAI,No,0,30,67.6,Month-to-month,DSL,Yes,Yes,Electronic check
9506-UXUSK,No,0,13,70.15,Month-to-month,Fiber optic,No,No,Electronic check
1229-RCALF,No,0,64,115.0,One year,Fiber optic,Yes,Yes,Electronic check
3572-UOLYZ,No,0,46,84.8,Month-to-month,Fiber optic,Yes,No,Bank transfer (automatic)
1429-UYJSV,No,0,12,19.7,One year,No,No internet service,No internet service,Mailed check
5577-OTWWW,Yes,1,15,19.75,Month-to-month,No,No internet service,No internet service,Bank transfer (automatic)
6100-QQHEB,Yes,1,17,92.55,Month-to-month,Fiber optic,No,No,Electronic check
6366-XIVKZ,No,0,13,63.15,Month-to-month,DSL,No,Yes,Mailed check
3470-OBUET,No,0,67,74.0,Two year,DSL,Yes,Yes,Credit card (automatic)
2770-NSVDG,No,0,24,29.1,Month-to-month,DSL,No,No,Electronic check
9375-MHRRS,No,0,6,50.05,Month-to-month,DSL,Yes,No,Mailed check
2634-HCZGT,Yes,1,53,60.05,One year,DSL,Yes,Yes,Electronic check
7503-QQRVF,Yes,1,16,74.3,Month-to-month,Fiber optic,No,No,Credit card (automatic)
4860-YZGZM,No,0,10,20.0,Month-to-month,No,No internet service,No internet service,Electronic check
6599-GZWCM,No,0,13,74.65,One year,Fiber optic,No,No,Mailed check
2691-NZETQ,Yes,1,9,85.35,Month-to-month,Fiber optic,No,No,Electronic check
4404-HIBDJ,Yes,1,25,74.3,One year,DSL,Yes,Yes,Mailed check
5533-NHFRF,No,0,7,44.4,Month-to-month,DSL,Yes,No,Electronic check
7037-MTYVW,No,0,38,85.4,Two year,DSL,Yes,Yes,Bank transfer (automatic)
4760-THGOT,No,0,43,94.1,Month-to-month,Fiber optic,No,Yes,Electronic check
7295-JOMMD,Yes,1,4,98.1,Month-to-month,Fiber optic,Yes,No,Bank transfer (automatic)
4016-BJKTZ,No,0,25,108.9,Two year,Fiber optic,Yes,No,Electronic check
6584-VQMYT,No,0,27,56.2,One year,DSL,No,Yes,Mailed check
9838-BFCQT,No,0,72,26.1,Two year,No,No internet service,No internet service,Mailed check
2790-XUYMV,No,0,71,85.45,One year,Fiber optic,No,Yes,Credit card (automatic)
0581-MDMPW,No,0,24,88.95,Month-to-month,Fiber optic,No,No,Credit card (automatic)
5013-SBUIH,Yes,1,50,109.65,Two year,Fiber optic,Yes,Yes,Electronic check
1023-BQXZE,No,0,57,74.35,Two year,DSL,No,Yes,Bank transfer (automatic)
9163-GHAYE,No,0,15,48.85,Month-to-month,DSL,No,No,Electronic check
3904-UKFRE,No,0,4,80.1,Month-to-month,Fiber optic,No,Yes,Electronic check
5353-WILCI,No,0,28,56.05,Month-to-month,DSL,No,Yes,Electronic check
0709-TVGUR,Yes,1,9,74.55,Month-to-month,Fiber optic,No,No,Electronic check
0058-EVZWM,No,0,55,89.8,Month-to-month,Fiber optic,No,Yes,Bank transfer (automatic)
6023-YEBUP,Yes,1,3,100.95,Month-to-month,Fiber optic,No,No,Electronic check
7209-JCUDS,Yes,1,10,94.9,Month-to-month,Fiber optic,No,No,Electronic check
7009-PCARS,No,0,55,19.1,One year,No,No internet service,No internet service,Bank transfer (automatic)
0519-DRGTI,No,0,20,20.35,Month-to-month,No,No internet service,No internet service,Mailed check
1017-FBQMM,No,0,62,106.05,One year,Fiber optic,Yes,No,Credit card (automatic)
3001-CBHLQ,Yes,1,32,104.9,Month-to-month,Fiber optic,Yes,No,Electronic check
1985-MBRYP,No,0,43,19.65,Two year,No,No internet service,No internet service,Bank transfer (automatic)
6158-DWPZT,Yes,1,9,24.1,One year,DSL,No,No,Bank transfer (automatic)
9372-TXXPS,No,0,60,59.85,Two year,DSL,Yes,Yes,Bank transfer (automatic)
3259-QMXUN,No,0,58,86.1,Two year,DSL,No,Yes,Electronic check
1015-JPFYW,No,0,7,19.45,One year,No,No internet service,No internet service,Mailed check
6645-MXQJT,No,0,2,97.1,Month-to-month,Fiber optic,No,Yes,Electronic check
4360-QRAVE,No,0,37,36.65,Month-to-month,DSL,No,No,Electronic check
8433-WPJTV,No,0,65,103.9,One year,Fiber optic,Yes,No,Bank transfer (automatic)
5804-JMYIO,No,0,39,19.75,Two year,No,No internet service,No internet service,Mailed check
3763-GCZHZ,Yes,1,66,104.05,One year,Fiber optic,Yes,No,Electronic check
6484-LATFU,No,0,68,24.55,Two year,No,No internet service,No internet service,Mailed check
7599-NTMDP,No,0,62,48.7,Two year,DSL,Yes,Yes,Bank transfer (automatic)
0772-GYEQQ,Yes,1,3,88.35,Month-to-month,Fiber optic,Yes,No,Mailed check
0536-ACXIP,No,0,72,109.55,Two year,Fiber optic,No,Yes,Electronic check
0936-NQLJU,No,0,41,20.65,Two year,No,No internet service,No internet service,Credit card (automatic)
4831-EOBFE,Yes,1,29,94.65,Month-to-month,Fiber optic,No,Yes,Credit card (automatic)
1575-KRZZE,No,0,4,55.2,Month-to-month,DSL,No,Yes,Electronic check
3251-YMVWZ,No,0,53,24.05,One year,No,No internet service,No internet service,Bank transfer (automatic)
4102-OQUPX,Yes,1,1,74.4,Month-to-month,Fiber optic,No,No,Electronic check
9170-GYZJC,Yes,1,41,79.9,Month-to-month,DSL,Yes,Yes,Credit card (automatic)
4884-LEVMQ,No,0,39,20.45,Two year,No,No internet service,No internet service,Bank transfer (automatic)
8857-CUPFQ,No,0,63,19.25,Two year,No,No internet service,No internet service,Mailed check
7610-TVOPG,No,0,15,26.35,Month-to-month,No,No internet service,No internet service,Electronic check
3638-DIMPH,No,0,13,43.8,One year,DSL,No,No,Electronic check
1845-ZLLIG,No,0,1,50.15,Month-to-month,DSL,No,No,Mailed check
8559-WNQZS,No,0,1,20.45,Two year,No,No internet service,No internet service,Mailed check
3999-QGRJH,Yes,1,8,69.7,Month-to-month,Fiber optic,No,No,Electronic check
1699-UOTXU,No,0,60,61.4,Two year,DSL,No,Yes,Electronic check
2454-RPBRZ,Yes,1,12,98.1,Month-to-month,Fiber optic,No,No,Electronic check
0635-WKOLD,No,0,40,70.75,One year,DSL,Yes,No,Credit card (automatic)
5993-JSUWV,No,0,66,61.15,Two year,DSL,No,Yes,Bank transfer (automatic)
4518-FZBSX,No,0,42,20.25,One year,No,No internet service,No internet service,Mailed check
5387-ASZNZ,No,0,66,63.85,One year,DSL,Yes,Yes,Credit card (automatic)
6988-CJEYV,No,0,49,98.7,Month-to-month,Fiber optic,No,No,Electronic check
2002-MZHWP,Yes,1,1,20.5,Month-to-month,No,No internet service,No internet service,Mailed check
3097-FQTVJ,No,0,41,20.0,Two year,No,No internet service,No internet service,Mailed check
5465-BUBFA,No,0,41,19.3,Two year,No,No internet service,No internet service,Bank transfer (automatic)
7299-GNVPL,No,0,23,84.4,Month-to-month,Fiber optic,Yes,Yes,Mailed check
9743-DQKQW,No,0,3,25.1,Month-to-month,DSL,No,No,Electronic check
1215-VFYVK,No,0,4,48.25,Month-to-month,DSL,Yes,Yes,Mailed check
9371-BITHB,No,0,52,19.85,Two year,No,No internet service,No internet service,Mailed check
2265-CYWIV,Yes,1,4,99.6,Month-to-month,Fiber optic,No,Yes,Electronic check
9093-FPDLG,No,0,11,94.2,Month-to-month,Fiber optic,Yes,No,Electronic check
0541-FITGH,No,0,2,62.15,Month-to-month,DSL,No,Yes,Mailed check
6985-HAYWX,No,0,26,79.3,Month-to-month,Fiber optic,No,No,Bank transfer (automatic)
7508-KBIMB,No,0,24,56.25,One year,DSL,No,Yes,Credit card (automatic)
6838-HVLXG,No,0,12,20.3,Month-to-month,No,No internet service,No internet service,Mailed check
2277-DJJDL,No,0,60,99.0,Month-to-month,Fiber optic,Yes,No,Electronic check
1897-OKVMW,No,0,64,90.6,Two year,DSL,Yes,Yes,Mailed check
5485-ITNPC,No,0,66,85.9,Two year,DSL,Yes,Yes,Bank transfer (automatic)
0233-FTHAV,No,0,60,79.2,One year,Fiber optic,No,No,Bank transfer (automatic)
4644-PIZRT,No,0,17,70.35,One year,DSL,No,Yes,Bank transfer (automatic)
8922-NPKBJ,No,0,42,19.35,Two year,No,No internet service,No internet service,Mailed check
2740-TVLFN,No,0,1,50.15,Month-to-month,DSL,No,No,Electronic check
7771-CFQRQ,No,0,47,63.8,Two year,DSL,Yes,No,Bank transfer (automatic)
9512-PHSMG,No,0,10,20.55,Month-to-month,No,No internet service,No internet service,Mailed check
6963-EZQEE,No,0,70,88.55,Two year,DSL,Yes,Yes,Credit card (automatic)
2452-KDRRH,No,0,67,101.4,Month-to-month,Fiber optic,No,No,Credit card (automatic)
2004-OCQXK,Yes,1,1,81.95,Month-to-month,Fiber optic,No,No,Electronic check
5027-QPKTE,Yes,1,7,69.35,Month-to-month,Fiber optic,No,No,Electronic check
4146-SVFUD,No,0,1,44.6,Month-to-month,DSL,No,No,Mailed check
1564-HJUVY,No,0,4,63.75,Month-to-month,DSL,Yes,No,Bank transfer (automatic)
3617-XLSGQ,No,0,66,109.25,Two year,Fiber optic,No,Yes,Bank transfer (automatic)
7517-LDMPS,No,0,12,84.6,Month-to-month,Fiber optic,No,No,Electronic check
7244-KXYZN,No,0,24,20.45,One year,No,No internet service,No internet service,Credit card (automatic)
5226-NOZFC,No,0,26,85.75,Month-to-month,Fiber optic,No,No,Electronic check
2672-HUYVI,Yes,1,6,91.1,Month-to-month,Fiber optic,No,No,Electronic check
1400-WIVLL,No,0,57,107.95,Two year,Fiber optic,Yes,No,Electronic check
7508-MYBOG,Yes,1,14,86.1,Month-to-month,Fiber optic,No,No,Electronic check
8148-NLEGT,No,0,42,22.95,Two year,No,No internet service,No internet service,Electronic check
0148-DCDOS,Yes,1,25,94.7,Month-to-month,Fiber optic,No,No,Bank transfer (automatic)
8347-GDTMP,No,0,64,19.45,Two year,No,No internet service,No internet service,Credit card (automatic)
9992-RRAMN,Yes,1,22,85.1,Month-to-month,Fiber optic,No,No,Electronic check
6746-WAUWT,No,0,19,19.7,One year,No,No internet service,No internet service,Credit card (automatic)
0310-MVLET,Yes,1,61,99.15,Month-to-month,Fiber optic,No,No,Electronic check
0428-IKYCP,No,0,22,87.0,Month-to-month,Fiber optic,No,No,Bank transfer (automatic)
4550-VBOFE,Yes,1,70,102.95,Month-to-month,Fiber optic,No,No,Electronic check
2187-PKZAY,No,0,12,79.95,Month-to-month,Fiber optic,No,No,Bank transfer (automatic)
4003-OCTMP,No,0,31,64.0,One year,DSL,Yes,Yes,Electronic check
6652-YFFJO,No,0,11,64.9,Month-to-month,DSL,No,No,Electronic check
7225-IILWY,No,0,68,25.75,Two year,No,No internet service,No internet service,Mailed check
5248-RPYWW,No,0,72,90.15,Two year,DSL,Yes,Yes,Bank transfer (automatic)
7923-IYJWY,No,0,67,116.1,Two year,Fiber optic,Yes,Yes,Credit card (automatic)
3170-GWYKC,No,0,60,104.95,Month-to-month,Fiber optic,Yes,Yes,Bank transfer (automatic)
5696-QURRL,Yes,1,1,45.05,Month-to-month,DSL,No,No,Mailed check
7409-KIUTL,Yes,1,1,71.0,Month-to-month,Fiber optic,No,No,Electronic check
9830-ECLEN,No,0,58,50.0,One year,DSL,No,Yes,Mailed check
1732-VHUBQ,Yes,1,47,70.55,Month-to-month,Fiber optic,No,No,Bank transfer (automatic)
0495-RVCBF,Yes,1,1,79.7,Month-to-month,Fiber optic,No,No,Electronic check
2668-TZSPS,No,0,1,20.45,Month-to-month,No,No internet service,No internet service,Mailed check
7854-EDSSA,Yes,1,22,59.0,Month-to-month,DSL,No,Yes,Electronic check
8869-TORSS,Yes,1,48,60.35,One year,DSL,Yes,Yes,Credit card (automatic)
7446-SFAOA,No,0,37,19.85,One year,No,No internet service,No internet service,Bank transfer (automatic)
9522-ZSINC,No,0,13,19.95,One year,No,No internet service,No internet service,Electronic check
8234-GSZYK,No,0,43,26.45,Two year,No,No internet service,No internet service,Bank transfer (automatic)
6505-OZNPG,No,0,6,63.4,Two year,DSL,Yes,Yes,Mailed check
6164-HAQTX,No,0,71,53.95,Two year,DSL,Yes,Yes,Bank transfer (automatic)
0679-IDSTG,Yes,1,1,69.25,Month-to-month,Fiber optic,No,No,Electronic check
7765-LWVVH,No,0,72,95.1,Two year,Fiber optic,No,Yes,Electronic check
1658-TJVOA,No,0,6,74.1,Month-to-month,Fiber optic,No,Yes,Electronic check
0953-LGOVU,No,0,12,35.5,Month-to-month,DSL,Yes,No,Mailed check
2115-BFTIW,Yes,1,25,70.95,Month-to-month,Fiber optic,No,No,Mailed check
4692-NNQRU,No,0,21,79.2,One year,Fiber optic,Yes,No,Electronic check
7742-MYPGI,No,0,6,48.8,Month-to-month,DSL,Yes,No,Mailed check
0611-DFXKO,Yes,1,20,89.0,Month-to-month,Fiber optic,No,No,Mailed check
7780-OTDSO,Yes,1,18,99.4,Month-to-month,Fiber optic,No,Yes,Electronic check
9619-GSATL,No,0,43,55.45,One year,DSL,Yes,No,Electronic check
5622-UEJFI,No,0,35,25.4,Two year,No,No internet service,No internet service,Credit card (automatic)
9747-DDZOS,Yes,1,1,73.5,Month-to-month,Fiber optic,No,No,Bank transfer (automatic)
0674-DGMAQ,No,0,32,93.5,Month-to-month,Fiber optic,No,No,Electronic check
6203-HBZPA,No,0,52,63.9,Two year,DSL,Yes,Yes,Credit card (automatic)
0484-FFVBJ,No,0,32,64.85,One year,DSL,No,No,Bank transfer (automatic)
0301-FIDRB,No,0,72,63.8,Two year,DSL,Yes,Yes,Bank transfer (automatic)
4139-JPIAM,No,0,51,44.45,Month-to-month,DSL,Yes,Yes,Credit card (automatic)
2181-TIDSV,No,0,68,19.95,Two year,No,No internet service,No internet service,Bank transfer (automatic)
2761-XECQW,No,0,8,43.35,Month-to-month,DSL,No,No,Mailed check
1936-CZAKF,No,0,49,49.65,Two year,DSL,No,No,Credit card (automatic)
9453-PATOS,No,0,72,85.1,Two year,DSL,Yes,Yes,Mailed check
0564-JJHGS,Yes,1,9,95.5,Month-to-month,Fiber optic,No,No,Electronic check
3348-CFRNX,Yes,1,28,92.35,Month-to-month,Fiber optic,No,Yes,Mailed check
4402-FTBXC,No,0,54,89.8,Month-to-month,Fiber optic,No,Yes,Mailed check
1428-GTBJJ,Yes,1,11,74.55,Month-to-month,Fiber optic,No,No,Electronic check
2931-XIQBR,No,0,50,103.05,One year,Fiber optic,Yes,No,Mailed check
0106-UGRDO,No,0,69,116.0,Two year,Fiber optic,Yes,Yes,Electronic check
5542-TBBWB,No,0,1,69.9,Month-to-month,Fiber optic,No,No,Electronic check
1930-QPBVZ,No,0,68,95.1,Two year,Fiber optic,Yes,Yes,Bank transfer (automatic)
2606-PKWJB,No,0,40,40.25,One year,DSL,Yes,Yes,Mailed check
5322-ZSMZY,No,0,31,25.75,Two year,No,No internet service,No internet service,Mailed check
8059-UDZFY,No,0,33,105.35,Month-to-month,Fiber optic,No,No,Bank transfer (automatic)
7740-BTPUX,No,0,55,113.6,Two year,Fiber optic,Yes,No,Electronic check
5220-AGAAX,No,0,68,24.0,Two year,No,No internet service,No internet service,Bank transfer (automatic)
0208-BPQEJ,No,0,12,19.4,Month-to-month,No,No internet service,No internet service,Bank transfer (automatic)
9435-JMLSX,No,0,71,86.1,Two year,DSL,Yes,Yes,Bank transfer (automatic)
3352-ALMCK,No,0,40,102.65,Month-to-month,Fiber optic,No,No,Mailed check
5312-IRCFR,No,0,64,92.85,One year,Fiber optic,No,No,Electronic check
5294-IMHHT,No,0,53,97.75,One year,Fiber optic,Yes,No,Bank transfer (automatic)
8802-UNOJF,Yes,1,12,83.8,Month-to-month,Fiber optic,Yes,No,Mailed check
6313-GIDIT,Yes,1,53,54.45,Month-to-month,DSL,No,No,Electronic check
6176-YJWAS,No,0,72,97.95,Two year,Fiber optic,No,Yes,Credit card (automatic)
5310-NOOVA,No,0,46,19.95,Two year,No,No internet service,No internet service,Electronic check
4526-EXKKN,No,0,40,24.6,Two year,No,No internet service,No internet service,Mailed check
5311-IHLEI,No,0,12,50.95,Month-to-month,DSL,Yes,Yes,Bank transfer (automatic)
3987-KQDDU,No,0,9,75.6,Month-to-month,Fiber optic,No,Yes,Electronic check
3404-JNXAX,No,0,51,80.75,Month-to-month,Fiber optic,Yes,No,Electronic check
5131-PONJI,No,0,49,90.4,Month-to-month,Fiber optic,No,No,Credit card (automatic)
2845-AFFTX,Yes,1,41,99.8,Month-to-month,Fiber optic,No,No,Electronic check
3489-VSFRD,No,0,56,60.25,One year,DSL,Yes,Yes,Credit card (automatic)
3345-JHUEO,No,0,4,20.2,Month-to-month,No,No internet service,No internet service,Electronic check
5815-HGGHV,No,0,20,64.15,One year,DSL,Yes,Yes,Mailed check
5260-UMPWX,No,0,26,20.25,Month-to-month,No,No internet service,No internet service,Credit card (automatic)
2249-YPRNG,Yes,1,20,105.85,Month-to-month,Fiber optic,No,No,Bank transfer (automatic)
7410-YTJIK,Yes,1,7,75.45,Month-to-month,Fiber optic,No,No,Mailed check
4626-GYCZP,Yes,1,7,93.85,Month-to-month,Fiber optic,No,No,Electronic check
5649-RXQTV,No,0,51,99.0,Month-to-month,Fiber optic,No,No,Electronic check
2674-MIAHT,No,0,4,80.3,Month-to-month,Fiber optic,No,No,Mailed check
2576-HXMPA,No,0,1,19.55,Month-to-month,No,No internet service,No internet service,Credit card (automatic)
7587-AOVVU,No,0,27,100.75,Month-to-month,Fiber optic,Yes,Yes,Electronic check
5590-BYNII,Yes,1,22,100.75,Month-to-month,Fiber optic,No,Yes,Electronic check
6898-MDLZW,No,0,12,53.75,Month-to-month,DSL,Yes,No,Mailed check
3237-AJGEH,Yes,1,3,31.0,Month-to-month,DSL,Yes,No,Mailed check
4707-YNOQA,No,0,34,25.6,One year,No,No internet service,No internet service,Credit card (automatic)
9357-UJRUN,No,0,24,58.35,One year,DSL,Yes,Yes,Electronic check
1591-NFNLQ,Yes,1,51,80.0,Month-to-month,Fiber optic,No,No,Credit card (automatic)
8648-PFRMP,No,0,14,46.35,Month-to-month,DSL,No,No,Electronic check
7663-CUXZB,No,0,59,113.75,Two year,Fiber optic,Yes,Yes,Electronic check
0258-NOKBL,No,0,3,90.4,Month-to-month,Fiber optic,No,No,Electronic check
1163-VIPRI,No,0,65,109.3,Two year,Fiber optic,Yes,Yes,Electronic check
2815-CPTUL,Yes,1,5,70.25,Month-to-month,Fiber optic,No,No,Mailed check
9348-ROUAI,No,0,59,90.3,Two year,DSL,Yes,Yes,Credit card (automatic)
9443-JUBUO,No,0,72,65.25,Two year,DSL,Yes,Yes,Credit card (automatic)
0596-BQCEQ,Yes,1,62,100.15,Month-to-month,Fiber optic,No,No,Electronic check
1481-ZUWZA,Yes,1,28,94.5,Month-to-month,Fiber optic,No,Yes,Credit card (automatic)
3043-TYBNO,No,0,3,60.65,Month-to-month,DSL,Yes,No,Mailed check
4830-FAXFM,No,0,19,24.1,Month-to-month,No,No internet service,No internet service,Credit card (automatic)
5906-BFOZT,No,0,1,19.5,Month-to-month,No,No internet service,No internet service,Mailed check
2960-NKRSO,No,0,24,85.95,Month-to-month,Fiber optic,Yes,No,Electronic check
8996-ZROXE,No,0,57,53.5,One year,DSL,Yes,No,Electronic check
5598-IKHQQ,No,0,72,25.45,Two year,No,No internet service,No internet service,Credit card (automatic)
0397-ZXWQF,No,0,67,20.5,Two year,No,No internet service,No internet service,Bank transfer (automatic)
5266-PFRQK,No,0,52,20.85,One year,No,No internet service,No internet service,Credit card (automatic)
4674-HGNUA,No,0,71,89.9,Two year,DSL,Yes,Yes,Credit card (automatic)
6765-MBQNU,No,0,26,26.0,One year,No,No internet service,No internet service,Mailed check
9786-IJYDL,No,0,35,113.2,Two year,Fiber optic,Yes,Yes,Mailed check
1303-SRDOK,No,0,55,69.05,Two year,Fiber optic,No,No,Credit card (automatic)
3769-MHZNV,No,0,33,20.1,Two year,No,No internet service,No internet service,Mailed check
6295-OSINB,No,0,72,109.65,Two year,Fiber optic,No,Yes,Electronic check
3308-MHOOC,No,0,1,19.2,Month-to-month,No,No internet service,No internet service,Mailed check
2309-OSFEU,Yes,1,10,33.9,Month-to-month,DSL,No,No,Mailed check
2207-QPJED,No,0,37,90.0,Month-to-month,Fiber optic,Yes,No,Electronic check
4177-JPDFU,No,0,12,34.0,Month-to-month,DSL,Yes,No,Mailed check
2239-CFOUJ,No,0,1,20.4,One year,No,No internet service,No internet service,Mailed check
8046-DNVTL,No,0,62,38.6,Two year,DSL,Yes,Yes,Credit card (automatic)
2209-XADXF,No,0,1,25.25,Month-to-month,DSL,No,No,Bank transfer (automatic)
6620-JDYNW,No,0,18,60.6,Month-to-month,DSL,No,Yes,Mailed check
1891-FZYSA,Yes,1,69,89.95,Month-to-month,Fiber optic,No,No,Electronic check
4770-UEZOX,No,0,2,74.75,Month-to-month,Fiber optic,No,No,Electronic check
1038-RQOST,No,0,19,20.6,Month-to-month,No,No internet service,No internet service,Mailed check
7613-LLQFO,Yes,1,12,84.45,Month-to-month,Fiber optic,No,No,Electronic check
4568-TTZRT,No,0,9,20.4,Month-to-month,No,No internet service,No internet service,Mailed check
9513-DXHDA,No,0,27,81.7,One year,DSL,Yes,Yes,Electronic check
2640-PMGFL,Yes,1,27,79.5,Month-to-month,Fiber optic,Yes,No,Electronic check
3801-HMYNL,Yes,1,1,89.15,Month-to-month,Fiber optic,No,No,Mailed check
0516-QREYC,No,0,24,20.3,Month-to-month,No,No internet service,No internet service,Mailed check
9685-WKZGT,Yes,1,14,74.95,Month-to-month,Fiber optic,No,No,Electronic check
6022-UGGSO,Yes,1,32,74.4,Month-to-month,Fiber optic,No,No,Electronic check
8084-OIVBS,No,0,11,20.0,One year,No,No internet service,No internet service,Mailed check
8896-BQTTI,No,0,1,25.0,Month-to-month,No,No internet service,No internet service,Mailed check
3865-QBWSJ,No,0,38,80.45,Month-to-month,Fiber optic,No,Yes,Mailed check
3352-RICWQ,No,0,9,19.75,Two year,No,No internet service,No internet service,Mailed check
2160-GPFXD,No,0,54,65.65,Two year,DSL,Yes,Yes,Credit card (automatic)
2065-MMKGR,No,0,29,71.0,One year,DSL,No,No,Credit card (automatic)
5857-TYBCJ,No,0,44,89.2,Month-to-month,Fiber optic,No,No,Electronic check
1498-NHTLT,No,0,59,86.75,Two year,DSL,Yes,Yes,Electronic check
4484-CGXFK,Yes,1,3,55.3,Month-to-month,DSL,No,No,Electronic check
1402-PTHGN,No,0,18,61.5,One year,DSL,Yes,Yes,Mailed check
4176-RELJR,No,0,67,25.1,Two year,No,No internet service,No internet service,Credit card (automatic)
6214-EDAKZ,Yes,1,22,55.15,Month-to-month,DSL,Yes,No,Electronic check
5199-FPUSP,No,0,33,34.05,One year,DSL,Yes,Yes,Credit card (automatic)
6377-KSLXC,No,0,5,19.95,Month-to-month,No,No internet service,No internet service,Mailed check
1796-JANOW,No,0,2,19.95,Month-to-month,No,No internet service,No internet service,Mailed check
0238-WHBIQ,No,0,72,89.7,Two year,DSL,Yes,Yes,Credit card (automatic)
8735-NBLWT,No,0,9,20.4,Month-to-month,No,No internet service,No internet service,Mailed check
6651-RLGGM,No,0,67,26.3,Two year,No,No internet service,No internet service,Mailed check
6127-ISGTU,Yes,1,16,84.95,Month-to-month,Fiber optic,No,No,Electronic check
1614-JBEBI,No,0,8,20.7,Month-to-month,No,No internet service,No internet service,Mailed check
8740-XLHDR,Yes,1,5,43.25,Month-to-month,DSL,Yes,Yes,Mailed check
1208-DNHLN,Yes,1,23,48.35,One year,DSL,No,No,Credit card (automatic)
1761-AEZZR,Yes,1,1,79.55,Month-to-month,Fiber optic,No,No,Electronic check
3923-CSIHK,Yes,1,50,71.05,Month-to-month,Fiber optic,No,No,Electronic check
5696-EXCYS,No,0,17,19.45,Two year,No,No internet service,No internet service,Credit card (automatic)
5795-KTGUD,No,0,68,110.8,Two year,Fiber optic,No,Yes,Bank transfer (automatic)
7120-RFMVS,Yes,1,1,84.5,Month-to-month,Fiber optic,No,No,Electronic check
7924-GJZFI,No,0,25,69.3,Month-to-month,Fiber optic,No,No,Electronic check
4702-HDRKD,No,0,67,49.35,One year,DSL,Yes,Yes,Bank transfer (automatic)
8512-WIWYV,No,0,32,20.35,One year,No,No internet service,No internet service,Credit card (automatic)
5897-ZYEKH,No,0,67,105.6,One year,Fiber optic,No,Yes,Electronic check
5456-ITGIC,No,0,72,64.45,Two year,DSL,Yes,Yes,Credit card (automatic)
7317-GGVPB,Yes,1,71,108.6,Two year,Fiber optic,Yes,No,Credit card (automatic)
1406-PUQVY,No,0,1,49.9,Month-to-month,DSL,No,No,Electronic check
1322-AGOQM,Yes,1,46,30.3,Month-to-month,DSL,No,No,Bank transfer (automatic)
3677-IYRBF,Yes,1,2,30.4,Month-to-month,DSL,No,No,Electronic check
5692-FPTAH,Yes,1,1,45.4,Month-to-month,DSL,No,No,Mailed check
9114-AAFQH,No,0,48,65.65,One year,DSL,No,No,Electronic check
8715-KKTFG,No,0,61,103.3,One year,Fiber optic,Yes,No,Bank transfer (automatic)
1550-LOAHA,Yes,1,32,84.15,Month-to-month,Fiber optic,No,No,Bank transfer (automatic)
1728-BQDMA,No,0,2,44.45,Month-to-month,DSL,No,No,Electronic check
0268-QKIWO,Yes,1,3,19.75,Month-to-month,No,No internet service,No internet service,Electronic check
0876-WDUUZ,Yes,1,5,85.4,Month-to-month,Fiber optic,Yes,No,Credit card (automatic)
5117-ZSMHQ,No,0,71,89.9,Two year,DSL,Yes,Yes,Bank transfer (automatic)
5151-HQRDG,No,0,37,55.05,Month-to-month,DSL,No,Yes,Mailed check
0960-HUWBM,No,0,65,104.1,Two year,Fiber optic,Yes,No,Bank transfer (automatic)
6465-GSRCL,No,0,67,106.6,One year,Fiber optic,Yes,No,Bank transfer (automatic)
0617-FHSGK,Yes,1,49,75.2,Month-to-month,Fiber optic,No,No,Credit card (automatic)
0263-FJTQO,No,0,50,70.5,Two year,DSL,Yes,Yes,Credit card (automatic)
7319-ZNRTR,No,0,25,19.6,One year,No,No internet service,No internet service,Electronic check
2858-MOFSQ,Yes,1,17,55.85,One year,DSL,No,No,Mailed check
7503-EPSZW,No,0,64,24.05,Two year,No,No internet service,No internet service,Mailed check
7089-XXAYG,No,0,25,38.1,One year,DSL,No,No,Credit card (automatic)
8118-LSUEL,Yes,1,23,106.4,Month-to-month,Fiber optic,No,No,Electronic check
8070-AAWZP,No,0,24,34.25,Month-to-month,DSL,Yes,No,Mailed check
1666-JXLKU,No,0,37,100.05,Month-to-month,Fiber optic,No,No,Electronic check
7855-DIWPO,No,0,21,68.65,Month-to-month,Fiber optic,No,No,Electronic check
5133-POWUA,No,0,1,45.8,Month-to-month,DSL,No,No,Mailed check
5652-MSDEY,No,0,10,75.75,Month-to-month,Fiber optic,No,No,Mailed check
7005-CCBKV,Yes,1,6,84.4,Month-to-month,Fiber optic,No,No,Electronic check
1810-BOHSY,No,0,51,96.4,One year,Fiber optic,No,Yes,Credit card (automatic)
1784-BXEFA,No,0,10,20.55,Month-to-month,No,No internet service,No internet service,Mailed check
7351-MHQVU,No,0,6,50.95,Month-to-month,DSL,Yes,Yes,Credit card (automatic)
9224-VTYID,No,0,47,90.5,Two year,DSL,Yes,Yes,Mailed check
9500-IWPXQ,No,0,61,79.4,One year,DSL,Yes,Yes,Electronic check
5762-TJXGK,No,0,52,58.75,Two year,DSL,No,Yes,Bank transfer (automatic)
4504-YOULA,No,0,35,59.45,Month-to-month,DSL,No,Yes,Credit card (automatic)
5569-IDSEY,No,0,71,105.7,One year,Fiber optic,No,No,Bank transfer (automatic)
4250-FDVOU,Yes,1,6,56.25,Month-to-month,DSL,No,Yes,Electronic check
7284-ZZLOH,No,0,45,53.3,Two year,DSL,No,Yes,Credit card (automatic)
5277-ZLOOR,Yes,1,2,85.55,Month-to-month,Fiber optic,No,No,Electronic check
2141-RRYGO,Yes,1,4,68.65,Month-to-month,DSL,No,No,Bank transfer (automatic)
1777-JYQPJ,No,0,2,24.3,Month-to-month,DSL,No,No,Mailed check
6376-GAHQE,Yes,1,4,77.85,Month-to-month,Fiber optic,No,No,Electronic check
3401-URHDA,No,0,51,59.9,One year,DSL,Yes,Yes,Credit card (automatic)
1599-EAHXY,No,0,60,23.95,One year,No,No internet service,No internet service,Credit card (automatic)
8631-XVRZL,No,0,9,20.15,One year,No,No internet service,No internet service,Mailed check
5052-PNLOS,Yes,1,3,105.35,Month-to-month,Fiber optic,No,No,Bank transfer (automatic)
3853-LYGAM,No,0,17,95.65,Month-to-month,Fiber optic,Yes,No,Bank transfer (automatic)
6979-ZNSFF,Yes,1,8,87.05,Month-to-month,Fiber optic,No,No,Electronic check
5751-USDBL,No,0,46,81.0,Two year,DSL,Yes,Yes,Mailed check
5680-LQOGP,No,0,68,82.45,Two year,DSL,Yes,Yes,Credit card (automatic)
2386-LAHRK,Yes,1,1,53.5,Month-to-month,DSL,No,No,Mailed check
8189-DUKMV,No,0,4,20.5,One year,No,No internet service,No internet service,Bank transfer (automatic)
6032-IGALN,Yes,1,1,25.1,Month-to-month,DSL,No,No,Mailed check
9931-DCEZH,No,0,28,54.4,One year,DSL,Yes,No,Credit card (automatic)
1898-JSNDC,No,0,39,58.6,One year,DSL,No,No,Credit card (automatic)
0315-LVCRK,No,0,11,84.8,Month-to-month,Fiber optic,No,No,Electronic check
3911-RSNHI,No,0,71,61.4,Two year,DSL,Yes,No,Credit card (automatic)
2410-CIYFZ,No,0,2,20.4,Month-to-month,No,No internet service,No internet service,Mailed check
4248-HCETZ,Yes,1,30,79.65,Month-to-month,Fiber optic,No,No,Mailed check
5505-OVWQW,No,0,17,20.15,One year,No,No internet service,No internet service,Mailed check
7271-AJDTL,No,0,55,94.45,Month-to-month,Fiber optic,No,No,Credit card (automatic)
1867-TJHTS,No,0,58,79.8,Month-to-month,Fiber optic,No,Yes,Bank transfer (automatic)
0516-WJVXC,Yes,1,5,54.2,Month-to-month,DSL,Yes,Yes,Electronic check
9174-FKWZE,Yes,1,1,19.45,Month-to-month,No,No internet service,No internet service,Electronic check
6860-YRJZP,No,0,9,74.05,Month-to-month,Fiber optic,No,No,Electronic check
4429-WYGFR,No,0,26,49.15,Month-to-month,DSL,Yes,No,Bank transfer (automatic)
2817-LVCPP,No,0,50,19.4,Two year,No,No internet service,No internet service,Credit card (automatic)
5038-ETMLM,No,0,72,113.65,Two year,Fiber optic,Yes,Yes,Bank transfer (automatic)
5056-FIMPT,No,0,43,106.0,One year,Fiber optic,Yes,Yes,Credit card (automatic)
4521-WFJAI,No,0,56,25.95,Two year,No,No internet service,No internet service,Bank transfer (automatic)
6569-KTMDU,No,0,1,19.1,Month-to-month,No,No internet service,No internet service,Mailed check
8809-RIHDD,Yes,1,72,103.4,Two year,Fiber optic,No,No,Electronic check
8809-XKHMD,No,0,72,100.55,Two year,Fiber optic,Yes,Yes,Bank transfer (automatic)
0396-YCHWO,No,0,36,95.4,Month-to-month,Fiber optic,No,No,Electronic check
0867-LDTTC,No,0,5,75.15,Month-to-month,DSL,Yes,No,Bank transfer (automatic)
4822-NGOCH,Yes,1,13,84.45,Month-to-month,Fiber optic,No,No,Electronic check
9391-DXGGG,No,0,44,89.15,One year,Fiber optic,No,No,Credit card (automatic)
9844-FELAJ,No,0,70,107.9,One year,Fiber optic,Yes,No,Electronic check
2122-SZZZD,No,0,44,19.5,One year,No,No internet service,No internet service,Credit card (automatic)
5307-DZCVC,Yes,1,32,85.95,Month-to-month,Fiber optic,No,No,Credit card (automatic)
3148-AOIQT,No,0,69,24.95,Two year,No,No internet service,No internet service,Credit card (automatic)
8679-JOEVF,Yes,1,16,59.4,Month-to-month,DSL,Yes,No,Electronic check
8395-ETZKQ,No,0,68,19.5,One year,No,No internet service,No internet service,Bank transfer (automatic)
6692-YQHXC,No,0,16,69.95,Month-to-month,Fiber optic,No,No,Credit card (automatic)
3889-VWBID,No,0,68,82.85,Two year,DSL,Yes,Yes,Bank transfer (automatic)
5222-JCXZT,No,0,4,19.0,Month-to-month,No,No internet service,No internet service,Mailed check
9754-CLVZW,No,0,26,38.85,Month-to-month,DSL,Yes,Yes,Credit card (automatic)
1432-FPAXX,Yes,1,29,30.6,Month-to-month,DSL,No,No,Electronic check
2739-CCZMB,No,0,5,20.35,Month-to-month,No,No internet service,No internet service,Credit card (automatic)
7080-TNUWP,No,0,70,95.0,One year,Fiber optic,No,No,Bank transfer (automatic)
0496-AHOOK,No,0,24,74.4,One year,DSL,Yes,Yes,Bank transfer (automatic)
8336-TAVKX,No,0,72,78.45,Two year,DSL,Yes,Yes,Bank transfer (automatic)
2468-SJFLM,No,0,1,74.3,Month-to-month,Fiber optic,Yes,No,Mailed check
3181-VTHOE,No,0,70,51.05,One year,DSL,Yes,No,Bank transfer (automatic)
7168-HDQHG,No,0,36,19.2,Month-to-month,No,No internet service,No internet service,Bank transfer (automatic)
4803-AXVYP,Yes,1,38,99.55,Month-to-month,Fiber optic,Yes,No,Electronic check
3884-HCSWG,Yes,1,17,70.0,Month-to-month,Fiber optic,No,No,Electronic check
4567-AKPIA,No,0,41,109.1,One year,Fiber optic,Yes,No,Bank transfer (automatic)
5077-DXTCG,Yes,1,1,45.3,Month-to-month,DSL,No,No,Electronic check
1142-WACZW,Yes,1,2,29.85,Month-to-month,DSL,Yes,No,Bank transfer (automatic)
7901-HXJVA,No,0,14,76.45,Month-to-month,Fiber optic,No,No,Electronic check
5649-ANRML,Yes,1,2,95.1,Month-to-month,Fiber optic,Yes,No,Credit card (automatic)
4892-VLANZ,Yes,1,1,19.8,Month-to-month,No,No internet service,No internet service,Mailed check
5924-IFQTT,No,0,13,72.8,Month-to-month,DSL,Yes,No,Electronic check
7968-QUXNS,No,0,6,18.95,Month-to-month,No,No internet service,No internet service,Mailed check
2919-HBCJO,Yes,1,4,76.65,Month-to-month,Fiber optic,No,No,Bank transfer (automatic)
4236-XPXAV,Yes,1,5,99.15,Month-to-month,Fiber optic,Yes,No,Mailed check
8903-WMRNW,No,0,15,101.75,Month-to-month,Fiber optic,No,Yes,Electronic check
2452-SNHFZ,No,0,47,75.45,Month-to-month,Fiber optic,No,Yes,Credit card (automatic)
3629-WEAAM,No,0,8,64.1,Month-to-month,DSL,Yes,No,Mailed check
6029-CSMJE,No,0,17,25.65,Month-to-month,DSL,No,No,Mailed check
7993-NQLJE,No,0,15,75.1,Month-to-month,Fiber optic,No,Yes,Mailed check
9909-DFRJA,No,0,26,95.85,One year,Fiber optic,Yes,Yes,Bank transfer (automatic)
9099-FTUHS,No,0,23,54.4,Month-to-month,DSL,No,Yes,Electronic check
0581-BXBUB,No,0,4,72.75,Month-to-month,Fiber optic,No,No,Electronic check
4962-CHQPW,No,0,29,19.85,One year,No,No internet service,No internet service,Mailed check
9467-ROOLM,No,0,25,19.05,Month-to-month,No,No internet service,No internet service,Mailed check
3030-YZADT,Yes,1,9,44.95,Month-to-month,DSL,No,No,Mailed check
7410-KTVFV,Yes,1,18,49.55,Month-to-month,DSL,No,No,Mailed check
5150-ITWWB,No,0,3,94.85,Month-to-month,Fiber optic,No,No,Electronic check
2253-KPMNB,No,0,69,46.25,Two year,DSL,Yes,Yes,Bank transfer (automatic)
1345-ZUKID,No,0,14,19.35,One year,No,No internet service,No internet service,Mailed check
6429-SHBCB,No,0,19,69.6,Month-to-month,DSL,No,No,Mailed check
9281-OFDMF,No,0,39,90.7,Month-to-month,Fiber optic,No,No,Electronic check
2603-HVKCG,No,0,31,101.4,Month-to-month,Fiber optic,No,No,Electronic check
1834-WULEG,No,0,24,20.25,One year,No,No internet service,No internet service,Mailed check
9097-ZUBYC,No,0,14,48.8,Month-to-month,DSL,Yes,No,Bank transfer (automatic)
5148-ORICT,No,0,64,74.35,Two year,DSL,Yes,Yes,Mailed check
4893-GYUJU,No,0,50,19.35,One year,No,No internet service,No internet service,Mailed check
4578-PHJYZ,No,0,52,68.75,One year,DSL,Yes,No,Electronic check
7272-QDCKA,No,0,28,100.2,One year,Fiber optic,No,No,Electronic check
8908-SLFCJ,No,0,21,20.85,Two year,No,No internet service,No internet service,Credit card (automatic)
8393-DLHGA,Yes,1,25,95.9,Month-to-month,Fiber optic,No,No,Electronic check
9766-HGEDE,No,0,17,19.35,One year,No,No internet service,No internet service,Mailed check
6968-MHOMU,No,0,58,45.0,One year,DSL,No,No,Credit card (automatic)
7395-IGJOS,Yes,1,17,81.5,Month-to-month,Fiber optic,No,No,Bank transfer (automatic)
5044-XDPYX,No,0,51,25.5,Two year,No,No internet service,No internet service,Mailed check
1814-WFGVS,No,0,72,48.9,Two year,DSL,Yes,Yes,Mailed check
2834-SPCJV,Yes,1,52,84.1,Month-to-month,Fiber optic,No,Yes,Electronic check
3721-WKIIL,No,0,27,19.6,Two year,No,No internet service,No internet service,Mailed check
6734-CKRSM,No,0,3,20.0,Month-to-month,No,No internet service,No internet service,Mailed check
1265-ZFOSD,No,0,64,81.3,Two year,DSL,Yes,Yes,Mailed check
6568-POCUI,No,0,45,95.2,Two year,Fiber optic,Yes,No,Credit card (automatic)
7890-VYYWG,Yes,1,3,36.45,Month-to-month,DSL,No,No,Mailed check
5197-LQXXH,No,0,71,83.3,Two year,DSL,Yes,No,Credit card (automatic)
9907-SWKKF,Yes,1,1,25.05,Month-to-month,DSL,No,No,Mailed check
3457-PQBYH,No,0,58,20.3,Two year,No,No internet service,No internet service,Credit card (automatic)
7682-AZNDK,No,0,34,89.85,Month-to-month,Fiber optic,No,No,Electronic check
0587-DMGBH,Yes,1,8,49.85,Month-to-month,DSL,No,Yes,Electronic check
5384-ZTTWP,No,0,15,19.8,Month-to-month,No,No internet service,No internet service,Mailed check
3745-HRPHI,No,0,66,54.65,Two year,DSL,Yes,No,Bank transfer (automatic)
7636-OWBPG,No,0,12,29.35,Month-to-month,DSL,No,No,Credit card (automatic)
1231-YNDEK,No,0,58,19.15,Two year,No,No internet service,No internet service,Bank transfer (automatic)
1407-DIGZV,No,0,3,19.1,Two year,No,No internet service,No internet service,Mailed check
6397-JNZZG,Yes,1,43,55.55,Month-to-month,DSL,No,No,Credit card (automatic)
0570-BFQHT,No,0,9,80.55,Month-to-month,Fiber optic,No,No,Electronic check
4393-OBCRR,No,0,3,20.25,One year,No,No internet service,No internet service,Mailed check
3523-QRQLL,Yes,1,22,69.5,One year,DSL,No,No,Bank transfer (automatic)
8564-LDKFL,No,0,40,106.0,One year,Fiber optic,No,No,Bank transfer (automatic)
3696-DFHHB,No,0,68,25.5,Two year,No,No internet service,No internet service,Bank transfer (automatic)
0895-DQHEW,Yes,1,54,104.3,Month-to-month,Fiber optic,No,No,Electronic check
4717-GHADL,No,0,50,79.6,Two year,DSL,Yes,No,Mailed check
5501-TVMGM,No,0,1,55.25,Month-to-month,DSL,No,No,Electronic check
5879-HMFFH,No,0,72,88.05,Two year,DSL,Yes,Yes,Bank transfer (automatic)
6772-WFQRD,No,0,40,20.4,One year,No,No internet service,No internet service,Bank transfer (automatic)
3810-DVDQQ,No,0,72,117.6,Two year,Fiber optic,Yes,Yes,Bank transfer (automatic)
6972-SNKKW,No,0,6,20.0,Month-to-month,No,No internet service,No internet service,Mailed check
3694-GLTJM,No,0,5,19.65,Month-to-month,No,No internet service,No internet service,Credit card (automatic)
8550-XSXUQ,No,0,48,70.55,One year,DSL,No,No,Credit card (automatic)
8149-RSOUN,Yes,1,1,93.85,Month-to-month,Fiber optic,No,No,Electronic check
9055-MOJJJ,No,0,64,65.8,One year,DSL,Yes,Yes,Mailed check
4359-INNWN,No,0,17,20.05,One year,No,No internet service,No internet service,Credit card (automatic)
0585-EGDDA,No,0,40,80.0,Month-to-month,Fiber optic,No,No,Electronic check
4032-RMHCI,No,0,41,35.4,One year,DSL,No,Yes,Credit card (automatic)
0549-CYCQN,No,0,51,79.6,One year,Fiber optic,No,No,Bank transfer (automatic)
3481-JHUZH,No,0,41,80.25,Month-to-month,Fiber optic,No,No,Electronic check
7250-EQKIY,Yes,1,1,50.45,Month-to-month,DSL,No,No,Mailed check
3594-IVHJZ,No,0,2,20.45,Month-to-month,No,No internet service,No internet service,Mailed check
6869-FGJJC,No,0,68,79.6,One year,Fiber optic,No,No,Credit card (automatic)
3896-ZVNET,No,0,24,24.7,Two year,No,No internet service,No internet service,Mailed check
8205-VSLRB,No,0,70,77.3,Two year,DSL,Yes,Yes,Credit card (automatic)
5960-MVTUK,No,0,3,29.75,Month-to-month,DSL,Yes,No,Electronic check
6817-WTYHE,No,0,2,44.9,Month-to-month,DSL,No,No,Bank transfer (automatic)
3082-VQXNH,No,0,3,29.8,Month-to-month,DSL,No,No,Credit card (automatic)
4013-UBXWQ,Yes,1,7,74.65,Month-to-month,DSL,Yes,No,Electronic check
4931-TRZWN,No,0,13,71.95,Month-to-month,DSL,No,Yes,Electronic check
0750-EKNGL,No,0,7,20.75,Month-to-month,No,No internet service,No internet service,Mailed check
7669-LCRSD,No,0,12,56.3,Month-to-month,DSL,No,No,Mailed check
3567-PQTSO,No,0,53,105.25,One year,Fiber optic,No,No,Electronic check
5519-NPHVG,Yes,1,12,94.2,Month-to-month,Fiber optic,No,No,Electronic check
8043-PNYSD,No,0,63,19.55,Two year,No,No internet service,No internet service,Mailed check
9938-EKRGF,No,0,15,84.45,Month-to-month,DSL,Yes,Yes,Mailed check
2703-AMTUL,No,0,36,53.65,One year,DSL,No,Yes,Mailed check
0928-JMXNP,No,0,4,29.9,Month-to-month,DSL,No,No,Electronic check
8173-RXAYP,No,0,24,19.7,Two year,No,No internet service,No internet service,Mailed check
4825-XJGDM,No,0,61,43.7,One year,DSL,Yes,Yes,Credit card (automatic)
5402-HTOTQ,No,0,16,55.3,Month-to-month,DSL,No,No,Electronic check
6734-JDTTV,No,0,65,19.85,Two year,No,No internet service,No internet service,Credit card (automatic)
7850-THJMU,No,0,26,19.65,Two year,No,No internet service,No internet service,Credit card (automatic)
3890-RTCMS,No,0,16,49.45,Month-to-month,DSL,Yes,No,Mailed check
8849-GYOKR,Yes,1,54,106.55,One year,Fiber optic,No,Yes,Bank transfer (automatic)
3148-BLQJT,Yes,1,1,20.1,Month-to-month,No,No internet service,No internet service,Mailed check
3717-FDJFU,No,0,5,20.45,Two year,No,No internet service,No internet service,Mailed check
3665-JATSN,No,0,19,39.7,Month-to-month,DSL,No,No,Electronic check
7966-YOTQW,No,0,10,54.5,Month-to-month,DSL,No,Yes,Credit card (automatic)
0461-CVKMU,Yes,1,23,83.8,Month-to-month,Fiber optic,Yes,No,Electronic check
8806-EAGWC,Yes,1,3,55.15,Month-to-month,DSL,No,No,Mailed check
8853-TZDGH,No,0,72,111.6,Two year,Fiber optic,Yes,No,Bank transfer (automatic)
7779-LGOVN,Yes,1,10,86.65,Month-to-month,Fiber optic,No,No,Electronic check
4324-BZCKL,No,0,10,55.55,Month-to-month,DSL,No,No,Mailed check
6924-TDGMT,No,0,11,20.55,One year,No,No internet service,No internet service,Mailed check
9710-ZUSHQ,Yes,1,37,106.75,Month-to-month,Fiber optic,No,Yes,Bank transfer (automatic)
1536-YHDOE,No,0,17,62.1,One year,DSL,Yes,Yes,Mailed check
8123-QBNAZ,No,0,36,104.5,Month-to-month,Fiber optic,No,Yes,Credit card (automatic)
3629-ZNKXA,No,0,17,101.8,Month-to-month,Fiber optic,No,No,Electronic check
4827-LTQRJ,No,0,66,110.6,One year,Fiber optic,Yes,Yes,Credit card (automatic)
7711-YIJWC,No,0,61,84.9,One year,DSL,Yes,Yes,Bank transfer (automatic)
5482-VXSXJ,No,0,22,93.2,Month-to-month,Fiber optic,No,No,Mailed check
7365-BVCJH,No,0,1,24.4,Month-to-month,DSL,No,No,Electronic check
9620-ENEJV,No,0,6,70.55,Month-to-month,Fiber optic,No,No,Credit card (automatic)
4183-WCSEP,Yes,1,31,78.45,Month-to-month,Fiber optic,Yes,No,Electronic check
2378-YIZKA,No,0,68,85.0,Two year,DSL,Yes,Yes,Credit card (automatic)
5498-TXHLF,Yes,1,34,87.45,Month-to-month,Fiber optic,No,No,Electronic check
0689-DSXGL,No,0,52,85.8,Month-to-month,Fiber optic,Yes,No,Bank transfer (automatic)
6818-DJXAA,No,0,10,91.1,Month-to-month,Fiber optic,Yes,No,Electronic check
9722-UJOJR,Yes,1,29,70.75,Month-to-month,Fiber optic,No,No,Electronic check
0464-WJTKO,No,0,72,20.1,Two year,No,No internet service,No internet service,Bank transfer (automatic)
8902-ZEOVF,No,0,47,20.05,One year,No,No internet service,No internet service,Mailed check
6778-EICRF,No,0,24,74.8,One year,DSL,No,Yes,Mailed check
2662-NNTDK,No,0,65,24.8,One year,No,No internet service,No internet service,Credit card (automatic)
4132-KALRO,No,0,4,100.85,Month-to-month,Fiber optic,Yes,No,Mailed check
3902-FOIGH,Yes,1,12,101.35,Month-to-month,Fiber optic,No,No,Electronic check
6772-KSATR,Yes,1,1,81.7,Month-to-month,Fiber optic,No,Yes,Electronic check
7112-OPOTK,Yes,1,33,68.25,Month-to-month,Fiber optic,No,No,Electronic check
2874-YXVVA,No,0,34,105.1,Month-to-month,Fiber optic,Yes,No,Electronic check
1245-HARPS,No,0,14,20.4,Two year,No,No internet service,No internet service,Mailed check
4210-QFJMF,Yes,1,4,79.15,Month-to-month,Fiber optic,No,No,Electronic check
4323-ELYYB,No,0,13,20.0,One year,No,No internet service,No internet service,Mailed check
4293-ETKAP,No,0,65,79.4,Two year,DSL,Yes,No,Bank transfer (automatic)
6064-PUPMC,No,0,23,57.2,One year,DSL,Yes,Yes,Credit card (automatic)
6504-VBLFL,No,0,55,58.6,Two year,DSL,No,Yes,Electronic check
6322-PJJDJ,No,0,49,94.8,Two year,Fiber optic,No,No,Electronic check
0330-BGYZE,No,0,60,102.5,One year,Fiber optic,No,No,Bank transfer (automatic)
1085-LDWAM,No,0,69,20.35,One year,No,No internet service,No internet service,Credit card (automatic)
7586-ZATGZ,No,0,40,84.9,Month-to-month,Fiber optic,No,No,Electronic check
7197-VOJMM,No,0,67,69.2,Two year,DSL,Yes,Yes,Credit card (automatic)
3318-OSATS,Yes,1,35,95.45,Month-to-month,Fiber optic,No,No,Electronic check
5828-AVIPD,Yes,1,19,100.95,One year,Fiber optic,Yes,No,Electronic check
1843-TLSGD,No,0,13,20.85,Two year,No,No internet service,No internet service,Mailed check
9626-VFRGG,No,0,41,88.5,Month-to-month,Fiber optic,No,No,Bank transfer (automatic)
7075-BNDVQ,No,0,4,35.0,Month-to-month,DSL,No,Yes,Mailed check
9143-CANJF,No,0,24,55.15,Month-to-month,DSL,Yes,Yes,Electronic check
7284-BUYEC,No,0,5,50.95,Month-to-month,DSL,No,No,Credit card (automatic)
2041-JIJCI,No,0,5,64.0,Month-to-month,DSL,No,No,Electronic check
1086-LXKFY,Yes,1,1,69.1,Month-to-month,Fiber optic,No,No,Mailed check
4900-MSOMT,No,0,72,80.2,Two year,DSL,Yes,Yes,Bank transfer (automatic)
2229-VWQJH,No,0,24,49.3,Month-to-month,DSL,No,No,Credit card (automatic)
9194-GFVOI,No,0,42,84.35,Two year,DSL,Yes,Yes,Credit card (automatic)
1336-EZFZY,No,0,4,20.05,Month-to-month,No,No internet service,No internet service,Mailed check
4282-MSACW,No,0,68,117.2,One year,Fiber optic,Yes,Yes,Credit card (automatic)
1403-LKLIK,No,0,33,20.1,One year,No,No internet service,No internet service,Mailed check
2636-ALXXZ,Yes,1,1,69.6,Month-to-month,Fiber optic,No,No,Electronic check
7774-OJSXI,Yes,1,31,103.45,One year,Fiber optic,No,No,Electronic check
7786-WBJYI,Yes,1,4,77.95,Month-to-month,Fiber optic,No,No,Bank transfer (automatic)
0136-IFMYD,No,0,69,109.95,Two year,Fiber optic,Yes,No,Electronic check
5144-TVGLP,No,0,38,94.75,Month-to-month,Fiber optic,No,No,Electronic check
9643-AVVWI,No,0,3,80.0,Month-to-month,Fiber optic,Yes,No,Electronic check
0253-ZTEOB,No,0,48,79.65,Two year,DSL,Yes,No,Electronic check
2706-QZIHY,No,0,15,25.2,Two year,No,No internet service,No internet service,Mailed check
6061-PQHMK,No,0,25,19.9,One year,No,No internet service,No internet service,Credit card (automatic)
9885-CSMWE,Yes,1,1,78.45,Month-to-month,Fiber optic,No,No,Electronic check
6137-MFAJN,No,0,48,44.8,Month-to-month,DSL,No,Yes,Electronic check
9122-UMROB,No,0,1,20.3,Month-to-month,No,No internet service,No internet service,Mailed check
4232-JGKIY,No,0,1,19.2,Month-to-month,No,No internet service,No internet service,Electronic check
2402-TAIRZ,No,0,37,80.05,One year,Fiber optic,No,No,Electronic check
9659-ZTWSM,No,0,66,107.35,One year,Fiber optic,Yes,No,Bank transfer (automatic)
9139-TWBAS,No,0,26,47.85,One year,DSL,No,Yes,Bank transfer (automatic)
6685-GBWJZ,No,0,63,70.8,One year,DSL,Yes,Yes,Credit card (automatic)
5016-ETTFF,Yes,1,10,29.5,Month-to-month,DSL,No,No,Mailed check
3866-MDTUB,Yes,1,2,70.75,Month-to-month,DSL,No,Yes,Electronic check
2195-VVRJF,No,0,18,59.1,Month-to-month,DSL,No,Yes,Credit card (automatic)
3913-RDSJZ,No,0,64,25.55,Two year,No,No internet service,No internet service,Mailed check
8058-JMEQO,Yes,1,9,84.45,Month-to-month,Fiber optic,No,No,Electronic check
4203-QGNZA,No,0,28,20.25,Month-to-month,No,No internet service,No internet service,Mailed check
5043-TRZWM,No,0,1,75.55,Month-to-month,Fiber optic,No,No,Electronic check
0697-ZMSWS,Yes,1,4,85.65,Month-to-month,Fiber optic,No,No,Electronic check
7657-DYEPJ,Yes,1,38,70.15,One year,DSL,Yes,No,Credit card (automatic)
9494-BDNNC,No,0,66,95.3,One year,Fiber optic,No,No,Electronic check
1640-PLFMP,No,0,1,70.25,Month-to-month,Fiber optic,No,No,Electronic check
5366-OBVMR,No,0,18,50.3,Month-to-month,DSL,Yes,No,Mailed check
8276-MQBYC,Yes,1,51,97.8,Month-to-month,Fiber optic,No,No,Electronic check
7644-OMVMY,No,0,0,19.85,Two year,No,No internet service,No internet service,Mailed check
7593-XFKDI,Yes,1,1,46.3,Month-to-month,DSL,No,No,Mailed check
4573-JKNAE,No,0,12,19.35,Two year,No,No internet service,No internet service,Bank transfer (automatic)
0337-CNPZE,Yes,1,41,106.3,Month-to-month,Fiber optic,No,No,Electronic check
9817-APLHW,No,0,12,25.0,Month-to-month,No,No internet service,No internet service,Electronic check
8380-MQINP,No,0,55,20.3,Two year,No,No internet service,No internet service,Mailed check
0840-DFEZH,No,0,7,75.35,Month-to-month,Fiber optic,No,No,Electronic check
1513-XNPPH,Yes,1,12,89.4,Month-to-month,Fiber optic,Yes,No,Electronic check
8690-ZVLCL,No,0,68,88.0,Two year,DSL,Yes,Yes,Credit card (automatic)
6015-VVHHE,Yes,1,5,83.15,Month-to-month,Fiber optic,No,No,Credit card (automatic)
1125-SNVCK,No,0,49,43.8,Month-to-month,DSL,No,No,Mailed check
0384-LPITE,No,0,40,62.05,One year,DSL,No,Yes,Credit card (automatic)
4616-EWBNJ,No,0,16,20.1,One year,No,No internet service,No internet service,Bank transfer (automatic)
6347-DCUIK,Yes,1,10,74.15,Month-to-month,Fiber optic,No,No,Mailed check
1335-HQMKX,No,0,72,101.35,One year,Fiber optic,No,No,Electronic check
2545-EBUPK,No,0,2,84.05,Month-to-month,Fiber optic,No,No,Electronic check
6923-AQONU,No,0,23,20.9,Two year,No,No internet service,No internet service,Mailed check
2172-EJXVF,No,0,71,105.9,One year,Fiber optic,No,No,Electronic check
0897-FEGMU,Yes,1,11,99.5,Month-to-month,Fiber optic,No,No,Electronic check
7663-RGWBC,Yes,1,1,44.15,Month-to-month,DSL,No,No,Mailed check
1120-BMWUB,Yes,1,16,53.9,Month-to-month,DSL,Yes,No,Mailed check
9124-LHCJQ,Yes,1,1,85.45,Month-to-month,Fiber optic,No,No,Mailed check
4536-PLEQY,No,0,12,85.05,Month-to-month,Fiber optic,No,No,Credit card (automatic)
7029-IJEJK,No,0,54,44.1,One year,DSL,Yes,Yes,Bank transfer (automatic)
8871-JLMHM,No,0,68,90.2,Two year,Fiber optic,Yes,No,Credit card (automatic)
2235-ZGKPT,Yes,1,4,50.85,Month-to-month,DSL,No,No,Mailed check
3891-PUQOD,Yes,1,1,59.2,Month-to-month,DSL,No,No,Electronic check
5447-VYTKW,No,0,27,53.45,Month-to-month,DSL,Yes,Yes,Mailed check
3623-FQBOX,No,0,21,19.95,Month-to-month,No,No internet service,No internet service,Mailed check
0689-NKYLF,Yes,1,13,83.2,Month-to-month,Fiber optic,No,No,Electronic check
8659-HDIYE,No,0,64,74.65,Month-to-month,DSL,Yes,No,Credit card (automatic)
3658-KIBGF,Yes,1,1,54.9,Month-to-month,DSL,No,Yes,Electronic check
3474-BAFSJ,No,0,57,57.5,Two year,DSL,Yes,No,Bank transfer (automatic)
5519-YLDGW,Yes,1,21,103.9,Month-to-month,Fiber optic,No,Yes,Electronic check
3865-ZFZIB,No,0,19,19.65,Two year,No,No internet service,No internet service,Mailed check
1855-AGAWH,No,0,31,93.8,One year,Fiber optic,No,No,Electronic check
7109-CQYUZ,No,0,52,89.25,Two year,DSL,Yes,Yes,Mailed check
1370-GGAWX,No,0,46,94.15,One year,Fiber optic,No,No,Electronic check
4680-KUTAJ,No,0,11,55.6,Month-to-month,DSL,No,Yes,Electronic check
5307-UVGNB,No,0,53,48.7,Month-to-month,DSL,No,Yes,Bank transfer (automatic)
4946-EDSEW,Yes,1,11,19.25,Month-to-month,No,No internet service,No internet service,Mailed check
2883-ILGWO,No,0,57,104.9,Month-to-month,Fiber optic,Yes,No,Bank transfer (automatic)
2516-VQRRV,Yes,1,2,75.45,Month-to-month,Fiber optic,No,No,Mailed check
7580-UGXNC,Yes,1,2,54.85,Month-to-month,DSL,No,Yes,Mailed check
3642-BYHDO,No,0,71,19.9,Two year,No,No internet service,No internet service,Bank transfer (automatic)
9629-NHXFW,No,0,1,19.4,Month-to-month,No,No internet service,No internet service,Mailed check
2696-RZVZW,No,0,68,25.05,Two year,No,No internet service,No internet service,Credit card (automatic)
5766-FTRTS,No,0,72,84.45,Two year,DSL,Yes,Yes,Mailed check
0396-HUJBP,No,0,2,19.3,Month-to-month,No,No internet service,No internet service,Mailed check
5178-LMXOP,Yes,1,1,95.1,Month-to-month,Fiber optic,No,No,Electronic check
8879-ZKJOF,No,0,41,79.85,One year,DSL,Yes,Yes,Bank transfer (automatic)
6285-FTQBF,No,0,72,25.55,Two year,No,No internet service,No internet service,Credit card (automatic)
8185-UPYBR,Yes,1,6,75.5,Month-to-month,Fiber optic,No,No,Electronic check
4585-HETAI,Yes,1,4,73.75,Month-to-month,Fiber optic,No,No,Electronic check
7526-BEZQB,Yes,1,12,96.05,Month-to-month,Fiber optic,No,No,Electronic check
1474-JUWSM,No,0,58,68.4,One year,DSL,Yes,Yes,Electronic check
3530-CRZSB,No,0,7,20.65,Month-to-month,No,No internet service,No internet service,Mailed check
8498-XXGWA,No,0,65,55.15,Month-to-month,DSL,No,Yes,Mailed check
9617-INGJY,No,0,1,70.6,Month-to-month,Fiber optic,No,No,Mailed check
0621-TSSMU,No,0,56,19.95,One year,No,No internet service,No internet service,Credit card (automatic)
7234-KMNRQ,No,0,4,19.0,Month-to-month,No,No internet service,No internet service,Mailed check
7636-PEPNS,No,0,58,44.1,One year,DSL,No,No,Mailed check
4683-WYDOU,No,0,62,107.6,Two year,Fiber optic,Yes,No,Bank transfer (automatic)
9052-DHNKM,No,0,26,61.55,One year,DSL,No,Yes,Electronic check
6794-HKIAJ,No,0,62,90.7,Month-to-month,Fiber optic,No,Yes,Bank transfer (automatic)
5578-NKCXI,No,0,58,99.25,One year,Fiber optic,No,Yes,Credit card (automatic)
1642-HMARX,No,0,68,91.7,Two year,DSL,Yes,Yes,Electronic check
3096-WPXBT,No,0,61,100.7,One year,Fiber optic,No,Yes,Credit card (automatic)
8434-PNQZX,No,0,42,78.45,Two year,DSL,Yes,No,Credit card (automatic)
5950-AAAGJ,No,0,18,84.3,Month-to-month,Fiber optic,No,No,Bank transfer (automatic)
4299-OPXEJ,No,0,56,19.55,Two year,No,No internet service,No internet service,Bank transfer (automatic)
4951-UKAAQ,Yes,1,4,88.95,Month-to-month,Fiber optic,No,No,Electronic check
9618-LFJRU,No,0,4,20.45,Month-to-month,No,No internet service,No internet service,Credit card (automatic)
6693-DJWTY,No,0,35,55.6,One year,DSL,No,Yes,Credit card (automatic)
0744-GKNGE,No,0,64,86.8,Month-to-month,Fiber optic,Yes,Yes,Bank transfer (automatic)
6447-EGDIV,No,0,31,20.95,One year,No,No internet service,No internet service,Mailed check
1167-OYZJF,No,0,67,20.05,Two year,No,No internet service,No internet service,Bank transfer (automatic)
2108-YKQTY,Yes,1,4,50.7,Month-to-month,DSL,No,No,Credit card (automatic)
4806-DXQCE,No,0,70,113.65,Two year,Fiber optic,Yes,Yes,Electronic check
4918-QLLIW,Yes,1,3,53.4,Month-to-month,DSL,No,No,Credit card (automatic)
7056-IMHCC,Yes,1,53,101.9,Month-to-month,Fiber optic,No,No,Electronic check
4854-SSLTN,No,0,2,59.5,Two year,DSL,Yes,Yes,Mailed check
5294-DMSFH,No,0,29,87.8,Month-to-month,Fiber optic,No,No,Credit card (automatic)
4837-PZTIC,No,0,47,41.9,Two year,DSL,Yes,Yes,Mailed check
1625-JAIIY,Yes,1,68,83.0,One year,Fiber optic,No,No,Electronic check
0603-OLQDC,No,0,12,69.85,Month-to-month,DSL,No,Yes,Mailed check
3272-VUHPV,No,0,8,56.3,Month-to-month,DSL,Yes,No,Bank transfer (automatic)
4176-FXYBO,No,0,54,109.55,Month-to-month,Fiber optic,No,Yes,Electronic check
1063-DHQJF,No,0,69,92.15,Two year,Fiber optic,Yes,No,Mailed check
8663-UPDGF,No,0,26,69.5,Month-to-month,DSL,No,Yes,Bank transfer (automatic)
6719-FGEDO,No,0,72,97.0,Two year,Fiber optic,Yes,Yes,Bank transfer (automatic)
1837-YQUCE,No,0,70,58.35,Two year,DSL,Yes,Yes,Bank transfer (automatic)
2947-DOMLJ,Yes,1,1,50.6,Month-to-month,DSL,No,Yes,Mailed check
4112-LUEIZ,Yes,1,10,89.5,Month-to-month,Fiber optic,No,No,Electronic check
0369-ZGOVK,No,0,28,70.4,One year,Fiber optic,No,No,Bank transfer (automatic)
4510-HIMLV,Yes,1,1,69.8,Month-to-month,Fiber optic,No,No,Electronic check
9919-KNPOO,No,0,21,94.3,Month-to-month,Fiber optic,No,No,Electronic check
8749-JMNKX,Yes,1,51,93.8,Month-to-month,Fiber optic,No,Yes,Bank transfer (automatic)
7872-BAAZR,No,0,53,19.55,One year,No,No internet service,No internet service,Bank transfer (automatic)
9391-LMANN,No,0,53,95.95,One year,Fiber optic,No,Yes,Electronic check
2430-USGXP,Yes,1,24,101.05,Month-to-month,Fiber optic,No,No,Electronic check
8174-TBVCF,No,0,70,94.8,Two year,DSL,Yes,Yes,Credit card (automatic)
1698-XFZCI,No,0,61,107.75,One year,Fiber optic,No,Yes,Electronic check
1877-HKBQX,No,0,11,54.6,One year,DSL,Yes,Yes,Mailed check
4450-DLLMH,No,0,2,71.3,Month-to-month,Fiber optic,No,No,Credit card (automatic)
0428-AXXLJ,No,0,25,19.5,One year,No,No internet service,No internet service,Bank transfer (automatic)
2746-DIJLO,No,0,41,56.3,One year,DSL,No,No,Credit card (automatic)
5955-ERIHD,Yes,1,18,94.7,Month-to-month,Fiber optic,No,No,Electronic check
0917-EZOLA,Yes,1,72,104.15,Two year,Fiber optic,No,No,Bank transfer (automatic)
3508-VLHCZ,No,0,71,90.55,Two year,DSL,Yes,Yes,Credit card (automatic)
4086-ATNFV,No,0,34,60.8,One year,DSL,No,Yes,Mailed check
0468-YRPXN,No,0,29,98.8,Month-to-month,Fiber optic,Yes,No,Credit card (automatic)
5996-NRVXR,No,0,40,98.15,One year,Fiber optic,Yes,Yes,Credit card (automatic)
3739-YBWAB,No,0,36,35.35,One year,DSL,No,Yes,Mailed check
7047-FWEYA,No,0,46,103.15,One year,Fiber optic,Yes,No,Electronic check
2000-MPKCA,No,0,58,107.75,One year,Fiber optic,No,Yes,Electronic check
9762-YAQAA,No,0,39,81.4,One year,Fiber optic,No,No,Credit card (automatic)
5949-EBSQK,Yes,1,4,61.45,Month-to-month,DSL,Yes,No,Credit card (automatic)
5473-KHBPS,No,0,52,95.7,One year,Fiber optic,No,No,Credit card (automatic)
0100-DUVFC,No,0,70,104.8,One year,Fiber optic,No,No,Electronic check
5397-TUPSH,No,0,65,70.95,One year,Fiber optic,No,No,Bank transfer (automatic)
8950-MTZNV,No,0,1,44.95,Month-to-month,DSL,No,No,Mailed check
0326-VDYXE,No,0,70,97.65,One year,Fiber optic,No,No,Electronic check
6773-LQTVT,No,0,29,35.65,Month-to-month,DSL,No,No,Mailed check
7274-RTAPZ,Yes,1,1,90.55,Month-to-month,Fiber optic,No,No,Electronic check
0436-TWFFZ,No,0,67,85.25,Two year,DSL,Yes,Yes,Mailed check
8566-YPRGL,No,0,1,19.5,Month-to-month,No,No internet service,No internet service,Mailed check
0311-UNPFF,Yes,1,26,88.8,Month-to-month,Fiber optic,No,No,Bank transfer (automatic)
6609-MXJHJ,No,0,30,25.1,Two year,No,No internet service,No internet service,Mailed check
2669-OIDSD,No,0,48,100.05,Month-to-month,Fiber optic,Yes,No,Credit card (automatic)
8400-WZICQ,No,0,55,55.7,Month-to-month,DSL,No,Yes,Electronic check
3834-XUIFC,Yes,1,7,85.2,Month-to-month,Fiber optic,No,No,Mailed check
9576-SYUHJ,No,0,37,91.15,Month-to-month,Fiber optic,No,Yes,Electronic check
0410-IPFTY,No,0,31,83.85,Month-to-month,Fiber optic,No,No,Bank transfer (automatic)
2831-EBWRN,No,0,4,45.9,Month-to-month,DSL,No,No,Electronic check
9430-NKQLY,No,0,72,25.1,Two year,No,No internet service,No internet service,Credit card (automatic)
8414-MYSHR,Yes,1,5,91.4,Month-to-month,Fiber optic,No,No,Electronic check
0247-SLUJI,No,0,1,19.7,Month-to-month,No,No internet service,No internet service,Mailed check
9402-ORRAH,No,0,15,91.5,Month-to-month,Fiber optic,No,No,Electronic check
6483-OATDN,No,0,8,51.3,Month-to-month,DSL,No,Yes,Credit card (automatic)
1293-HHSHJ,No,0,35,21.1,One year,No,No internet service,No internet service,Mailed check
4840-ORQXB,No,0,56,104.75,Month-to-month,Fiber optic,No,No,Electronic check
7599-FKVXZ,Yes,1,42,106.15,Month-to-month,Fiber optic,Yes,No,Bank transfer (automatic)
3982-DQLUS,No,0,65,85.75,Month-to-month,Fiber optic,No,Yes,Electronic check
8610-ZIKJJ,No,0,2,20.3,One year,No,No internet service,No internet service,Mailed check
3756-VNWDH,No,0,65,100.75,One year,Fiber optic,No,Yes,Electronic check
7801-KICAO,No,0,18,74.15,Month-to-month,Fiber optic,No,No,Electronic check
7673-LPRNY,No,0,23,78.55,One year,DSL,No,Yes,Electronic check
8229-TNIQA,Yes,1,4,45.3,Month-to-month,DSL,No,No,Mailed check
6060-QBMGV,No,0,70,19.85,Two year,No,No internet service,No internet service,Credit card (automatic)
7339-POGZN,No,0,4,50.7,Month-to-month,DSL,No,No,Electronic check
2828-SLQPF,No,0,19,45.0,Month-to-month,DSL,No,No,Bank transfer (automatic)
4465-VDKIQ,No,0,18,77.8,Month-to-month,Fiber optic,No,No,Electronic check
2921-XWDJH,No,0,38,83.45,Month-to-month,Fiber optic,No,Yes,Electronic check
6221-AVQYL,Yes,1,2,73.25,Month-to-month,Fiber optic,No,No,Credit card (automatic)
2558-BUOZZ,No,0,47,94.8,One year,Fiber optic,No,Yes,Bank transfer (automatic)
9257-AZMTZ,No,0,52,20.1,Two year,No,No internet service,No internet service,Bank transfer (automatic)
0003-MKNFE,No,0,9,59.9,Month-to-month,DSL,No,No,Mailed check
0975-UYDTX,No,0,26,90.1,One year,DSL,Yes,Yes,Credit card (automatic)
7743-EXURX,Yes,1,8,51.05,Month-to-month,DSL,No,No,Electronic check
4682-BLBUC,No,0,44,70.95,One year,DSL,Yes,No,Electronic check
0975-VOOVL,No,0,3,29.2,Month-to-month,DSL,No,No,Mailed check
5968-VXZLG,No,0,2,46.6,Month-to-month,DSL,No,No,Bank transfer (automatic)
5569-KGJHX,Yes,1,9,85.35,Month-to-month,Fiber optic,No,No,Bank transfer (automatic)
4988-IQIGL,Yes,1,1,75.35,Month-to-month,Fiber optic,No,No,Electronic check
5201-FRKKS,No,0,25,74.3,Month-to-month,Fiber optic,No,Yes,Bank transfer (automatic)
9799-CAYJJ,No,0,2,69.3,Month-to-month,Fiber optic,No,No,Electronic check
7730-IUTDZ,Yes,1,43,75.2,Month-to-month,Fiber optic,No,Yes,Electronic check
0426-TIRNE,Yes,1,1,20.9,Month-to-month,No,No internet service,No internet service,Mailed check
5443-SCMKX,No,0,58,94.3,One year,Fiber optic,No,No,Electronic check
8295-KMENE,No,0,59,76.45,Two year,DSL,Yes,Yes,Mailed check
6738-ISCBM,No,0,44,54.0,One year,DSL,No,Yes,Electronic check
9821-BESNZ,No,0,66,104.25,One year,Fiber optic,Yes,No,Electronic check
3678-MNGZX,No,0,68,19.95,Two year,No,No internet service,No internet service,Bank transfer (automatic)
1335-NTIUC,No,0,9,24.95,Month-to-month,DSL,No,No,Electronic check
2916-BQZLN,No,0,19,84.75,Month-to-month,Fiber optic,No,Yes,Electronic check
4558-CGYCZ,No,0,4,19.75,Month-to-month,No,No internet service,No internet service,Mailed check
2368-GAKKQ,No,0,70,113.65,Two year,Fiber optic,Yes,Yes,Bank transfer (automatic)
8710-YGLWG,No,0,1,44.9,Month-to-month,DSL,No,No,Mailed check
3199-XGZCY,No,0,8,75.25,Month-to-month,Fiber optic,No,No,Electronic check
3785-KTYSH,No,0,53,24.6,Two year,No,No internet service,No internet service,Mailed check
6814-ZPWFQ,No,0,51,25.0,One year,No,No internet service,No internet service,Bank transfer (automatic)
4063-EIKNQ,No,0,11,20.95,Month-to-month,No,No internet service,No internet service,Bank transfer (automatic)
6993-YCOBK,No,0,60,110.6,Two year,Fiber optic,Yes,Yes,Electronic check
5206-HPJKM,No,0,17,55.5,Month-to-month,DSL,No,Yes,Credit card (automatic)
7587-RZNME,Yes,1,3,43.3,Month-to-month,DSL,No,No,Electronic check
0748-RDGGM,Yes,1,70,109.5,One year,Fiber optic,Yes,Yes,Bank transfer (automatic)
8393-JMVMB,No,0,1,19.45,Month-to-month,No,No internet service,No internet service,Mailed check
5019-GQVCR,No,0,43,84.85,Month-to-month,Fiber optic,No,No,Electronic check
6036-TTFYU,No,0,16,19.6,Month-to-month,No,No internet service,No internet service,Mailed check
2550-AEVRU,No,0,57,53.45,One year,DSL,No,Yes,Electronic check
0969-RGKCU,No,0,37,19.8,One year,No,No internet service,No internet service,Credit card (automatic)
0378-CJKPV,No,0,72,112.1,Two year,Fiber optic,Yes,Yes,Credit card (automatic)
4706-AXVKM,Yes,1,11,84.8,Month-to-month,Fiber optic,No,No,Credit card (automatic)
5889-JTMUL,Yes,1,50,95.05,Month-to-month,Fiber optic,No,No,Electronic check
9026-RNUJS,Yes,1,5,50.35,Month-to-month,DSL,No,No,Electronic check
3746-EUBYR,Yes,1,1,74.6,Month-to-month,Fiber optic,No,No,Bank transfer (automatic)
2332-EFBJY,Yes,1,16,19.7,Month-to-month,No,No internet service,No internet service,Mailed check
2880-FPNAE,No,0,2,74.2,Month-to-month,Fiber optic,No,No,Electronic check
1703-MGIAB,No,0,17,69.0,Month-to-month,DSL,Yes,No,Mailed check
4311-QTTAI,No,0,16,19.35,One year,No,No internet service,No internet service,Credit card (automatic)
9474-PHLYD,Yes,1,15,59.45,Month-to-month,DSL,No,No,Electronic check
4318-RAJVY,No,0,10,19.8,One year,No,No internet service,No internet service,Mailed check
2165-VOEGB,Yes,1,46,105.2,One year,Fiber optic,Yes,Yes,Bank transfer (automatic)
3612-YUNGG,No,0,64,109.2,Two year,Fiber optic,Yes,No,Credit card (automatic)
2254-DLXRI,No,0,1,79.15,Month-to-month,Fiber optic,No,No,Mailed check
5062-CJJKH,No,0,25,53.65,One year,DSL,No,No,Mailed check
9028-LIHRP,No,0,71,100.2,Two year,Fiber optic,Yes,Yes,Credit card (automatic)
2219-MVUSO,Yes,1,8,45.15,Month-to-month,DSL,No,No,Mailed check
1053-MXTTK,No,0,72,108.65,Two year,Fiber optic,Yes,Yes,Bank transfer (automatic)
1530-ZTDOZ,No,0,49,40.65,Month-to-month,DSL,No,Yes,Bank transfer (automatic)
1301-LOPVR,No,0,29,55.35,One year,DSL,Yes,Yes,Credit card (automatic)
0853-TWRVK,No,0,72,105.6,Two year,Fiber optic,Yes,Yes,Bank transfer (automatic)
8914-RBTSB,Yes,1,31,93.8,Month-to-month,Fiber optic,No,No,Electronic check
6212-ATMLK,No,0,50,95.7,Month-to-month,Fiber optic,No,No,Electronic check
8200-LGKSR,No,0,71,83.2,Two year,DSL,Yes,Yes,Electronic check
1568-BEKZM,No,0,70,90.05,Two year,DSL,Yes,Yes,Credit card (automatic)
0670-ANMUU,No,0,71,97.65,One year,Fiber optic,Yes,Yes,Credit card (automatic)
6897-RWMUB,No,0,61,68.05,Two year,DSL,Yes,Yes,Bank transfer (automatic)
0963-ZBDRN,Yes,1,32,96.2,Month-to-month,Fiber optic,Yes,No,Electronic check
7594-RQHXR,Yes,1,1,79.6,Month-to-month,Fiber optic,No,No,Electronic check
6999-CHVCF,No,0,68,102.1,Two year,Fiber optic,No,Yes,Bank transfer (automatic)
6134-KWTBV,No,0,62,23.4,Two year,No,No internet service,No internet service,Bank transfer (automatic)
1077-HUUJM,No,0,7,71.05,Month-to-month,Fiber optic,No,No,Electronic check
6331-EWIEB,Yes,1,20,85.25,Month-to-month,Fiber optic,No,No,Electronic check
0895-LNKRC,No,0,6,19.45,One year,No,No internet service,No internet service,Mailed check
2045-BMBTJ,No,0,33,59.45,Month-to-month,DSL,No,Yes,Bank transfer (automatic)
8417-GSODA,No,0,28,92.2,One year,Fiber optic,No,No,Bank transfer (automatic)
5171-EPLKN,No,0,27,19.85,Two year,No,No internet service,No internet service,Credit card (automatic)
4452-QIIEB,No,0,7,43.9,Month-to-month,DSL,No,No,Mailed check
5998-VVEJY,Yes,1,26,80.5,Month-to-month,Fiber optic,Yes,No,Electronic check
1624-NALOJ,Yes,1,5,89.8,Month-to-month,Fiber optic,No,No,Electronic check
6741-EGCBI,No,0,30,90.5,Month-to-month,Fiber optic,No,Yes,Credit card (automatic)
7820-ZYGNY,No,0,63,90.45,One year,Fiber optic,No,No,Credit card (automatic)
4317-VTEOA,Yes,1,1,50.75,Month-to-month,DSL,No,No,Electronic check
9677-AVKED,No,0,53,84.6,One year,DSL,Yes,No,Electronic check
1670-SVOWZ,Yes,1,14,89.65,Month-to-month,Fiber optic,Yes,No,Credit card (automatic)
2227-JRSJX,No,0,21,99.15,Month-to-month,Fiber optic,Yes,No,Bank transfer (automatic)
9847-HNVGP,No,0,17,19.95,One year,No,No internet service,No internet service,Mailed check
6696-YDAYZ,No,0,16,20.5,Two year,No,No internet service,No internet service,Mailed check
8980-WQFWL,No,0,35,62.1,Month-to-month,DSL,No,No,Electronic check
1730-ZMAME,No,0,32,79.5,Month-to-month,Fiber optic,No,No,Electronic check
6506-EYCNH,No,0,28,19.55,Month-to-month,No,No internet service,No internet service,Bank transfer (automatic)
4634-JLRJT,No,0,1,20.35,Month-to-month,No,No internet service,No internet service,Mailed check
9501-UKKNL,No,0,59,51.7,Month-to-month,DSL,Yes,No,Electronic check
2560-QTSBS,No,0,72,23.3,One year,No,No internet service,No internet service,Bank transfer (automatic)
7541-YLXCL,Yes,1,36,65.4,One year,DSL,Yes,No,Mailed check
4795-WRNVT,No,0,40,65.1,Month-to-month,DSL,No,Yes,Mailed check
6080-TCMYC,No,0,40,81.2,Month-to-month,Fiber optic,No,No,Electronic check
0260-ZDLGK,Yes,1,9,72.9,Month-to-month,DSL,Yes,No,Mailed check
7860-UXCRM,No,0,63,74.5,Two year,DSL,Yes,Yes,Credit card (automatic)
6357-JJPQT,No,0,3,80.5,Month-to-month,Fiber optic,No,No,Electronic check
2292-XQWSV,No,0,40,60.3,One year,DSL,Yes,No,Mailed check
9552-TGUZV,No,0,8,75.0,Month-to-month,Fiber optic,No,Yes,Mailed check
5913-INRQV,No,0,34,90.15,One year,Fiber optic,Yes,Yes,Mailed check
8722-NGNBH,Yes,1,5,40.0,Month-to-month,DSL,Yes,Yes,Mailed check
6210-KBBPI,Yes,1,9,99.45,Month-to-month,Fiber optic,No,No,Credit card (automatic)
9643-YBLUR,No,0,9,69.05,Month-to-month,DSL,No,No,Credit card (automatic)
8734-FNWVH,No,0,31,59.7,Month-to-month,DSL,No,No,Bank transfer (automatic)
9447-YPTBX,No,0,50,19.85,One year,No,No internet service,No internet service,Bank transfer (automatic)
0133-BMFZO,Yes,1,2,86.25,Month-to-month,Fiber optic,Yes,Yes,Electronic check
6128-CZOMY,Yes,1,1,45.65,Month-to-month,DSL,No,No,Electronic check
9540-JYROE,Yes,1,8,70.1,Month-to-month,Fiber optic,No,No,Mailed check
9026-LHEVG,No,0,9,40.75,Month-to-month,DSL,No,No,Electronic check
2260-USTRB,Yes,1,2,70.2,Month-to-month,Fiber optic,No,No,Bank transfer (automatic)
3656-TKRVZ,Yes,1,3,55.35,Month-to-month,DSL,No,Yes,Electronic check
7011-CVEUC,No,0,25,95.7,Month-to-month,Fiber optic,Yes,No,Credit card (automatic)
6185-TASNN,No,0,1,46.3,Month-to-month,DSL,No,No,Electronic check
7925-PNRGI,No,0,45,81.3,Month-to-month,DSL,Yes,Yes,Mailed check
8623-TMRBY,Yes,1,51,84.2,Month-to-month,Fiber optic,No,No,Electronic check
1552-CZCLL,No,0,55,20.0,Month-to-month,No,No internet service,No internet service,Credit card (automatic)
3038-PQIUY,No,0,38,66.15,Month-to-month,DSL,No,Yes,Bank transfer (automatic)
1501-SGHBW,Yes,1,2,45.85,Month-to-month,DSL,No,No,Mailed check
9313-CDOGY,No,0,38,19.6,Month-to-month,No,No internet service,No internet service,Electronic check
8148-BPLZQ,No,0,34,49.8,Month-to-month,DSL,No,No,Electronic check
2623-DRYAM,No,0,70,101.75,One year,Fiber optic,No,No,Electronic check
9987-LUTYD,No,0,13,55.15,One year,DSL,Yes,Yes,Mailed check
3208-YPIOE,Yes,1,39,75.25,Month-to-month,Fiber optic,No,No,Electronic check
4488-KQFDT,No,0,61,103.95,One year,Fiber optic,No,No,Electronic check
2612-RANWT,Yes,1,12,100.15,Month-to-month,Fiber optic,No,No,Bank transfer (automatic)
5693-PIPCS,No,0,41,99.65,Two year,Fiber optic,Yes,No,Credit card (automatic)
0491-KAPQG,No,0,21,73.7,Month-to-month,Fiber optic,No,No,Electronic check
1925-LFCZZ,No,0,55,50.05,One year,DSL,No,No,Bank transfer (automatic)
8039-EQPIM,No,0,69,60.25,Two year,DSL,Yes,Yes,Bank transfer (automatic)
6900-PXRMS,Yes,1,26,105.75,Month-to-month,Fiber optic,No,No,Electronic check
8707-RMEZH,No,0,69,87.3,One year,Fiber optic,No,Yes,Credit card (automatic)
3346-BRMIS,Yes,1,18,48.35,Month-to-month,DSL,No,No,Electronic check
3209-ZPKFI,No,0,47,54.25,Month-to-month,DSL,No,No,Electronic check
6479-VDGRK,No,0,72,85.3,Two year,DSL,Yes,Yes,Bank transfer (automatic)
9373-WSLOY,No,0,33,50.0,Month-to-month,DSL,Yes,No,Electronic check
2933-FILNV,Yes,1,2,24.4,Month-to-month,DSL,No,No,Mailed check
3569-JFODW,No,0,72,90.95,Two year,DSL,Yes,Yes,Credit card (automatic)
9819-FBNSV,No,0,37,72.25,Month-to-month,Fiber optic,No,No,Bank transfer (automatic)
9544-PYPSJ,No,0,62,96.1,Month-to-month,Fiber optic,No,No,Credit card (automatic)
1591-XWLGB,No,0,71,19.85,Two year,No,No internet service,No internet service,Credit card (automatic)
0396-UKGAI,No,0,23,55.3,Month-to-month,DSL,Yes,No,Bank transfer (automatic)
3243-ZHOHY,No,0,16,20.1,One year,No,No internet service,No internet service,Mailed check
5186-EJEGL,No,0,9,69.5,Month-to-month,DSL,Yes,Yes,Mailed check
7527-QNRUS,No,0,17,25.15,Two year,No,No internet service,No internet service,Mailed check
9986-BONCE,Yes,1,4,20.95,Month-to-month,No,No internet service,No internet service,Bank transfer (automatic)
2722-JMONI,Yes,1,1,49.55,Month-to-month,DSL,No,Yes,Electronic check
2203-GHNWN,No,0,24,79.65,Month-to-month,Fiber optic,No,No,Mailed check
3878-AVSOQ,No,0,1,71.25,Month-to-month,Fiber optic,No,No,Electronic check
3258-SYSWS,No,0,72,113.8,Two year,Fiber optic,Yes,Yes,Bank transfer (automatic)
5296-PSYVW,No,0,72,24.55,Two year,No,No internet service,No internet service,Electronic check
6319-QSUSR,No,0,11,19.7,Month-to-month,No,No internet service,No internet service,Credit card (automatic)
4083-EUGRJ,Yes,1,9,20.25,Month-to-month,No,No internet service,No internet service,Mailed check
7579-OOPEC,Yes,1,2,50.15,Month-to-month,DSL,No,No,Credit card (automatic)
0512-FLFDW,No,0,60,100.5,One year,Fiber optic,No,No,Credit card (automatic)
1771-OADNZ,Yes,1,29,95.9,Month-to-month,Fiber optic,No,No,Electronic check
0487-CRLZF,No,0,49,74.45,Two year,DSL,Yes,No,Bank transfer (automatic)
2107-FBPTK,No,0,30,104.1,Month-to-month,Fiber optic,No,No,Electronic check
9451-WLYRI,No,0,53,19.05,One year,No,No internet service,No internet service,Credit card (automatic)
8219-VYBVI,No,0,39,25.0,Two year,No,No internet service,No internet service,Mailed check
1991-VOPLL,No,0,9,19.05,Month-to-month,No,No internet service,No internet service,Mailed check
9738-QLWTP,No,0,39,81.9,One year,Fiber optic,Yes,No,Electronic check
1016-DJTSV,No,0,8,69.7,Month-to-month,Fiber optic,No,No,Electronic check
9419-IPPBE,No,0,51,90.15,One year,Fiber optic,No,No,Electronic check
0174-QRVVY,No,0,71,25.35,Two year,No,No internet service,No internet service,Credit card (automatic)
5699-BNCAS,No,0,71,24.65,Two year,No,No internet service,No internet service,Mailed check
2900-PHPLN,No,0,70,19.55,Two year,No,No internet service,No internet service,Credit card (automatic)
0612-RTZZA,Yes,1,1,25.25,Month-to-month,DSL,No,No,Electronic check
8106-GWQOK,No,0,38,60.0,Two year,DSL,Yes,Yes,Bank transfer (automatic)
8751-EDEKA,No,0,28,89.9,Month-to-month,Fiber optic,No,No,Credit card (automatic)
6878-GGDWG,No,0,32,19.4,Month-to-month,No,No internet service,No internet service,Bank transfer (automatic)
4039-PIMHX,No,0,49,49.8,Two year,DSL,No,No,Mailed check
8450-LUGUK,No,0,37,24.1,Two year,No,No internet service,No internet service,Bank transfer (automatic)
3604-WLABM,No,0,10,54.25,Month-to-month,DSL,Yes,No,Electronic check
0795-GMVQO,No,0,67,109.9,One year,Fiber optic,No,Yes,Credit card (automatic)
2259-OUUSZ,No,0,7,35.5,One year,DSL,Yes,No,Credit card (automatic)
1142-IHLOO,No,0,51,87.55,One year,Fiber optic,No,No,Credit card (automatic)
6410-LEFEN,Yes,1,9,45.15,Month-to-month,DSL,No,No,Electronic check
4633-MKHYU,No,0,9,88.4,Month-to-month,Fiber optic,No,No,Mailed check
6257-RJOHI,No,0,4,50.8,Month-to-month,DSL,Yes,No,Mailed check
1545-JFUML,No,0,71,99.0,Two year,Fiber optic,No,Yes,Electronic check
3194-ORPIK,Yes,1,50,84.4,Month-to-month,Fiber optic,No,No,Bank transfer (automatic)
7826-VVKWT,No,0,24,96.55,Two year,Fiber optic,No,No,Electronic check
1353-GHZOS,No,0,22,59.75,One year,DSL,No,Yes,Bank transfer (automatic)
2587-EKXTS,No,0,44,111.5,Month-to-month,Fiber optic,No,Yes,Electronic check
5442-BXVND,No,0,33,24.25,Month-to-month,No,No internet service,No internet service,Bank transfer (automatic)
8816-VXNZD,Yes,1,1,75.1,Month-to-month,Fiber optic,No,No,Electronic check
9378-FXTIZ,Yes,1,54,70.15,One year,DSL,No,No,Credit card (automatic)
1723-HKXJQ,Yes,1,42,101.75,Month-to-month,Fiber optic,No,No,Electronic check
7825-GKXMW,Yes,1,1,45.8,Month-to-month,DSL,No,No,Electronic check
9753-OYLBX,No,0,1,20.5,Month-to-month,No,No internet service,No internet service,Mailed check
2364-UFROM,No,0,30,70.4,One year,DSL,Yes,Yes,Electronic check
6656-JWRQX,No,0,1,30.55,Month-to-month,DSL,Yes,No,Mailed check
6473-ULUHT,No,0,16,84.9,Month-to-month,DSL,Yes,Yes,Electronic check
1240-KNSEZ,Yes,1,1,20.1,Month-to-month,No,No internet service,No internet service,Mailed check
0836-SEYLU,Yes,1,9,40.65,Month-to-month,DSL,Yes,No,Mailed check
4433-JCGCG,Yes,1,46,101.0,Month-to-month,Fiber optic,No,No,Electronic check
3716-BDVDB,Yes,1,1,69.1,Month-to-month,Fiber optic,No,No,Electronic check
7688-AWMDX,No,0,71,54.5,Two year,DSL,Yes,Yes,Bank transfer (automatic)
2842-BCQGE,No,0,43,75.35,Month-to-month,Fiber optic,No,No,Credit card (automatic)
7244-QWYHG,No,0,50,44.45,One year,DSL,Yes,Yes,Bank transfer (automatic)
5899-MQZZL,Yes,1,13,75.0,Month-to-month,Fiber optic,No,No,Mailed check
6849-OYAMU,Yes,1,19,100.0,One year,Fiber optic,Yes,No,Bank transfer (automatic)
5312-UXESG,No,0,41,98.05,Month-to-month,Fiber optic,No,No,Bank transfer (automatic)
9488-HGMJH,Yes,1,1,71.15,Month-to-month,Fiber optic,No,No,Electronic check
6038-GCYEC,Yes,1,24,54.15,Month-to-month,DSL,No,No,Credit card (automatic)
2150-WLKUW,No,0,40,63.9,One year,DSL,No,No,Bank transfer (automatic)
7159-FVYPK,No,0,3,69.15,Month-to-month,DSL,No,No,Bank transfer (automatic)
7032-LMBHI,No,0,37,64.65,One year,DSL,No,Yes,Bank transfer (automatic)
1150-WFARN,Yes,1,67,108.75,Two year,Fiber optic,Yes,Yes,Credit card (automatic)
6088-BXMRG,No,0,32,98.85,Month-to-month,Fiber optic,No,No,Electronic check
3144-AUDBS,Yes,1,6,49.15,Month-to-month,DSL,Yes,No,Electronic check
4821-SJHJV,No,0,32,89.6,Month-to-month,Fiber optic,No,Yes,Electronic check
7346-MEDWM,No,0,59,83.25,Month-to-month,Fiber optic,No,No,Electronic check
1137-DGOWI,No,0,30,70.25,One year,DSL,Yes,No,Bank transfer (automatic)
5616-PRTNT,Yes,1,20,19.4,Month-to-month,No,No internet service,No internet service,Electronic check
3812-LRZIR,No,0,27,24.5,Two year,No,No internet service,No internet service,Electronic check
4818-QIUFN,Yes,1,20,79.15,Month-to-month,Fiber optic,No,Yes,Electronic check
9483-GCPWE,No,0,9,20.1,One year,No,No internet service,No internet service,Mailed check
4227-OJHAL,No,0,68,73.0,One year,DSL,No,Yes,Credit card (automatic)
9220-CXRSC,No,0,69,61.4,Two year,DSL,Yes,Yes,Credit card (automatic)
4993-JCRGJ,No,0,26,84.3,Month-to-month,Fiber optic,Yes,No,Mailed check
9537-JALFH,No,0,69,19.9,Two year,No,No internet service,No internet service,Bank transfer (automatic)
6698-OXETB,No,0,11,20.4,Two year,No,No internet service,No internet service,Mailed check
2103-ZRXFN,No,0,1,50.75,Month-to-month,DSL,No,No,Mailed check
3724-BSCVH,No,0,10,20.45,One year,No,No internet service,No internet service,Mailed check
4877-TSOFF,No,0,55,75.75,One year,DSL,Yes,Yes,Bank transfer (automatic)
9209-NWPGU,No,0,44,65.4,One year,DSL,Yes,Yes,Electronic check
6961-VCPMC,Yes,1,46,80.4,Month-to-month,Fiber optic,No,No,Electronic check
7306-YDSOI,No,0,69,59.75,Two year,DSL,No,Yes,Bank transfer (automatic)
5288-AHOUP,No,0,11,78.5,Month-to-month,Fiber optic,No,No,Electronic check
6688-UZPWD,Yes,1,11,102.0,Month-to-month,Fiber optic,No,No,Electronic check
0655-YDGFJ,No,0,29,48.95,Month-to-month,DSL,No,No,Bank transfer (automatic)
8468-EHYJA,No,0,57,99.65,Month-to-month,Fiber optic,No,Yes,Electronic check
6823-SIDFQ,No,0,28,18.25,One year,No,No internet service,No internet service,Credit card (automatic)
1097-FSPVW,No,0,42,54.55,Month-to-month,DSL,No,Yes,Credit card (automatic)
2839-RFSQE,Yes,1,2,20.65,Month-to-month,No,No internet service,No internet service,Mailed check
8328-SKJNO,No,0,23,40.65,One year,DSL,Yes,Yes,Bank transfer (automatic)
7010-ZMVBF,No,0,18,20.45,Month-to-month,No,No internet service,No internet service,Mailed check
5201-CBWYG,No,0,62,24.8,One year,No,No internet service,No internet service,Bank transfer (automatic)
0968-GSIKN,Yes,1,1,70.8,Month-to-month,Fiber optic,No,No,Mailed check
1965-DDBWU,Yes,1,16,89.05,Month-to-month,Fiber optic,Yes,No,Credit card (automatic)
9057-SIHCH,Yes,1,3,96.6,Month-to-month,Fiber optic,No,No,Electronic check
6352-GIGGQ,No,0,67,88.8,One year,DSL,Yes,Yes,Bank transfer (automatic)
3635-QQRQD,No,0,62,20.05,Two year,No,No internet service,No internet service,Credit card (automatic)
6771-XWBDM,Yes,1,57,104.5,Month-to-month,Fiber optic,No,No,Credit card (automatic)
2897-DOVND,No,0,2,69.8,Month-to-month,Fiber optic,No,No,Electronic check
3082-YVEKW,No,0,23,77.15,Two year,DSL,Yes,Yes,Bank transfer (automatic)
0191-EQUUH,No,0,25,35.05,Two year,DSL,Yes,Yes,Bank transfer (automatic)
7134-HBPBS,No,0,72,108.1,Two year,Fiber optic,Yes,No,Bank transfer (automatic)
3489-HHPFY,No,0,2,84.05,Month-to-month,Fiber optic,No,No,Electronic check
2926-JEJJC,No,0,8,20.2,One year,No,No internet service,No internet service,Bank transfer (automatic)
8601-QACRS,Yes,1,5,50.6,Month-to-month,DSL,No,No,Mailed check
4950-BDEUX,No,0,35,49.2,Month-to-month,DSL,No,No,Electronic check
5789-LDFXO,No,0,24,24.6,One year,No,No internet service,No internet service,Electronic check
0508-OOLTO,No,0,2,71.65,Month-to-month,Fiber optic,No,No,Electronic check
2984-TBYKU,No,0,72,104.9,Two year,Fiber optic,Yes,Yes,Credit card (automatic)
9822-WMWVG,No,0,41,106.5,Month-to-month,Fiber optic,Yes,Yes,Electronic check
2391-SOORI,Yes,1,4,49.35,Month-to-month,DSL,No,Yes,Electronic check
9040-KZVWO,No,0,26,75.5,One year,Fiber optic,No,No,Bank transfer (automatic)
2645-QTLMB,Yes,1,7,94.25,Month-to-month,Fiber optic,No,No,Electronic check
4806-HIPDW,Yes,1,1,68.95,Month-to-month,Fiber optic,No,No,Electronic check
1548-ARAGG,No,0,4,58.5,Month-to-month,DSL,Yes,No,Mailed check
6339-RZCBJ,No,0,48,78.9,Two year,DSL,Yes,No,Credit card (automatic)
4424-TKOPW,Yes,1,2,93.85,Month-to-month,Fiber optic,No,No,Electronic check
4415-WNGVR,No,0,12,79.2,One year,DSL,Yes,Yes,Electronic check
2522-AHJXR,No,0,60,109.45,Month-to-month,Fiber optic,Yes,Yes,Bank transfer (automatic)
0412-UCCNP,No,0,55,59.2,Two year,DSL,Yes,Yes,Electronic check
1816-FLZDK,No,0,1,29.15,Month-to-month,DSL,Yes,No,Mailed check
7096-UCLNH,No,0,1,20.05,Month-to-month,No,No internet service,No internet service,Mailed check
8443-ZRDBZ,Yes,1,4,76.05,Month-to-month,Fiber optic,No,No,Electronic check
9136-ALYBR,Yes,1,1,24.45,Month-to-month,DSL,No,No,Mailed check
4615-PIVVU,No,0,42,66.5,Two year,DSL,Yes,No,Credit card (automatic)
8885-QSQBX,No,0,1,49.55,Month-to-month,DSL,No,Yes,Bank transfer (automatic)
7479-NITWS,Yes,1,7,89.35,Month-to-month,Fiber optic,No,No,Credit card (automatic)
8617-ENBDS,No,0,3,73.6,Month-to-month,Fiber optic,No,No,Credit card (automatic)
9385-NXKDA,No,0,72,82.65,Two year,DSL,No,Yes,Credit card (automatic)
0430-IHCDJ,No,0,15,49.0,Month-to-month,DSL,No,No,Electronic check
2959-MJHIC,Yes,1,4,80.35,Month-to-month,Fiber optic,No,No,Electronic check
6674-KVJHG,No,0,11,25.2,One year,No,No internet service,No internet service,Electronic check
1814-DKOLC,No,0,5,25.45,Month-to-month,No,No internet service,No internet service,Mailed check
4201-JMNGR,Yes,1,1,55.8,Month-to-month,DSL,No,Yes,Electronic check
9351-HXDMR,No,0,72,110.9,Two year,Fiber optic,Yes,Yes,Credit card (automatic)
3537-HPKQT,No,0,55,77.75,Month-to-month,Fiber optic,No,No,Credit card (automatic)
2129-ALKBS,No,0,40,26.2,Month-to-month,No,No internet service,No internet service,Electronic check
5821-MMEIL,No,0,57,19.9,Two year,No,No internet service,No internet service,Bank transfer (automatic)
5960-WPXQM,Yes,1,1,79.05,Month-to-month,Fiber optic,No,No,Electronic check
0684-AOSIH,Yes,1,1,95.0,Month-to-month,Fiber optic,No,Yes,Electronic check
8260-NGFNY,Yes,1,1,25.2,Month-to-month,DSL,No,No,Mailed check
1309-XGFSN,No,0,52,80.85,One year,DSL,No,No,Electronic check
1866-RZZQS,Yes,1,41,98.4,Month-to-month,Fiber optic,No,No,Electronic check
6968-URWQU,No,0,43,56.35,One year,DSL,No,No,Mailed check
4742-TXUEX,No,0,47,19.3,Two year,No,No internet service,No internet service,Bank transfer (automatic)
9631-XEYKE,No,0,3,50.4,Month-to-month,DSL,No,No,Bank transfer (automatic)
8631-NBHFZ,Yes,1,66,79.4,Two year,DSL,Yes,Yes,Credit card (automatic)
1335-MXCSE,No,0,55,55.25,Two year,DSL,Yes,No,Credit card (automatic)
8873-TMKGR,No,0,29,19.1,One year,No,No internet service,No internet service,Mailed check
8800-JOOCF,No,0,12,84.05,Month-to-month,Fiber optic,No,No,Electronic check
1469-LBJQJ,No,0,66,105.2,Month-to-month,Fiber optic,No,No,Electronic check
4958-XCBDQ,Yes,1,35,101.4,Month-to-month,Fiber optic,No,No,Electronic check
8337-UPOAQ,Yes,1,10,89.8,Month-to-month,Fiber optic,No,No,Electronic check
0064-YIJGF,No,0,27,75.75,Month-to-month,Fiber optic,No,No,Bank transfer (automatic)
2386-OWURY,No,0,58,95.3,Month-to-month,Fiber optic,Yes,No,Electronic check
1725-IQNIY,Yes,1,54,109.75,Two year,Fiber optic,Yes,Yes,Bank transfer (automatic)
0310-VQXAM,No,0,9,19.85,Month-to-month,No,No internet service,No internet service,Mailed check
6598-RFFVI,Yes,1,2,19.3,One year,No,No internet service,No internet service,Credit card (automatic)
3453-RTHJQ,No,0,6,69.1,Month-to-month,Fiber optic,No,No,Electronic check
6712-OAWRH,Yes,1,26,91.25,Month-to-month,Fiber optic,No,No,Electronic check
6278-FEPBZ,No,0,9,20.25,Month-to-month,No,No internet service,No internet service,Mailed check
4280-DLSHD,No,0,8,54.75,Month-to-month,DSL,No,No,Mailed check
1508-DFXCU,No,0,12,81.45,Month-to-month,Fiber optic,No,No,Electronic check
8614-VGMMV,Yes,1,15,49.1,Month-to-month,DSL,No,No,Electronic check
7868-BGSZA,No,0,43,80.2,One year,DSL,No,Yes,Electronic check
2800-QQUSO,No,0,42,100.3,Month-to-month,Fiber optic,Yes,No,Electronic check
2930-UOTMB,Yes,1,31,65.25,Month-to-month,DSL,Yes,Yes,Credit card (automatic)
7973-DZRKH,No,0,66,90.95,Two year,Fiber optic,Yes,Yes,Credit card (automatic)
5914-DVBWJ,Yes,1,18,85.45,Month-to-month,Fiber optic,Yes,No,Electronic check
7698-YFGEZ,No,0,1,20.0,Month-to-month,No,No internet service,No internet service,Mailed check
2533-QVMSK,Yes,1,61,94.1,Two year,Fiber optic,Yes,No,Electronic check
9773-PEQBZ,No,0,10,79.85,Month-to-month,Fiber optic,No,No,Electronic check
8644-XLFBW,Yes,1,1,71.65,Month-to-month,Fiber optic,No,No,Electronic check
0650-BWOZN,No,0,18,73.55,Month-to-month,Fiber optic,No,No,Electronic check
8625-AZYZY,Yes,1,24,104.65,Month-to-month,Fiber optic,No,No,Electronic check
7785-RDVIG,No,0,3,19.3,Month-to-month,No,No internet service,No internet service,Mailed check
9602-WCXPI,No,0,50,20.15,One year,No,No internet service,No internet service,Credit card (automatic)
2903-YYTBW,No,0,1,44.55,Month-to-month,DSL,No,No,Electronic check
3620-MWJNE,No,0,2,54.45,Month-to-month,DSL,Yes,Yes,Mailed check
8573-JGCZW,No,0,17,19.65,One year,No,No internet service,No internet service,Bank transfer (automatic)
6837-HAEVO,No,0,69,105.0,Two year,Fiber optic,No,No,Electronic check
6701-YVNQG,No,0,72,88.7,Two year,DSL,Yes,Yes,Credit card (automatic)
9306-CPCBC,Yes,1,3,74.25,Month-to-month,Fiber optic,No,No,Electronic check
4304-XUMGI,No,0,50,75.15,Two year,DSL,No,Yes,Bank transfer (automatic)
9504-YAZWB,No,0,53,20.25,Two year,No,No internet service,No internet service,Mailed check
8819-ZBYNA,No,0,58,109.1,Two year,Fiber optic,Yes,Yes,Credit card (automatic)
6174-NRBTZ,No,0,46,30.75,One year,DSL,No,Yes,Bank transfer (automatic)
9481-IEBZY,No,0,72,112.9,Month-to-month,Fiber optic,Yes,Yes,Credit card (automatic)
1833-VGRUM,Yes,1,1,74.2,Month-to-month,Fiber optic,No,No,Electronic check
6137-NICCO,No,0,6,94.05,Month-to-month,Fiber optic,No,No,Mailed check
9065-ZCPQX,No,0,72,78.85,Two year,DSL,Yes,Yes,Bank transfer (automatic)
6402-EJMWF,No,0,4,55.3,Month-to-month,DSL,No,No,Mailed check
3620-EHIMZ,No,0,52,19.35,Two year,No,No internet service,No internet service,Mailed check
3213-VVOLG,No,0,0,25.35,Two year,No,No internet service,No internet service,Mailed check
6870-ECSHE,No,0,2,20.45,One year,No,No internet service,No internet service,Mailed check
8747-UDCOI,No,0,65,19.35,Two year,No,No internet service,No internet service,Bank transfer (automatic)
8374-XGEJJ,Yes,1,43,101.0,Month-to-month,Fiber optic,No,No,Electronic check
2656-TABEH,Yes,1,4,100.2,Month-to-month,Fiber optic,No,No,Electronic check
6946-LMSQS,Yes,1,25,89.05,One year,Fiber optic,No,Yes,Electronic check
4626-OZDTJ,No,0,51,78.65,One year,DSL,Yes,No,Credit card (automatic)
9169-BSVIN,No,0,12,74.75,Month-to-month,DSL,No,No,Bank transfer (automatic)
2325-ZUSFD,Yes,1,57,70.1,One year,DSL,No,Yes,Bank transfer (automatic)
8194-PEEBY,No,0,24,19.9,One year,No,No internet service,No internet service,Mailed check
6872-HXFNF,No,0,64,58.35,One year,DSL,Yes,No,Bank transfer (automatic)
3932-CMDTD,Yes,1,4,105.65,One year,Fiber optic,Yes,No,Electronic check
7714-YXSMB,No,0,26,100.5,Month-to-month,Fiber optic,No,No,Bank transfer (automatic)
8387-UGUSU,No,0,15,20.05,Month-to-month,No,No internet service,No internet service,Mailed check
1080-BWSYE,No,0,64,25.65,Two year,No,No internet service,No internet service,Credit card (automatic)
4039-HEUNW,Yes,1,36,96.5,Month-to-month,Fiber optic,No,No,Electronic check
1194-HVAIF,No,0,27,95.0,Month-to-month,Fiber optic,No,No,Credit card (automatic)
0812-WUPTB,Yes,1,1,70.85,Month-to-month,Fiber optic,No,No,Mailed check
3594-UVONA,Yes,1,35,85.95,One year,DSL,Yes,Yes,Credit card (automatic)
0004-TLHLJ,Yes,1,4,73.9,Month-to-month,Fiber optic,No,No,Electronic check
1767-TGTKO,No,0,8,45.45,Month-to-month,DSL,No,No,Electronic check
8439-LTUGF,No,0,10,20.0,Month-to-month,No,No internet service,No internet service,Credit card (automatic)
8805-JNRAZ,No,0,2,49.2,Month-to-month,DSL,No,No,Mailed check
5089-IFSDP,Yes,1,58,109.45,Two year,Fiber optic,No,Yes,Bank transfer (automatic)
6418-HNFED,No,0,51,83.25,Two year,DSL,Yes,Yes,Credit card (automatic)
0206-OYVOC,No,0,46,19.25,Two year,No,No internet service,No internet service,Mailed check
7291-CDTMJ,No,0,1,19.65,Month-to-month,No,No internet service,No internet service,Bank transfer (automatic)
7128-GGCNO,No,0,46,72.8,Month-to-month,Fiber optic,No,No,Bank transfer (automatic)
0237-YFUTL,No,0,50,109.65,Month-to-month,Fiber optic,Yes,Yes,Bank transfer (automatic)
7691-KGKGP,No,0,53,65.0,Month-to-month,DSL,Yes,No,Credit card (automatic)
6710-HSJRD,No,0,61,114.1,Month-to-month,Fiber optic,Yes,No,Electronic check
3675-EQOZA,No,0,5,20.65,Month-to-month,No,No internet service,No internet service,Bank transfer (automatic)
0840-DCNZE,No,0,47,86.95,One year,DSL,Yes,Yes,Bank transfer (automatic)
1732-FEKLD,No,0,54,94.75,One year,Fiber optic,No,No,Bank transfer (automatic)
9862-KJTYK,No,0,19,25.35,Month-to-month,DSL,No,No,Credit card (automatic)
0479-HMSWA,No,0,26,105.45,Two year,Fiber optic,Yes,No,Electronic check
5854-KSRBJ,No,0,70,25.4,Two year,No,No internet service,No internet service,Mailed check
0365-BZUWY,No,0,17,102.55,Month-to-month,Fiber optic,No,No,Electronic check
4817-VYYWS,Yes,1,30,100.2,Month-to-month,Fiber optic,No,No,Electronic check
5701-SVCWR,No,0,1,24.0,Month-to-month,No,No internet service,No internet service,Mailed check
3129-AAQOU,No,0,19,25.6,Two year,No,No internet service,No internet service,Mailed check
4922-CVPDX,No,0,26,73.5,Two year,DSL,No,No,Credit card (automatic)
1396-QWFBJ,Yes,1,21,74.05,Month-to-month,Fiber optic,No,No,Bank transfer (automatic)
1357-BIJKI,No,0,50,98.25,One year,Fiber optic,No,No,Electronic check
1099-BTKWT,No,0,68,54.4,One year,DSL,No,Yes,Electronic check
5299-SJCZT,Yes,1,3,101.55,Month-to-month,Fiber optic,No,No,Bank transfer (automatic)
2018-PZKMU,No,0,9,103.1,Month-to-month,Fiber optic,Yes,No,Electronic check
7340-KEFQE,No,0,51,34.2,Two year,DSL,Yes,Yes,Bank transfer (automatic)
4570-QHXHL,No,0,9,43.75,Month-to-month,DSL,No,No,Electronic check
2403-BCASL,Yes,1,41,111.95,One year,Fiber optic,Yes,No,Electronic check
7392-YYPYJ,No,0,22,100.65,Month-to-month,Fiber optic,No,No,Electronic check
2898-LSJGD,Yes,1,21,55.95,One year,DSL,No,Yes,Electronic check
2223-GDSHL,No,0,71,116.05,Two year,Fiber optic,Yes,Yes,Bank transfer (automatic)
7359-PTSXY,Yes,1,1,45.75,Month-to-month,DSL,No,No,Electronic check
9470-RTWDV,No,0,26,82.0,One year,DSL,Yes,No,Credit card (automatic)
2176-OSJUV,No,0,71,65.15,Two year,DSL,Yes,Yes,Bank transfer (automatic)
9348-YVOMK,No,0,4,44.8,Month-to-month,DSL,No,No,Credit card (automatic)
8104-OSKWT,No,0,12,79.8,Month-to-month,Fiber optic,No,Yes,Electronic check
4521-YEEHE,No,0,18,88.85,Month-to-month,Fiber optic,Yes,No,Electronic check
4090-KPJIP,No,0,3,74.95,Month-to-month,Fiber optic,No,No,Electronic check
3786-WOVKF,No,0,72,106.85,One year,Fiber optic,No,Yes,Bank transfer (automatic)
4503-BDXBD,Yes,1,11,74.95,Month-to-month,Fiber optic,No,No,Electronic check
6086-ESGRL,Yes,1,1,80.15,Month-to-month,Fiber optic,No,No,Credit card (automatic)
2592-HODOV,No,0,13,19.3,One year,No,No internet service,No internet service,Credit card (automatic)
3886-CERTZ,Yes,1,72,109.25,One year,Fiber optic,Yes,No,Electronic check
7995-ZHHNZ,No,0,42,56.1,One year,DSL,No,Yes,Credit card (automatic)
3824-RHKVR,No,0,17,19.7,Month-to-month,No,No internet service,No internet service,Credit card (automatic)
5816-SCGFC,No,0,7,51.3,Month-to-month,DSL,No,No,Mailed check
5989-AXPUC,No,0,68,118.6,Two year,Fiber optic,Yes,Yes,Mailed check
4979-HPRFL,No,0,56,24.15,Two year,No,No internet service,No internet service,Bank transfer (automatic)
8590-OHDIW,No,0,38,20.3,One year,No,No internet service,No internet service,Mailed check
8015-IHCGW,No,0,72,115.5,Two year,Fiber optic,Yes,Yes,Electronic check
2332-TODQS,No,0,48,25.05,One year,No,No internet service,No internet service,Credit card (automatic)
9278-VZKCD,No,0,52,109.1,Month-to-month,Fiber optic,No,Yes,Electronic check
8008-OTEZX,No,0,35,19.65,One year,No,No internet service,No internet service,Mailed check
2773-OVBPK,No,0,67,111.3,Two year,Fiber optic,Yes,No,Bank transfer (automatic)
5999-LCXAO,No,0,1,29.9,Month-to-month,DSL,No,Yes,Mailed check
5206-XZZQI,No,0,53,80.6,Month-to-month,Fiber optic,Yes,No,Mailed check
4803-LBYPN,No,0,34,20.8,Month-to-month,No,No internet service,No internet service,Mailed check
5759-RCVCB,Yes,1,3,35.2,Month-to-month,DSL,No,No,Credit card (automatic)
6372-RFVNS,Yes,1,1,78.8,Month-to-month,Fiber optic,No,No,Electronic check
2139-FQHLM,No,0,19,89.95,Month-to-month,Fiber optic,Yes,No,Mailed check
8261-GWDBQ,No,0,60,116.05,Two year,Fiber optic,Yes,Yes,Bank transfer (automatic)
1093-YSWCA,No,0,11,19.55,Two year,No,No internet service,No internet service,Credit card (automatic)
8938-UMKPI,Yes,1,47,106.4,Month-to-month,Fiber optic,No,No,Electronic check
0991-BRRFB,Yes,1,18,49.4,Month-to-month,DSL,No,Yes,Electronic check
3882-IYOIJ,No,0,60,115.25,Two year,Fiber optic,Yes,Yes,Credit card (automatic)
8749-TZYEC,No,0,72,24.8,Two year,No,No internet service,No internet service,Credit card (automatic)
1755-FZQEC,No,0,39,19.9,One year,No,No internet service,No internet service,Mailed check
3115-JPJDD,No,0,59,81.25,One year,Fiber optic,No,Yes,Credit card (automatic)
5600-KTXFM,No,0,2,69.95,Month-to-month,Fiber optic,No,No,Mailed check
3871-IKPYH,Yes,1,1,69.1,Month-to-month,Fiber optic,No,No,Electronic check
6319-IEJWJ,Yes,1,20,90.2,Month-to-month,Fiber optic,No,No,Electronic check
9025-AOMKI,Yes,1,6,93.55,Month-to-month,Fiber optic,No,No,Bank transfer (automatic)
6339-TBELP,No,0,71,86.4,Two year,Fiber optic,Yes,No,Credit card (automatic)
7964-YESJC,No,0,24,66.3,Month-to-month,DSL,No,Yes,Mailed check
6173-GOLSU,No,0,67,94.65,Month-to-month,Fiber optic,No,No,Credit card (automatic)
5275-SQEIZ,Yes,1,1,80.85,Month-to-month,Fiber optic,No,No,Mailed check
7716-YTYHG,Yes,1,48,82.05,One year,Fiber optic,No,No,Mailed check
9938-ZREHM,No,0,37,72.1,One year,DSL,Yes,No,Mailed check
7950-XWOVN,No,0,11,34.7,Month-to-month,DSL,No,No,Mailed check
4390-KYULV,Yes,1,3,20.55,Month-to-month,No,No internet service,No internet service,Credit card (automatic)
4647-MUZON,No,0,18,95.95,Month-to-month,Fiber optic,No,No,Credit card (automatic)
9702-AIUJO,No,0,50,44.8,One year,DSL,No,No,Bank transfer (automatic)
8849-PRIQJ,No,0,67,109.4,One year,Fiber optic,Yes,Yes,Electronic check
8851-RAGOV,No,0,25,71.05,Month-to-month,DSL,Yes,Yes,Mailed check
1304-NECVQ,Yes,1,2,78.55,Month-to-month,Fiber optic,No,No,Electronic check
5396-IZEPB,No,0,9,19.7,Month-to-month,No,No internet service,No internet service,Credit card (automatic)
1729-VLAZJ,No,0,10,40.25,One year,DSL,Yes,Yes,Mailed check
8285-ABVLB,No,0,70,19.85,Two year,No,No internet service,No internet service,Credit card (automatic)
0701-TJSEF,No,0,9,68.25,Month-to-month,DSL,Yes,Yes,Bank transfer (automatic)
5712-VBOXD,No,0,4,20.15,Month-to-month,No,No internet service,No internet service,Credit card (automatic)
6629-LADHQ,No,0,2,50.95,Month-to-month,DSL,No,Yes,Mailed check
8945-GRKHX,Yes,1,1,78.65,Month-to-month,Fiber optic,No,No,Electronic check
1559-DTODC,No,0,19,25.15,Month-to-month,DSL,No,No,Bank transfer (automatic)
4797-MIWUM,No,0,7,20.25,Month-to-month,No,No internet service,No internet service,Bank transfer (automatic)
6959-UWKHF,Yes,1,1,42.9,Month-to-month,DSL,No,No,Electronic check
8720-RQSBJ,No,0,1,44.0,Month-to-month,DSL,No,No,Electronic check
4537-CIBHB,No,0,9,20.25,One year,No,No internet service,No internet service,Mailed check
3815-SLMEF,Yes,1,3,34.25,Month-to-month,DSL,Yes,Yes,Mailed check
5154-VEKBL,Yes,1,9,58.5,Month-to-month,DSL,Yes,Yes,Mailed check
4324-AHJKS,No,0,5,55.8,Month-to-month,DSL,No,Yes,Credit card (automatic)
4355-CVPVS,No,0,56,88.9,One year,Fiber optic,No,No,Bank transfer (automatic)
4495-LHSSK,No,0,18,57.65,Month-to-month,DSL,No,Yes,Mailed check
5655-JSMZM,Yes,1,49,96.2,Month-to-month,Fiber optic,No,No,Electronic check
5915-ANOEI,No,0,70,79.15,Two year,DSL,Yes,Yes,Mailed check
9861-PDSZP,No,0,72,108.05,Two year,Fiber optic,Yes,No,Credit card (automatic)
4505-EXZHB,Yes,1,6,74.4,Month-to-month,Fiber optic,No,No,Electronic check
7225-CBZPL,No,0,17,94.8,Month-to-month,Fiber optic,No,No,Electronic check
6704-UTUKK,No,0,29,45.9,Month-to-month,DSL,No,No,Electronic check
4587-VVTOX,Yes,1,6,105.3,Month-to-month,Fiber optic,No,No,Electronic check
2019-HDCZY,No,0,63,102.6,Two year,Fiber optic,No,No,Electronic check
4652-NNHNY,Yes,1,16,73.85,Month-to-month,Fiber optic,No,No,Bank transfer (automatic)
8788-DOXSU,No,0,59,61.35,One year,DSL,No,No,Bank transfer (automatic)
7404-JLKQG,No,0,3,57.55,Month-to-month,DSL,No,No,Electronic check
7421-ZLUPA,No,0,8,29.25,Month-to-month,DSL,No,No,Mailed check
8972-HJWNV,Yes,1,7,84.55,Month-to-month,Fiber optic,No,No,Electronic check
3274-NSDWE,No,0,68,19.6,Two year,No,No internet service,No internet service,Credit card (automatic)
2632-IVXVF,No,0,68,111.75,Two year,Fiber optic,Yes,Yes,Credit card (automatic)
3692-JHONH,No,0,52,106.5,One year,Fiber optic,No,No,Electronic check
8915-NNTRC,No,0,72,107.7,Two year,Fiber optic,Yes,Yes,Credit card (automatic)
5914-GXMDA,No,0,32,19.3,One year,No,No internet service,No internet service,Mailed check
7463-IFMQU,No,0,72,20.05,Two year,No,No internet service,No internet service,Bank transfer (automatic)
2920-RNCEZ,No,0,1,69.95,Month-to-month,Fiber optic,No,No,Credit card (automatic)
2541-YGPKE,No,0,42,63.7,One year,DSL,Yes,Yes,Credit card (automatic)
8515-OCTJS,Yes,1,25,24.75,Two year,No,No internet service,No internet service,Credit card (automatic)
5382-TEMLV,No,0,45,50.9,Month-to-month,DSL,No,Yes,Bank transfer (automatic)
3441-CGZJH,No,0,43,60.4,One year,DSL,Yes,Yes,Credit card (automatic)
9592-ERDKV,No,0,37,79.25,One year,DSL,No,Yes,Mailed check
2860-RANUS,Yes,1,20,85.8,Month-to-month,Fiber optic,No,No,Credit card (automatic)
5261-QSHQM,Yes,1,4,24.45,Month-to-month,DSL,No,No,Electronic check
4778-IZARL,No,0,63,110.1,Two year,Fiber optic,Yes,Yes,Credit card (automatic)
0432-CAJZV,No,0,3,90.7,Month-to-month,Fiber optic,No,No,Mailed check
7008-LZVOZ,No,0,66,25.3,Two year,No,No internet service,No internet service,Credit card (automatic)
8868-WOZGU,Yes,1,28,105.7,Month-to-month,Fiber optic,No,No,Electronic check
1200-TUZHR,No,0,8,85.2,Month-to-month,Fiber optic,No,No,Electronic check
9365-CSLBQ,No,0,71,24.35,Two year,No,No internet service,No internet service,Mailed check
1334-FJSVR,Yes,1,1,24.25,Month-to-month,DSL,No,No,Electronic check
5884-FBCTL,No,0,72,25.1,Two year,No,No internet service,No internet service,Bank transfer (automatic)
7130-CTCUS,No,0,16,54.55,Month-to-month,DSL,No,Yes,Bank transfer (automatic)
6242-FEGFD,No,0,66,96.6,Two year,Fiber optic,Yes,Yes,Mailed check
7625-XCQRH,Yes,1,11,76.5,Month-to-month,Fiber optic,No,No,Electronic check
6194-HBGQN,No,0,51,81.15,One year,DSL,Yes,Yes,Credit card (automatic)
7634-WSWDB,No,0,8,38.5,Month-to-month,DSL,No,Yes,Electronic check
6986-IXNDM,No,0,14,92.9,Month-to-month,Fiber optic,No,No,Electronic check
1731-TVIUK,Yes,1,4,93.5,Month-to-month,Fiber optic,Yes,No,Electronic check
2987-BJXIK,No,0,70,84.7,Two year,DSL,No,Yes,Mailed check
9769-TSBZE,No,0,70,66.0,Two year,DSL,Yes,Yes,Electronic check
0406-BPDVR,Yes,1,54,101.5,One year,Fiber optic,No,No,Credit card (automatic)
0618-XWMSS,Yes,1,28,74.9,Month-to-month,Fiber optic,No,Yes,Bank transfer (automatic)
1395-WSWXR,No,0,24,20.75,Two year,No,No internet service,No internet service,Mailed check
6023-GSSXW,No,0,69,61.45,Two year,DSL,No,No,Credit card (automatic)
6752-APNJL,No,0,42,54.5,Month-to-month,DSL,No,Yes,Mailed check
5276-KQWHG,Yes,1,2,69.6,Month-to-month,Fiber optic,No,No,Electronic check
0420-HLGXF,No,0,39,99.75,Month-to-month,Fiber optic,No,No,Electronic check
7446-KQISO,No,0,45,109.75,Two year,Fiber optic,Yes,No,Bank transfer (automatic)
9823-EALYC,No,0,72,80.85,Two year,DSL,Yes,Yes,Bank transfer (automatic)
0582-AVCLN,No,0,38,20.3,Two year,No,No internet service,No internet service,Mailed check
5803-NQJZO,No,0,72,67.8,Two year,DSL,Yes,Yes,Bank transfer (automatic)
2565-JSLRY,Yes,1,1,24.05,Month-to-month,No,No internet service,No internet service,Mailed check
2607-DHDAK,No,0,72,19.8,Two year,No,No internet service,No internet service,Credit card (automatic)
1073-XXCZD,No,0,55,25.7,Two year,No,No internet service,No internet service,Bank transfer (automatic)
0743-HRVFF,No,0,51,56.15,One year,DSL,Yes,No,Electronic check
4006-HKYHO,No,0,63,86.7,Two year,DSL,Yes,Yes,Bank transfer (automatic)
3727-JEZTU,No,0,1,20.4,Month-to-month,No,No internet service,No internet service,Mailed check
8143-ETQTI,No,0,23,19.65,Two year,No,No internet service,No internet service,Mailed check
6689-KXGBO,Yes,1,1,50.55,Month-to-month,DSL,No,No,Electronic check
9667-TKTVZ,No,0,2,54.35,Month-to-month,DSL,Yes,No,Mailed check
3657-COGMW,No,0,52,108.1,Month-to-month,Fiber optic,No,Yes,Credit card (automatic)
8570-KLJYJ,No,0,36,54.45,One year,DSL,No,Yes,Mailed check
7754-IXRMC,No,0,1,45.35,Month-to-month,DSL,No,No,Mailed check
9473-CBZOP,No,0,28,59.0,One year,DSL,No,Yes,Mailed check
2969-WGHQO,No,0,7,69.45,One year,DSL,No,Yes,Electronic check
6615-NGGZJ,Yes,1,14,100.55,Month-to-month,Fiber optic,No,No,Electronic check
4334-HOWRP,No,0,72,64.95,Two year,DSL,Yes,Yes,Credit card (automatic)
4255-DDUOU,Yes,1,1,20.5,Month-to-month,No,No internet service,No internet service,Mailed check
5863-OOKCL,No,0,10,18.85,Month-to-month,No,No internet service,No internet service,Mailed check
1686-STUHN,No,0,42,19.8,One year,No,No internet service,No internet service,Bank transfer (automatic)
1329-VHWNP,No,0,7,25.05,Month-to-month,DSL,No,No,Bank transfer (automatic)
2984-MIIZL,Yes,1,4,74.8,Month-to-month,Fiber optic,No,No,Bank transfer (automatic)
0266-GMEAO,No,0,72,114.3,Two year,Fiber optic,Yes,Yes,Credit card (automatic)
5590-YRFJT,Yes,1,20,24.45,Month-to-month,DSL,No,No,Electronic check
5574-NXZIU,No,0,63,109.2,Two year,Fiber optic,Yes,Yes,Credit card (automatic)
0019-GFNTW,No,0,56,45.05,Two year,DSL,Yes,Yes,Bank transfer (automatic)
4256-ZWTZI,No,0,5,51.0,Month-to-month,DSL,Yes,No,Mailed check
8309-PPCED,No,0,72,110.45,Two year,Fiber optic,Yes,No,Bank transfer (automatic)
4098-NAUKP,No,0,68,84.65,Month-to-month,Fiber optic,No,No,Electronic check
5196-WPYOW,No,0,67,60.05,One year,DSL,Yes,Yes,Mailed check
4608-LCIMN,No,0,8,44.65,Month-to-month,DSL,No,No,Bank transfer (automatic)
1485-YDHMM,No,0,52,93.25,Month-to-month,Fiber optic,Yes,No,Bank transfer (automatic)
4054-CUMIA,No,0,18,20.25,Month-to-month,No,No internet service,No internet service,Mailed check
0603-TPMIB,No,0,59,25.45,Two year,No,No internet service,No internet service,Mailed check
2525-GVKQU,No,0,60,20.6,Two year,No,No internet service,No internet service,Mailed check
8161-QYMTT,No,0,7,94.1,Month-to-month,Fiber optic,No,No,Electronic check
9581-GVBXT,No,0,59,34.8,One year,DSL,No,Yes,Mailed check
5862-BRIXZ,No,0,46,60.75,Two year,DSL,Yes,Yes,Bank transfer (automatic)
5404-GGUKR,No,0,5,51.35,Month-to-month,DSL,No,No,Electronic check
3308-JSGML,No,0,59,64.05,Two year,DSL,Yes,Yes,Credit card (automatic)
2126-GSEGL,No,0,70,84.8,Two year,DSL,Yes,No,Bank transfer (automatic)
3677-TNKIO,Yes,1,14,71.0,Month-to-month,Fiber optic,No,No,Credit card (automatic)
0440-QEXBZ,No,0,44,50.15,Month-to-month,DSL,No,No,Mailed check
2434-EEVDB,No,0,64,94.6,Two year,Fiber optic,No,Yes,Credit card (automatic)
6762-QVYJO,No,0,58,59.75,Two year,DSL,Yes,Yes,Mailed check
6199-IWKGC,No,0,46,100.25,One year,Fiber optic,Yes,No,Electronic check
2675-DHUTR,No,0,58,98.9,Month-to-month,Fiber optic,No,No,Electronic check
8152-VETUR,No,0,72,97.7,Two year,Fiber optic,No,No,Credit card (automatic)
9667-EQRXU,Yes,1,30,40.3,Month-to-month,DSL,No,No,Electronic check
7446-YPODE,No,0,11,60.25,Month-to-month,DSL,No,Yes,Bank transfer (automatic)
9522-BNTHX,No,0,34,56.25,Month-to-month,DSL,No,No,Electronic check
4676-WLUHT,No,0,54,46.2,Two year,DSL,No,Yes,Bank transfer (automatic)
3329-WDIOK,Yes,1,3,50.6,Month-to-month,DSL,No,No,Electronic check
7980-MHFLQ,No,0,72,24.9,Two year,No,No internet service,No internet service,Mailed check
2873-ZLIWT,Yes,1,40,84.85,Month-to-month,Fiber optic,Yes,No,Electronic check
3415-TAILE,Yes,1,2,65.7,Month-to-month,DSL,No,No,Mailed check
0757-WCUUZ,No,0,54,63.35,Two year,DSL,No,No,Credit card (automatic)
1629-DQQVB,No,0,14,50.1,Month-to-month,DSL,No,Yes,Bank transfer (automatic)
1915-IOFGU,Yes,1,1,70.5,Month-to-month,Fiber optic,No,No,Electronic check
3045-XETSH,Yes,1,10,94.85,Month-to-month,Fiber optic,No,No,Electronic check
0374-AACSZ,No,0,1,50.15,Month-to-month,DSL,No,Yes,Electronic check
7239-HZZCX,Yes,1,1,19.75,Month-to-month,No,No internet service,No internet service,Mailed check
4872-VXRIL,No,0,56,64.65,One year,DSL,Yes,Yes,Bank transfer (automatic)
9140-CZQZZ,No,0,68,79.6,Two year,DSL,Yes,Yes,Bank transfer (automatic)
3423-HHXAO,No,0,14,19.5,One year,No,No internet service,No internet service,Mailed check
9938-TKDGL,No,0,68,99.55,Two year,Fiber optic,Yes,Yes,Electronic check
0531-ZZJWQ,No,0,55,74.0,Month-to-month,Fiber optic,No,No,Electronic check
6537-QLGEX,No,0,16,38.9,Month-to-month,DSL,No,Yes,Electronic check
2688-BHGOG,No,0,9,79.55,Month-to-month,Fiber optic,No,No,Electronic check
7683-CBDKJ,Yes,1,14,65.45,Month-to-month,DSL,No,Yes,Electronic check
0946-CLJTI,Yes,1,58,98.7,Month-to-month,Fiber optic,No,No,Electronic check
3160-TYXLT,No,0,53,46.3,Month-to-month,DSL,No,Yes,Bank transfer (automatic)
1325-USMEC,No,0,70,99.35,Two year,Fiber optic,No,Yes,Credit card (automatic)
0916-QOFDP,No,0,14,95.8,Month-to-month,Fiber optic,No,No,Electronic check
0628-CNQRM,Yes,1,22,67.5,One year,DSL,Yes,Yes,Bank transfer (automatic)
5606-AMZBO,No,0,10,78.15,Month-to-month,Fiber optic,No,Yes,Credit card (automatic)
6199-IPCAO,No,0,29,26.1,Two year,No,No internet service,No internet service,Mailed check
7665-TOALD,Yes,1,1,69.6,Month-to-month,Fiber optic,No,No,Electronic check
0112-QWPNC,Yes,1,49,84.35,One year,DSL,Yes,Yes,Electronic check
0324-BRPCJ,Yes,1,68,100.2,Month-to-month,Fiber optic,No,No,Electronic check
2777-PHDEI,Yes,1,1,78.05,Month-to-month,Fiber optic,No,No,Electronic check
5640-CAXOA,No,0,30,40.35,One year,DSL,Yes,No,Credit card (automatic)
2235-EZAIK,No,0,72,79.2,Two year,DSL,Yes,Yes,Credit card (automatic)
3847-BAERP,No,0,10,20.9,Month-to-month,No,No internet service,No internet service,Mailed check
1196-AMORA,Yes,1,7,73.6,Month-to-month,Fiber optic,No,No,Electronic check
4282-YMKNA,Yes,1,9,74.75,Month-to-month,Fiber optic,No,No,Electronic check
1453-RZFON,No,0,1,49.9,Month-to-month,DSL,No,Yes,Mailed check
8263-OKETD,No,0,20,68.9,Month-to-month,DSL,Yes,No,Credit card (automatic)
0670-KDOMA,No,0,1,20.25,Month-to-month,No,No internet service,No internet service,Mailed check
2476-YGEFM,No,0,29,76.0,Month-to-month,Fiber optic,No,No,Credit card (automatic)
8687-BAFGU,No,0,1,74.0,Month-to-month,Fiber optic,Yes,No,Electronic check
0641-EVBOJ,No,0,3,82.3,Month-to-month,Fiber optic,Yes,Yes,Mailed check
0829-XXPLX,No,0,20,89.4,Month-to-month,Fiber optic,No,Yes,Bank transfer (automatic)
9974-JFBHQ,No,0,64,99.15,Month-to-month,Fiber optic,Yes,No,Credit card (automatic)
5356-RHIPP,Yes,1,1,20.2,Month-to-month,No,No internet service,No internet service,Mailed check
6624-JDRDS,No,0,6,29.45,Month-to-month,DSL,No,Yes,Bank transfer (automatic)
0608-JDVEC,No,0,50,19.8,Two year,No,No internet service,No internet service,Electronic check
9780-FKVVF,No,0,6,59.15,Month-to-month,DSL,No,Yes,Bank transfer (automatic)
1919-RTPQD,No,0,7,44.75,Month-to-month,DSL,No,No,Electronic check
5214-NLTIT,No,0,72,90.8,Two year,Fiber optic,No,No,Credit card (automatic)
3345-PBBFH,No,0,8,49.55,Month-to-month,DSL,No,No,Bank transfer (automatic)
5055-BRMNE,No,0,67,106.7,Two year,Fiber optic,Yes,Yes,Credit card (automatic)
9189-JWSHV,Yes,1,24,93.55,Month-to-month,Fiber optic,No,No,Electronic check
2190-PHBHR,No,0,72,94.45,Two year,Fiber optic,No,Yes,Credit card (automatic)
2650-GYRYL,No,0,33,19.45,One year,No,No internet service,No internet service,Bank transfer (automatic)
0746-JTRFU,Yes,1,2,25.05,Month-to-month,DSL,No,No,Electronic check
5208-FVQKB,No,0,70,67.95,Two year,DSL,Yes,Yes,Mailed check
7184-LRUUR,No,0,22,65.25,One year,DSL,No,No,Bank transfer (automatic)
6627-CFOSN,No,0,59,99.45,Month-to-month,Fiber optic,No,Yes,Bank transfer (automatic)
3982-JGSFD,No,0,36,20.35,One year,No,No internet service,No internet service,Credit card (automatic)
1574-DYCWE,No,0,51,19.95,Two year,No,No internet service,No internet service,Mailed check
7247-XOZPB,No,0,53,77.4,One year,DSL,Yes,Yes,Bank transfer (automatic)
2466-FCCPT,No,0,20,19.7,One year,No,No internet service,No internet service,Bank transfer (automatic)
6211-WWLTF,No,0,63,99.7,Two year,Fiber optic,No,Yes,Credit card (automatic)
4826-TZEVA,No,0,40,74.8,Month-to-month,Fiber optic,No,No,Credit card (automatic)
6016-NXBNJ,No,0,35,19.15,One year,No,No internet service,No internet service,Mailed check
9138-EFSMO,No,0,26,78.95,One year,Fiber optic,No,No,Bank transfer (automatic)
0576-WNXXC,Yes,1,27,95.55,Month-to-month,Fiber optic,No,No,Electronic check
4632-XJMEX,No,0,53,62.85,One year,DSL,Yes,Yes,Credit card (automatic)
8910-LEDAG,No,0,34,71.55,Month-to-month,Fiber optic,No,No,Credit card (automatic)
3452-GWUIN,No,0,19,94.95,Month-to-month,Fiber optic,No,No,Electronic check
2716-GFZOR,No,0,43,86.1,Month-to-month,Fiber optic,No,Yes,Credit card (automatic)
3724-UCSHY,No,0,6,19.55,Month-to-month,No,No internet service,No internet service,Mailed check
8626-XHBIE,No,0,56,24.8,Two year,No,No internet service,No internet service,Mailed check
4628-CTTLA,Yes,1,57,39.3,Month-to-month,DSL,No,No,Electronic check
3192-LNKRK,No,0,34,84.05,Month-to-month,Fiber optic,No,No,Mailed check
4439-YRNVD,No,0,10,36.25,Month-to-month,DSL,Yes,No,Electronic check
2876-VBBBL,Yes,1,1,20.25,Month-to-month,No,No internet service,No internet service,Mailed check
6834-NXDCA,Yes,1,13,23.9,Month-to-month,DSL,No,No,Electronic check
2208-UGTGR,No,0,56,98.6,Month-to-month,Fiber optic,No,No,Electronic check
3005-TYFRD,No,0,55,103.65,Month-to-month,Fiber optic,No,No,Credit card (automatic)
8670-MEFCP,No,0,36,92.9,Two year,DSL,Yes,Yes,Credit card (automatic)
3079-BCHLN,No,0,47,19.9,One year,No,No internet service,No internet service,Bank transfer (automatic)
7777-UNYHB,No,0,12,20.1,Month-to-month,No,No internet service,No internet service,Credit card (automatic)
5597-GLBUC,Yes,1,1,85.45,Month-to-month,Fiber optic,No,No,Electronic check
7278-CKDNC,No,0,24,80.5,Month-to-month,Fiber optic,No,No,Electronic check
2748-MYRVK,Yes,1,63,99.9,One year,Fiber optic,No,No,Bank transfer (automatic)
8450-UYIBU,No,0,35,39.85,Month-to-month,DSL,No,No,Electronic check
2969-VAPYH,No,0,67,60.5,One year,DSL,Yes,Yes,Credit card (automatic)
4822-YCXMX,Yes,1,25,84.8,Month-to-month,Fiber optic,No,No,Electronic check
7181-OQCUT,No,0,21,103.85,Month-to-month,Fiber optic,No,Yes,Mailed check
8474-UMLNT,No,0,13,67.8,Month-to-month,DSL,Yes,Yes,Bank transfer (automatic)
9821-POOTN,Yes,1,35,75.2,Month-to-month,Fiber optic,No,No,Electronic check
3836-FZSDJ,No,0,71,24.85,Two year,No,No internet service,No internet service,Bank transfer (automatic)
9142-XMYJH,No,0,29,19.35,Month-to-month,No,No internet service,No internet service,Credit card (automatic)
6559-ILWKJ,Yes,1,71,49.35,Two year,DSL,No,No,Electronic check
0187-QSXOE,No,0,7,89.0,Month-to-month,Fiber optic,No,No,Electronic check
7733-UDMTP,No,0,57,55.0,Month-to-month,DSL,No,No,Electronic check
2649-HWLYB,No,0,65,76.15,Two year,DSL,Yes,Yes,Bank transfer (automatic)
5214-CHIWJ,No,0,27,20.3,One year,No,No internet service,No internet service,Mailed check
4229-CZMLL,Yes,1,6,74.9,Month-to-month,Fiber optic,No,No,Electronic check
6904-JLBGY,No,0,72,117.35,Two year,Fiber optic,Yes,Yes,Credit card (automatic)
2465-BLLEU,No,0,1,19.75,Month-to-month,No,No internet service,No internet service,Mailed check
1685-VAYJF,No,0,11,45.2,Month-to-month,DSL,No,No,Credit card (automatic)
8874-EJNSR,No,0,39,25.2,Two year,No,No internet service,No internet service,Mailed check
6917-YACBP,No,0,59,89.75,Month-to-month,Fiber optic,No,Yes,Electronic check
5049-MUBWG,No,0,26,75.0,One year,DSL,Yes,Yes,Bank transfer (automatic)
4223-WOZCM,No,0,2,49.95,Month-to-month,DSL,No,No,Mailed check
0769-MURVM,No,0,72,65.7,Two year,DSL,Yes,Yes,Bank transfer (automatic)
9253-VIFJQ,No,0,65,67.05,One year,DSL,No,Yes,Credit card (automatic)
7030-FZTFM,No,0,72,110.9,Two year,Fiber optic,Yes,No,Credit card (automatic)
9741-YLNTD,No,0,6,87.95,Month-to-month,Fiber optic,Yes,No,Bank transfer (automatic)
5917-RYRMG,No,0,32,19.8,One year,No,No internet service,No internet service,Credit card (automatic)
5120-ZBLAI,No,0,50,75.7,One year,DSL,No,No,Bank transfer (automatic)
1194-BHJYC,No,0,61,62.15,Two year,DSL,Yes,Yes,Mailed check
3663-MITLP,Yes,1,15,101.25,Month-to-month,Fiber optic,No,No,Electronic check
0906-QVPMS,No,0,72,115.15,Two year,Fiber optic,Yes,Yes,Bank transfer (automatic)
9025-ZRPVR,Yes,1,9,18.95,Month-to-month,No,No internet service,No internet service,Mailed check
1905-OEILC,No,0,1,19.5,Month-to-month,No,No internet service,No internet service,Mailed check
7858-GTZSP,No,0,12,86.55,Month-to-month,Fiber optic,No,No,Electronic check
3285-UCQVC,Yes,1,37,28.6,Month-to-month,DSL,Yes,No,Credit card (automatic)
6248-BSHKG,No,0,61,20.4,One year,No,No internet service,No internet service,Mailed check
4685-TFLLS,No,0,18,19.8,One year,No,No internet service,No internet service,Bank transfer (automatic)
3470-BTGQO,No,0,21,45.65,Month-to-month,DSL,No,No,Mailed check
1209-VFFOC,No,0,68,56.4,Two year,DSL,Yes,Yes,Mailed check
8224-DWCKX,No,0,12,73.3,Month-to-month,Fiber optic,No,No,Credit card (automatic)
5482-PLVPE,Yes,1,2,24.35,Month-to-month,DSL,No,No,Electronic check
4553-DVPZG,No,0,62,101.35,Month-to-month,Fiber optic,No,No,Electronic check
4902-OHLSK,Yes,1,29,98.65,Month-to-month,Fiber optic,Yes,No,Electronic check
6917-IAYHD,No,0,1,33.6,Month-to-month,DSL,Yes,No,Mailed check
0495-ZBNGW,Yes,1,5,79.9,Month-to-month,Fiber optic,No,No,Bank transfer (automatic)
8620-RJPZN,No,0,1,20.7,Month-to-month,No,No internet service,No internet service,Electronic check
7572-KPVKK,No,0,62,104.05,Two year,Fiber optic,Yes,No,Electronic check
2642-MAWLJ,No,0,36,20.25,Two year,No,No internet service,No internet service,Bank transfer (automatic)
2357-COQEK,Yes,1,28,103.3,Month-to-month,Fiber optic,Yes,No,Electronic check
7103-ZGVNT,No,0,69,73.7,One year,DSL,Yes,Yes,Credit card (automatic)
3737-GCSPV,Yes,1,11,96.2,Month-to-month,Fiber optic,Yes,Yes,Credit card (automatic)
2027-WKXMW,No,0,63,108.75,Month-to-month,Fiber optic,Yes,No,Electronic check
7137-NAXML,No,0,23,20.15,One year,No,No internet service,No internet service,Bank transfer (automatic)
2428-ZMCTB,No,0,10,19.75,Month-to-month,No,No internet service,No internet service,Credit card (automatic)
2961-VNFKL,No,0,71,25.95,Two year,No,No internet service,No internet service,Credit card (automatic)
1768-HNVGJ,No,0,45,70.05,Month-to-month,DSL,Yes,Yes,Electronic check
6963-KQYQB,No,0,70,24.05,Two year,No,No internet service,No internet service,Mailed check
5934-RMPOV,No,0,22,84.75,Month-to-month,Fiber optic,No,No,Electronic check
1207-BLKSA,No,0,52,23.05,Two year,No,No internet service,No internet service,Mailed check
4088-YLDSU,Yes,1,55,104.15,One year,Fiber optic,Yes,No,Electronic check
8316-BBQAY,No,0,65,59.95,Two year,DSL,Yes,Yes,Credit card (automatic)
1166-PQLGG,No,0,72,19.55,Two year,No,No internet service,No internet service,Bank transfer (automatic)
3146-JTQHR,No,0,10,19.6,One year,No,No internet service,No internet service,Bank transfer (automatic)
4291-YZODP,No,0,7,20.05,One year,No,No internet service,No internet service,Mailed check
4395-PZMSN,No,0,5,85.55,Month-to-month,Fiber optic,No,No,Electronic check
6427-FEFIG,No,0,24,78.6,Two year,DSL,No,Yes,Credit card (automatic)
0017-IUDMW,No,0,72,116.8,Two year,Fiber optic,Yes,Yes,Credit card (automatic)
8706-HRADD,No,0,21,43.55,Month-to-month,DSL,Yes,Yes,Mailed check
9955-QOPOY,No,0,69,60.8,One year,DSL,Yes,No,Credit card (automatic)
4385-ZKVNW,No,0,44,54.9,Month-to-month,DSL,Yes,No,Bank transfer (automatic)
5446-DKWYW,No,0,61,65.2,One year,DSL,No,No,Electronic check
2034-CGRHZ,Yes,1,24,102.95,Month-to-month,Fiber optic,No,No,Credit card (automatic)
5797-APWZC,Yes,1,1,90.6,Month-to-month,Fiber optic,No,No,Electronic check
3683-QKIUE,Yes,1,6,50.8,Month-to-month,DSL,Yes,No,Bank transfer (automatic)
4228-ZGYUW,Yes,1,4,90.05,Month-to-month,Fiber optic,No,No,Electronic check
9031-ZVQPT,No,0,72,108.2,Two year,Fiber optic,Yes,No,Electronic check
2990-IAJSV,No,0,72,92.0,Two year,DSL,Yes,Yes,Bank transfer (automatic)
8107-KNCIM,No,0,14,75.1,Month-to-month,Fiber optic,No,No,Electronic check
9027-YFHQJ,No,0,7,25.05,Month-to-month,No,No internet service,No internet service,Bank transfer (automatic)
5176-LDKUH,No,0,48,75.15,One year,Fiber optic,No,No,Electronic check
4644-OBGFZ,No,0,55,19.5,One year,No,No internet service,No internet service,Mailed check
7926-IJOOU,No,0,1,19.3,Month-to-month,No,No internet service,No internet service,Credit card (automatic)
6480-YAGIY,No,0,45,112.2,One year,Fiber optic,Yes,Yes,Credit card (automatic)
4029-HPFVY,No,0,3,70.3,Month-to-month,Fiber optic,No,No,Mailed check
7602-DBTOU,No,0,71,19.6,Two year,No,No internet service,No internet service,Mailed check
5345-BMKWB,No,0,8,20.25,Month-to-month,No,No internet service,No internet service,Mailed check
3519-ZKXGG,Yes,1,3,75.85,Month-to-month,Fiber optic,No,No,Electronic check
5457-COLHT,No,0,69,80.65,Two year,DSL,Yes,Yes,Bank transfer (automatic)
6416-TVAIH,Yes,1,1,68.5,Month-to-month,Fiber optic,No,No,Electronic check
5451-YHYPW,No,0,72,115.75,Two year,Fiber optic,Yes,Yes,Credit card (automatic)
5108-ADXWO,Yes,1,11,73.5,Month-to-month,Fiber optic,No,Yes,Electronic check
7998-WNZEM,No,0,71,80.6,Two year,DSL,Yes,Yes,Bank transfer (automatic)
3066-RRJIO,Yes,1,1,69.95,Month-to-month,Fiber optic,No,No,Mailed check
4664-NJCMS,No,0,33,59.55,Two year,DSL,Yes,Yes,Bank transfer (automatic)
0307-BCOPK,No,0,16,19.05,One year,No,No internet service,No internet service,Mailed check
7629-WFGLW,No,0,56,95.65,One year,Fiber optic,Yes,Yes,Electronic check
2542-HYGIQ,No,0,1,19.95,Month-to-month,No,No internet service,No internet service,Credit card (automatic)
6715-OFDBP,Yes,1,5,70.05,Month-to-month,DSL,No,No,Electronic check
5016-LIPDW,No,0,57,19.4,One year,No,No internet service,No internet service,Mailed check
6481-LXPWL,No,0,56,36.1,One year,DSL,No,No,Credit card (automatic)
1567-DSCIC,Yes,1,8,94.0,Month-to-month,Fiber optic,No,No,Electronic check
2150-UWTFY,Yes,1,22,61.15,Month-to-month,DSL,No,Yes,Mailed check
6124-ACRHJ,No,0,1,19.75,Month-to-month,No,No internet service,No internet service,Mailed check
9362-MWODR,No,0,40,64.1,Month-to-month,DSL,Yes,Yes,Credit card (automatic)
9975-GPKZU,No,0,46,19.75,Two year,No,No internet service,No internet service,Credit card (automatic)
9625-RZFUK,No,0,63,19.7,Two year,No,No internet service,No internet service,Mailed check
5153-LXKDT,No,0,68,110.2,Two year,Fiber optic,No,Yes,Electronic check
5161-UBZXI,No,0,69,106.35,Two year,Fiber optic,Yes,Yes,Credit card (automatic)
1020-JPQOW,No,0,56,90.55,Month-to-month,Fiber optic,Yes,No,Electronic check
7919-ZODZZ,No,0,10,65.9,One year,DSL,No,No,Mailed check
0565-JUPYD,No,0,63,104.5,One year,Fiber optic,Yes,Yes,Credit card (automatic)
6867-ACCZI,No,0,24,52.5,Two year,DSL,Yes,Yes,Mailed check
5939-XAIXZ,No,0,19,56.1,Month-to-month,DSL,No,No,Mailed check
9054-FOWNV,No,0,22,88.75,Month-to-month,Fiber optic,No,No,Electronic check
2683-BPJSO,Yes,1,29,84.45,Month-to-month,Fiber optic,No,Yes,Electronic check
2157-MXBJS,Yes,1,13,75.3,One year,DSL,No,No,Mailed check
8207-VVMYB,No,0,70,26.0,Two year,No,No internet service,No internet service,Bank transfer (automatic)
9732-EQMWY,No,0,49,99.4,Month-to-month,Fiber optic,No,No,Electronic check
9360-AHGNL,Yes,1,43,109.55,One year,Fiber optic,Yes,Yes,Mailed check
1087-UDSIH,Yes,1,3,19.6,Month-to-month,No,No internet service,No internet service,Mailed check
5269-NRGDP,No,0,42,73.15,One year,DSL,Yes,No,Electronic check
6195-MELTI,No,0,57,54.65,One year,DSL,Yes,No,Mailed check
5485-WUYWF,Yes,1,2,66.4,Month-to-month,DSL,No,Yes,Bank transfer (automatic)
2121-JAFOM,No,0,72,115.55,Two year,Fiber optic,Yes,Yes,Credit card (automatic)
8818-DOPVL,No,0,46,104.45,Month-to-month,Fiber optic,No,No,Electronic check
2632-UCGVD,Yes,1,66,100.05,Month-to-month,Fiber optic,Yes,No,Credit card (automatic)
5445-PZWGX,Yes,1,62,102.0,One year,Fiber optic,Yes,Yes,Electronic check
1227-UDMZR,No,0,72,91.15,Two year,DSL,Yes,Yes,Bank transfer (automatic)
5198-HQAEN,No,0,35,89.7,One year,Fiber optic,Yes,No,Electronic check
9170-CCKOU,Yes,1,17,90.2,Month-to-month,Fiber optic,No,Yes,Credit card (automatic)
2167-FQSTQ,No,0,72,92.4,Two year,DSL,Yes,Yes,Electronic check
2819-GWENI,No,0,28,19.9,One year,No,No internet service,No internet service,Mailed check
1043-YCUTE,Yes,1,56,25.15,Two year,No,No internet service,No internet service,Credit card (automatic)
3814-MLAXC,Yes,1,31,79.85,Month-to-month,Fiber optic,Yes,No,Credit card (automatic)
3572-UUHRS,No,0,45,18.85,One year,No,No internet service,No internet service,Bank transfer (automatic)
2692-PFYTJ,No,0,1,25.75,Month-to-month,No,No internet service,No internet service,Mailed check
1226-UDFZR,Yes,1,2,49.6,Month-to-month,DSL,No,No,Mailed check
5955-EPOAZ,No,0,6,20.95,Month-to-month,No,No internet service,No internet service,Mailed check
6821-JPCDC,No,0,48,97.05,One year,Fiber optic,No,No,Electronic check
8815-LMFLX,No,0,25,25.4,Month-to-month,No,No internet service,No internet service,Bank transfer (automatic)
9135-HSWOC,No,0,64,19.7,Two year,No,No internet service,No internet service,Bank transfer (automatic)
8582-KRHPJ,No,0,50,35.0,Month-to-month,DSL,No,Yes,Mailed check
5811-IWXYM,No,0,52,101.25,One year,Fiber optic,No,No,Bank transfer (automatic)
7044-YAACC,No,0,4,70.2,Month-to-month,Fiber optic,No,No,Electronic check
8189-XRIKE,No,0,32,90.95,Month-to-month,Fiber optic,No,No,Electronic check
1506-YJTYT,No,0,45,73.85,Two year,DSL,Yes,Yes,Credit card (automatic)
4123-DVHPH,No,0,9,88.05,Month-to-month,Fiber optic,No,Yes,Electronic check
6425-YQLLO,Yes,1,66,105.95,One year,Fiber optic,Yes,No,Credit card (automatic)
5442-UTCVD,Yes,1,3,91.85,Month-to-month,Fiber optic,No,No,Electronic check
2228-BZDEE,No,0,54,20.1,Two year,No,No internet service,No internet service,Mailed check
7734-DBOAI,Yes,1,1,40.1,Month-to-month,DSL,Yes,No,Electronic check
2789-CZANW,No,0,64,110.3,Two year,Fiber optic,Yes,Yes,Bank transfer (automatic)
2091-RFFBA,Yes,1,31,73.9,Month-to-month,Fiber optic,No,No,Electronic check
2114-MGINA,Yes,1,14,89.8,Month-to-month,Fiber optic,No,No,Mailed check
7596-LDUXP,No,0,12,85.15,One year,Fiber optic,No,Yes,Credit card (automatic)
3740-RLMVT,No,0,67,60.95,One year,DSL,Yes,Yes,Bank transfer (automatic)
4489-SNOJF,Yes,1,35,72.25,Month-to-month,DSL,Yes,Yes,Electronic check
2192-OZITF,No,0,45,73.55,Two year,DSL,Yes,Yes,Mailed check
5651-CPDND,No,0,10,46.0,Month-to-month,DSL,No,No,Mailed check
2186-QZEYA,No,0,29,58.55,Month-to-month,DSL,No,Yes,Bank transfer (automatic)
1131-ALZWV,No,0,24,24.6,One year,No,No internet service,No internet service,Bank transfer (automatic)
7729-XBTWX,No,0,66,19.75,Two year,No,No internet service,No internet service,Mailed check
9134-WYRVP,No,0,51,86.35,One year,Fiber optic,No,Yes,Mailed check
3284-SVCRO,No,0,45,25.5,Two year,No,No internet service,No internet service,Mailed check
9732-OUYRN,No,0,49,19.0,One year,No,No internet service,No internet service,Credit card (automatic)
0559-CKHUS,No,0,29,19.55,Two year,No,No internet service,No internet service,Mailed check
2931-SVLTV,No,0,40,110.1,Month-to-month,Fiber optic,Yes,Yes,Credit card (automatic)
6899-PPEEA,Yes,1,37,96.55,Month-to-month,Fiber optic,No,No,Electronic check
7504-UWHNB,No,0,25,69.75,Month-to-month,Fiber optic,No,No,Electronic check
2582-FFFZR,No,0,22,50.6,Month-to-month,DSL,No,No,Electronic check
8908-NMQTX,No,0,72,65.6,Two year,DSL,Yes,Yes,Bank transfer (automatic)
2187-LZGPL,Yes,1,7,40.1,Month-to-month,DSL,No,No,Credit card (automatic)
1431-AIDJQ,No,0,33,82.1,Two year,DSL,Yes,No,Credit card (automatic)
6288-LBEAR,No,0,23,79.1,Month-to-month,Fiber optic,Yes,No,Mailed check
4597-NUCQV,Yes,1,24,101.25,Month-to-month,Fiber optic,No,No,Electronic check
9019-QVLZD,Yes,1,1,79.55,Month-to-month,Fiber optic,No,No,Electronic check
8413-YNHNV,No,0,69,90.65,Two year,DSL,Yes,Yes,Mailed check
5808-TOTXO,No,0,3,20.55,One year,No,No internet service,No internet service,Credit card (automatic)
4369-NYSCF,No,0,56,75.75,One year,DSL,Yes,No,Bank transfer (automatic)
6333-YDVLT,No,0,65,110.0,One year,Fiber optic,Yes,Yes,Credit card (automatic)
5324-KTGCG,No,0,71,20.85,One year,No,No internet service,No internet service,Electronic check
5599-HVLTW,No,0,14,80.35,Month-to-month,Fiber optic,No,No,Bank transfer (automatic)
7394-LWLYN,No,0,2,70.15,Month-to-month,Fiber optic,No,No,Electronic check
3707-LRWZD,Yes,1,32,84.05,One year,Fiber optic,No,No,Electronic check
6873-UDNLD,No,0,40,67.45,Month-to-month,DSL,No,Yes,Electronic check
2700-LUEVA,No,0,1,20.75,Month-to-month,No,No internet service,No internet service,Credit card (automatic)
1455-ESIQH,Yes,1,1,89.1,Month-to-month,Fiber optic,No,No,Electronic check
0958-YHXGP,No,0,7,69.9,Month-to-month,Fiber optic,No,No,Mailed check
1101-SSWAG,No,0,15,51.1,Month-to-month,DSL,No,No,Electronic check
2979-SXESE,Yes,1,17,94.4,Month-to-month,Fiber optic,No,Yes,Electronic check
4013-TLDHQ,Yes,1,19,78.25,Month-to-month,Fiber optic,No,No,Electronic check
5743-KHMNA,No,0,71,25.55,Two year,No,No internet service,No internet service,Bank transfer (automatic)
4194-FJARJ,No,0,54,60.0,Two year,DSL,Yes,Yes,Bank transfer (automatic)
5325-UWTWJ,No,0,31,90.55,Month-to-month,Fiber optic,Yes,Yes,Credit card (automatic)
3969-GYXEL,No,0,11,76.4,Month-to-month,Fiber optic,No,Yes,Electronic check
9208-OLGAQ,No,0,18,84.95,Month-to-month,Fiber optic,No,No,Electronic check
3244-CQPHU,No,0,72,110.1,Two year,Fiber optic,Yes,Yes,Bank transfer (automatic)
2674-MLXMN,No,0,71,99.65,Month-to-month,Fiber optic,No,No,Credit card (automatic)
9708-HPXWZ,No,0,5,45.4,Month-to-month,DSL,Yes,No,Credit card (automatic)
6992-TKNYO,No,0,38,69.0,One year,DSL,Yes,No,Credit card (automatic)
4468-YDOVK,No,0,5,48.65,Month-to-month,DSL,Yes,No,Bank transfer (automatic)
3754-DXMRT,Yes,1,2,44.15,Month-to-month,DSL,No,No,Electronic check
5792-JALQC,No,0,52,59.85,Two year,DSL,No,Yes,Bank transfer (automatic)
7130-VTEWQ,Yes,1,8,75.75,Month-to-month,Fiber optic,No,No,Electronic check
2200-DSAAL,No,0,68,80.65,Two year,DSL,No,No,Electronic check
4302-ZYFEL,No,0,69,20.55,One year,No,No internet service,No internet service,Credit card (automatic)
9351-LZYGF,No,0,42,66.4,Month-to-month,DSL,Yes,Yes,Credit card (automatic)
4366-CTOUZ,No,0,50,100.2,Two year,Fiber optic,Yes,No,Mailed check
6121-VZNQB,Yes,1,1,19.1,Month-to-month,No,No internet service,No internet service,Mailed check
7903-CMPEY,Yes,1,1,80.3,Month-to-month,Fiber optic,No,Yes,Electronic check
1518-OMDIK,No,0,33,44.55,Month-to-month,DSL,No,No,Credit card (automatic)
6671-NGWON,No,0,7,20.35,Month-to-month,No,No internet service,No internet service,Mailed check
0595-ITUDF,No,0,64,91.8,Month-to-month,Fiber optic,No,Yes,Electronic check
6996-KNSML,Yes,1,1,74.9,Month-to-month,Fiber optic,No,No,Electronic check
1955-IBMMB,No,0,59,20.2,Two year,No,No internet service,No internet service,Bank transfer (automatic)
0096-BXERS,No,0,6,50.35,Month-to-month,DSL,No,No,Electronic check
3806-YAZOV,No,0,3,18.8,Month-to-month,No,No internet service,No internet service,Mailed check
7998-ZLXWN,No,0,15,20.45,Month-to-month,No,No internet service,No internet service,Credit card (automatic)
6253-WRFHY,No,0,13,64.75,One year,DSL,No,No,Electronic check
9133-AYJZG,No,0,23,98.7,Month-to-month,Fiber optic,No,No,Credit card (automatic)
2675-OTVVJ,No,0,31,89.45,Month-to-month,Fiber optic,No,Yes,Electronic check
8680-CGLTP,No,0,29,58.75,One year,DSL,Yes,Yes,Electronic check
8430-TWCBX,No,0,49,20.7,One year,No,No internet service,No internet service,Credit card (automatic)
5018-GWURO,No,0,56,85.6,Month-to-month,Fiber optic,No,No,Bank transfer (automatic)
6741-QRLUP,No,0,63,80.3,Two year,DSL,Yes,Yes,Credit card (automatic)
4737-HOBAX,No,0,63,79.8,Two year,DSL,Yes,No,Credit card (automatic)
0537-QYZZN,No,0,24,79.85,Month-to-month,Fiber optic,No,Yes,Electronic check
3340-QBBFM,No,0,36,54.1,One year,DSL,Yes,No,Credit card (automatic)
1704-NRWYE,Yes,1,9,80.85,Month-to-month,Fiber optic,No,No,Electronic check
2592-SEIFQ,Yes,1,3,24.75,Month-to-month,DSL,No,No,Electronic check
8200-KLNYW,No,0,21,80.9,One year,DSL,Yes,Yes,Mailed check
3372-CDXFJ,No,0,13,24.5,One year,No,No internet service,No internet service,Bank transfer (automatic)
4781-ZXYGU,No,0,1,20.15,Month-to-month,No,No internet service,No internet service,Bank transfer (automatic)
7632-YUTXB,No,0,25,20.05,One year,No,No internet service,No internet service,Mailed check
2718-YSKCS,No,0,71,19.6,Two year,No,No internet service,No internet service,Bank transfer (automatic)
9896-UYMIE,No,0,66,114.3,One year,Fiber optic,Yes,Yes,Bank transfer (automatic)
0853-NWIFK,No,0,45,100.3,One year,Fiber optic,No,Yes,Electronic check
8212-CRQXP,No,0,22,80.0,Month-to-month,Fiber optic,No,No,Credit card (automatic)
6980-CDGFC,No,0,67,20.85,One year,No,No internet service,No internet service,Bank transfer (automatic)
7691-XVTZH,No,0,68,89.95,Two year,Fiber optic,No,No,Bank transfer (automatic)
2520-SGTTA,No,0,0,20.0,Two year,No,No internet service,No internet service,Mailed check
7481-ATQQS,Yes,1,49,90.85,Month-to-month,Fiber optic,No,No,Credit card (automatic)
2277-VWCNI,No,0,4,48.75,Month-to-month,DSL,No,No,Mailed check
1088-CNNKB,No,0,63,80.0,One year,DSL,Yes,Yes,Credit card (automatic)
8642-GVWRF,Yes,1,2,79.7,Month-to-month,Fiber optic,No,No,Bank transfer (automatic)
1930-BZLHI,No,0,21,20.35,One year,No,No internet service,No internet service,Mailed check
3400-ESFUW,Yes,1,55,57.55,Two year,DSL,Yes,Yes,Bank transfer (automatic)
5868-YTYKS,No,0,1,20.25,Month-to-month,No,No internet service,No internet service,Mailed check
3525-DVKFN,No,0,17,19.4,Two year,No,No internet service,No internet service,Mailed check
1482-OXZSY,No,0,30,100.4,Month-to-month,Fiber optic,No,Yes,Bank transfer (automatic)
0377-JBKKT,No,0,22,57.95,Month-to-month,DSL,Yes,Yes,Mailed check
5778-BVOFB,No,0,9,59.5,Month-to-month,DSL,Yes,No,Bank transfer (automatic)
3373-YZZYM,No,0,1,19.2,Month-to-month,No,No internet service,No internet service,Mailed check
2057-ZBLPD,Yes,1,21,86.5,Month-to-month,Fiber optic,No,No,Electronic check
0228-MAUWC,No,0,19,59.55,Month-to-month,DSL,Yes,No,Electronic check
5502-RLUYV,Yes,1,69,103.95,Month-to-month,Fiber optic,No,No,Electronic check
0023-HGHWL,Yes,1,1,25.1,Month-to-month,DSL,No,No,Electronic check
7663-YJHSN,No,0,72,103.95,Two year,Fiber optic,Yes,Yes,Bank transfer (automatic)
4915-BFSXL,No,0,70,68.95,Two year,DSL,No,Yes,Credit card (automatic)
3086-RUCRN,No,0,66,103.1,Month-to-month,Fiber optic,Yes,Yes,Bank transfer (automatic)
5215-LNLDJ,No,0,7,24.7,Month-to-month,DSL,No,No,Electronic check
7576-JMYWV,No,0,46,110.2,Month-to-month,Fiber optic,Yes,Yes,Electronic check
9039-RBEEE,Yes,1,39,48.95,Month-to-month,DSL,Yes,Yes,Credit card (automatic)
0257-KXZGU,No,0,32,62.45,Month-to-month,DSL,No,No,Bank transfer (automatic)
1307-ATKGB,No,0,24,89.55,Month-to-month,Fiber optic,No,No,Electronic check
8417-FMLZI,Yes,1,6,83.55,Month-to-month,Fiber optic,No,No,Credit card (automatic)
3714-XPXBW,No,0,37,78.9,Month-to-month,DSL,Yes,Yes,Credit card (automatic)
1850-AKQEP,No,0,8,20.35,Month-to-month,No,No internet service,No internet service,Mailed check
2824-DXNKN,No,0,72,71.45,Two year,DSL,No,Yes,Bank transfer (automatic)
5227-JSCFE,No,0,71,46.35,Two year,DSL,Yes,Yes,Credit card (automatic)
0848-ZGQIJ,No,0,16,94.65,Month-to-month,Fiber optic,No,No,Bank transfer (automatic)
3621-CHYVB,No,0,57,49.9,Month-to-month,DSL,Yes,Yes,Bank transfer (automatic)
8042-RNLKO,No,0,66,25.45,One year,No,No internet service,No internet service,Bank transfer (automatic)
1792-UXAFY,Yes,1,17,89.15,Month-to-month,Fiber optic,No,No,Electronic check
5372-FBKBN,No,0,21,20.75,Month-to-month,No,No internet service,No internet service,Mailed check
0420-TXVSG,No,0,66,66.1,Two year,DSL,No,Yes,Credit card (automatic)
6217-TOWGS,No,0,17,75.4,Month-to-month,DSL,No,No,Bank transfer (automatic)
0515-YPMCW,Yes,1,1,70.45,Month-to-month,Fiber optic,No,No,Mailed check
0378-XSZPU,Yes,1,58,60.3,One year,DSL,No,Yes,Credit card (automatic)
1045-LTCYT,No,0,8,21.05,Month-to-month,No,No internet service,No internet service,Credit card (automatic)
1544-JJMYL,No,0,27,69.35,One year,DSL,Yes,Yes,Credit card (automatic)
4636-JGAAI,No,0,34,88.85,Month-to-month,Fiber optic,No,No,Mailed check
6874-SGLHU,No,0,30,97.0,One year,Fiber optic,No,No,Bank transfer (automatic)
5951-AOFIH,No,0,33,66.4,Month-to-month,DSL,No,No,Credit card (automatic)
4729-XKASR,Yes,1,1,24.75,Month-to-month,DSL,No,No,Electronic check
3059-NGMXB,No,0,14,69.2,Month-to-month,DSL,No,Yes,Mailed check
8652-YHIYU,No,0,16,79.5,One year,Fiber optic,Yes,No,Credit card (automatic)
5278-PNYOX,No,0,49,100.65,Two year,Fiber optic,Yes,No,Credit card (automatic)
5449-FIBXJ,Yes,1,19,103.3,Month-to-month,Fiber optic,Yes,No,Electronic check
3486-HOOGQ,No,0,70,79.7,Two year,DSL,Yes,Yes,Bank transfer (automatic)
5061-PBXFW,No,0,32,61.4,Month-to-month,DSL,Yes,Yes,Bank transfer (automatic)
8630-FJLIB,No,0,18,69.8,Month-to-month,Fiber optic,No,No,Electronic check
3891-NLXJB,No,0,37,40.55,Two year,DSL,Yes,Yes,Mailed check
4749-OJKQU,No,0,4,75.65,Month-to-month,Fiber optic,No,No,Electronic check
0577-WHMEV,No,0,16,90.7,Month-to-month,Fiber optic,No,Yes,Electronic check
5453-AXEPF,No,0,17,80.5,Month-to-month,Fiber optic,No,No,Bank transfer (automatic)
3639-XJHKQ,No,0,19,60.6,Month-to-month,DSL,No,Yes,Electronic check
3716-LRGXK,No,0,60,101.15,Two year,Fiber optic,No,No,Credit card (automatic)
2263-SFSQZ,No,0,51,24.95,Two year,No,No internet service,No internet service,Mailed check
9950-MTGYX,No,0,28,20.3,Two year,No,No internet service,No internet service,Credit card (automatic)
3397-AVTKU,No,0,43,60.0,Two year,DSL,No,No,Electronic check
4825-FUREZ,No,0,42,20.25,Two year,No,No internet service,No internet service,Electronic check
9837-BMCLM,Yes,1,3,78.5,Month-to-month,Fiber optic,No,No,Electronic check
2672-OJQZP,No,0,1,44.75,Month-to-month,DSL,No,No,Mailed check
0137-UDEUO,Yes,1,3,19.85,Month-to-month,No,No internet service,No internet service,Mailed check
3134-DSHVC,No,0,63,98.0,Two year,Fiber optic,No,Yes,Credit card (automatic)
6161-UUUTA,Yes,1,3,79.9,Month-to-month,Fiber optic,No,No,Electronic check
7821-DPRQE,No,0,68,107.7,Month-to-month,Fiber optic,Yes,Yes,Electronic check
6543-XRMYR,Yes,1,30,99.7,Month-to-month,Fiber optic,No,No,Electronic check
2001-EWBQU,No,0,60,104.7,Two year,Fiber optic,No,No,Electronic check
4925-LMHOK,Yes,1,15,58.6,Month-to-month,DSL,Yes,No,Credit card (automatic)
1608-GMEWB,No,0,45,93.9,Month-to-month,Fiber optic,No,No,Bank transfer (automatic)
6695-AMZUF,No,0,70,86.45,Two year,DSL,Yes,Yes,Credit card (automatic)
1455-UGQVH,Yes,1,10,98.5,Month-to-month,Fiber optic,No,No,Electronic check
8410-BGQXN,No,0,4,19.4,Month-to-month,No,No internet service,No internet service,Mailed check
8280-MQRQN,Yes,1,1,50.45,Month-to-month,DSL,No,No,Mailed check
1619-YWUBB,No,0,68,24.95,Two year,No,No internet service,No internet service,Credit card (automatic)
7611-YKYTC,No,0,22,75.0,Month-to-month,Fiber optic,No,Yes,Bank transfer (automatic)
2037-SGXHH,Yes,1,38,94.65,Month-to-month,Fiber optic,No,No,Electronic check
3178-FESZO,Yes,1,1,100.25,Month-to-month,Fiber optic,No,No,Credit card (automatic)
0365-GXEZS,No,0,18,78.2,Month-to-month,Fiber optic,Yes,No,Electronic check
0082-OQIQY,No,0,29,94.2,Month-to-month,Fiber optic,Yes,No,Electronic check
6087-MVHJH,Yes,1,16,88.45,Month-to-month,Fiber optic,No,No,Electronic check
4603-JANFB,Yes,1,1,69.85,Month-to-month,Fiber optic,No,No,Electronic check
3018-TFTSU,Yes,1,12,81.7,Month-to-month,Fiber optic,No,Yes,Bank transfer (automatic)
3606-SBKRY,No,0,31,50.05,One year,DSL,No,No,Electronic check
4806-KEXQR,Yes,1,4,79.9,Month-to-month,Fiber optic,No,No,Electronic check
0667-NSRGI,No,0,48,69.55,One year,DSL,Yes,No,Mailed check
7083-YNSKY,Yes,1,15,25.4,Month-to-month,No,No internet service,No internet service,Credit card (automatic)
6893-ODYYE,No,0,50,90.1,One year,Fiber optic,Yes,Yes,Credit card (automatic)
8242-JSVBO,No,0,7,44.65,Month-to-month,DSL,No,No,Bank transfer (automatic)
2479-BRAMR,Yes,1,41,83.75,Month-to-month,Fiber optic,No,Yes,Bank transfer (automatic)
9541-ZPSEA,No,0,68,80.35,Two year,Fiber optic,No,Yes,Credit card (automatic)
2665-NPTGL,No,0,26,98.1,Month-to-month,Fiber optic,No,No,Bank transfer (automatic)
1139-WUOAH,No,0,57,53.35,Two year,DSL,Yes,No,Credit card (automatic)
4693-VWVBO,No,0,3,19.55,Month-to-month,No,No internet service,No internet service,Electronic check
7434-SHXLS,Yes,1,1,20.9,Month-to-month,No,No internet service,No internet service,Mailed check
6937-GCDGQ,No,0,19,48.95,One year,DSL,No,Yes,Bank transfer (automatic)
0988-JRWWP,No,0,3,54.2,Month-to-month,DSL,No,No,Electronic check
5075-JSDKI,No,0,59,24.45,Two year,No,No internet service,No internet service,Electronic check
7908-QCBCA,Yes,1,1,69.4,Month-to-month,Fiber optic,No,No,Mailed check
8644-XYTSV,No,0,42,40.15,Month-to-month,DSL,No,Yes,Bank transfer (automatic)
6711-FLDFB,Yes,1,7,74.9,Month-to-month,Fiber optic,No,No,Electronic check
3873-WOSBC,No,0,67,25.6,Two year,No,No internet service,No internet service,Credit card (automatic)
7465-ZZRVX,No,0,1,70.35,Month-to-month,Fiber optic,No,No,Electronic check
7975-JMZNT,No,0,66,91.7,Two year,DSL,Yes,Yes,Bank transfer (automatic)
7251-XFOIL,No,0,61,89.2,Month-to-month,Fiber optic,No,No,Mailed check
4116-IQRFR,No,0,4,24.1,One year,No,No internet service,No internet service,Credit card (automatic)
3714-JTVOV,Yes,1,42,74.15,Month-to-month,Fiber optic,No,Yes,Credit card (automatic)
8259-DZLIZ,No,0,64,53.85,One year,DSL,No,No,Bank transfer (automatic)
0442-ZXKVS,No,0,54,115.6,One year,Fiber optic,Yes,Yes,Bank transfer (automatic)
7853-WNZSY,No,0,1,19.75,Month-to-month,No,No internet service,No internet service,Credit card (automatic)
3120-FAZKD,No,0,54,24.05,Two year,No,No internet service,No internet service,Bank transfer (automatic)
8606-OEGQZ,No,0,18,25.3,Two year,No,No internet service,No internet service,Credit card (automatic)
0225-ZORZP,No,0,3,84.3,Month-to-month,Fiber optic,No,No,Electronic check
4702-IOQDC,Yes,1,1,70.1,Month-to-month,Fiber optic,No,No,Electronic check
9489-JMTTN,No,0,72,89.75,Two year,DSL,Yes,Yes,Credit card (automatic)
0575-CUQOV,No,0,60,97.95,One year,Fiber optic,No,No,Electronic check
0967-BMLBD,No,0,11,20.0,One year,No,No internet service,No internet service,Mailed check
6178-KFNHS,Yes,1,12,78.3,Month-to-month,Fiber optic,No,Yes,Electronic check
2830-LEWOA,No,0,61,103.9,One year,Fiber optic,Yes,No,Credit card (automatic)
5006-MXVRN,No,0,39,20.7,Two year,No,No internet service,No internet service,Credit card (automatic)
1264-BYWMS,Yes,1,55,96.8,Month-to-month,Fiber optic,No,No,Electronic check
9658-WYUFB,Yes,1,17,94.4,Month-to-month,Fiber optic,No,Yes,Electronic check
8327-WKMIE,No,0,37,20.15,One year,No,No internet service,No internet service,Credit card (automatic)
6917-FIJHC,No,0,72,26.0,Two year,No,No internet service,No internet service,Mailed check
5329-KRDTM,No,0,72,77.35,Two year,DSL,Yes,No,Credit card (automatic)
7797-EJMDP,No,0,8,66.05,Month-to-month,DSL,Yes,Yes,Bank transfer (automatic)
3530-VWVGU,No,0,22,19.9,Month-to-month,No,No internet service,No internet service,Mailed check
2013-SGDXK,Yes,1,1,84.3,Month-to-month,Fiber optic,No,No,Electronic check
6368-NWMCE,No,0,38,68.15,Month-to-month,DSL,Yes,No,Credit card (automatic)
3633-CDBUW,No,0,17,80.85,One year,DSL,Yes,No,Electronic check
0707-HOVVN,No,0,70,75.5,Two year,DSL,Yes,No,Bank transfer (automatic)
8580-QVLOC,Yes,1,72,92.45,Two year,DSL,Yes,Yes,Credit card (automatic)
3956-MGXOG,No,0,28,80.6,Month-to-month,Fiber optic,No,No,Electronic check
9274-UARKJ,No,0,15,83.2,Month-to-month,Fiber optic,No,No,Bank transfer (automatic)
4077-HWUYD,No,0,72,87.55,Two year,DSL,Yes,Yes,Bank transfer (automatic)
2012-NWRPA,Yes,1,11,99.55,Month-to-month,Fiber optic,No,No,Electronic check
8808-ELEHO,Yes,1,8,81.25,Month-to-month,Fiber optic,No,No,Electronic check
0103-CSITQ,No,0,57,109.4,One year,Fiber optic,Yes,No,Bank transfer (automatic)
3506-LCJDC,Yes,1,1,19.95,Month-to-month,No,No internet service,No internet service,Bank transfer (automatic)
8671-KKKOS,No,0,46,45.55,Month-to-month,DSL,No,Yes,Electronic check
7305-ZWMAJ,No,0,30,20.7,One year,No,No internet service,No internet service,Credit card (automatic)
9518-XXBXE,No,0,10,75.3,Month-to-month,Fiber optic,No,Yes,Electronic check
3934-HXCFZ,Yes,1,23,99.25,Month-to-month,Fiber optic,No,Yes,Electronic check
6578-KRMAW,No,0,32,93.4,Month-to-month,Fiber optic,No,Yes,Credit card (automatic)
4860-IJUDE,No,0,13,73.75,Month-to-month,Fiber optic,No,Yes,Credit card (automatic)
7666-WKRON,Yes,1,39,80.45,Two year,Fiber optic,Yes,No,Electronic check
9688-YGXVR,No,0,44,88.15,Month-to-month,Fiber optic,No,No,Credit card (automatic)
0423-UDIJQ,No,0,9,49.2,Month-to-month,DSL,Yes,No,Mailed check
1945-XISKS,No,0,67,19.65,Two year,No,No internet service,No internet service,Mailed check
4910-AQFFX,Yes,1,9,79.35,Month-to-month,Fiber optic,No,No,Bank transfer (automatic)
2154-KVJFF,Yes,1,15,79.75,Month-to-month,Fiber optic,No,No,Electronic check
5360-LJCNJ,No,0,71,105.15,Two year,Fiber optic,No,No,Bank transfer (automatic)
2607-FBDFF,No,0,1,49.0,Month-to-month,DSL,Yes,No,Credit card (automatic)
9647-ERGBE,Yes,1,30,100.05,Month-to-month,Fiber optic,No,No,Electronic check
3428-XZMAZ,Yes,1,1,69.35,Month-to-month,Fiber optic,No,No,Electronic check
1100-DDVRV,No,0,17,49.8,Month-to-month,DSL,No,No,Mailed check
0378-TOVMS,Yes,1,3,85.8,Month-to-month,Fiber optic,Yes,No,Electronic check
4355-HBJHH,Yes,1,67,79.7,Two year,DSL,No,Yes,Electronic check
6728-WYQBC,No,0,1,20.95,Month-to-month,No,No internet service,No internet service,Bank transfer (automatic)
9058-CBREO,Yes,1,1,50.55,Month-to-month,DSL,No,No,Mailed check
9029-FEGVJ,No,0,32,79.3,Month-to-month,Fiber optic,No,No,Mailed check
7216-KAOID,No,0,41,19.5,One year,No,No internet service,No internet service,Bank transfer (automatic)
0318-QUUOB,Yes,1,1,80.55,Month-to-month,Fiber optic,No,No,Electronic check
6145-NNPNO,No,0,1,44.15,Month-to-month,DSL,No,No,Bank transfer (automatic)
5520-FVEWJ,Yes,1,12,84.5,Month-to-month,Fiber optic,No,No,Electronic check
5339-TJFEK,No,0,62,105.5,Month-to-month,Fiber optic,No,Yes,Electronic check
5572-ZDXHY,Yes,1,22,84.3,Month-to-month,Fiber optic,No,No,Mailed check
2074-GUHPQ,No,0,17,92.7,Month-to-month,Fiber optic,Yes,No,Credit card (automatic)
4625-XMOYM,No,0,72,26.25,Two year,No,No internet service,No internet service,Bank transfer (automatic)
5827-MWCZK,No,0,56,96.95,Month-to-month,Fiber optic,Yes,No,Credit card (automatic)
1385-TQOZW,No,0,9,20.45,Month-to-month,No,No internet service,No internet service,Credit card (automatic)
5914-XRFQB,No,0,72,115.8,Two year,Fiber optic,Yes,Yes,Bank transfer (automatic)
4329-YPDDQ,No,0,20,108.2,Month-to-month,Fiber optic,Yes,Yes,Bank transfer (automatic)
4804-NCPET,No,0,19,20.2,Two year,No,No internet service,No internet service,Mailed check
3750-CKVKH,Yes,1,2,67.75,Month-to-month,Fiber optic,No,No,Electronic check
5944-UGLLK,No,0,53,54.9,One year,DSL,Yes,No,Credit card (automatic)
8063-GBATB,Yes,1,27,85.25,Month-to-month,Fiber optic,No,No,Electronic check
7787-BNTZM,No,0,6,20.15,Month-to-month,No,No internet service,No internet service,Bank transfer (automatic)
2252-ISRNH,No,0,9,90.35,One year,Fiber optic,No,No,Electronic check
9415-TPKRV,No,0,8,55.75,Month-to-month,DSL,No,No,Electronic check
5322-TEUJK,No,0,71,114.6,Two year,Fiber optic,Yes,Yes,Bank transfer (automatic)
4547-KQRTM,Yes,1,10,80.05,Month-to-month,Fiber optic,No,No,Bank transfer (automatic)
4877-EVATK,Yes,1,1,20.0,Month-to-month,No,No internet service,No internet service,Mailed check
1866-DIOQZ,No,0,71,66.8,One year,DSL,Yes,Yes,Bank transfer (automatic)
8375-KVTHK,No,0,68,100.3,One year,Fiber optic,Yes,No,Electronic check
2697-NQBPF,No,0,34,105.35,Month-to-month,Fiber optic,Yes,No,Electronic check
3709-OIJEA,No,0,26,85.2,One year,Fiber optic,Yes,No,Electronic check
7639-SUPCW,Yes,1,22,48.8,Month-to-month,DSL,No,Yes,Credit card (automatic)
1386-ZIKUV,No,0,7,18.95,Month-to-month,No,No internet service,No internet service,Mailed check
0599-XNYDO,No,0,20,69.8,Month-to-month,Fiber optic,No,No,Bank transfer (automatic)
6377-WHAOX,No,0,60,106.15,Month-to-month,Fiber optic,No,No,Electronic check
6855-VLGOS,No,0,72,20.55,Two year,No,No internet service,No internet service,Electronic check
8999-XXGNS,No,0,72,105.75,One year,Fiber optic,No,No,Credit card (automatic)
8746-OQQRW,No,0,4,25.25,Month-to-month,No,No internet service,No internet service,Mailed check
3181-MIZBN,No,0,16,19.75,Month-to-month,No,No internet service,No internet service,Electronic check
0471-ARVMX,No,0,62,104.85,One year,Fiber optic,No,Yes,Electronic check
7766-CLTIC,No,0,10,60.95,Month-to-month,DSL,Yes,No,Mailed check
5650-YLIBA,No,0,31,81.15,Month-to-month,Fiber optic,No,No,Electronic check
0825-CPPQH,No,0,71,19.1,Two year,No,No internet service,No internet service,Credit card (automatic)
9084-OAYKL,No,0,58,20.8,Two year,No,No internet service,No internet service,Mailed check
6122-LJADA,No,0,70,90.15,Two year,DSL,Yes,Yes,Credit card (automatic)
2400-XIWIO,No,0,71,90.1,Two year,DSL,Yes,Yes,Electronic check
7524-VRLPL,No,0,69,74.1,Two year,DSL,Yes,Yes,Credit card (automatic)
1069-XAIEM,Yes,1,1,85.05,Month-to-month,Fiber optic,No,No,Electronic check
7569-NMZYQ,No,0,72,118.75,Two year,Fiber optic,Yes,Yes,Bank transfer (automatic)
5201-USSQZ,No,0,26,85.9,Month-to-month,Fiber optic,Yes,No,Credit card (automatic)
2105-PHWON,No,0,33,95.0,Month-to-month,Fiber optic,Yes,No,Credit card (automatic)
1494-EJZDW,No,0,10,20.15,Two year,No,No internet service,No internet service,Mailed check
4884-TVUQF,No,0,57,101.3,Two year,Fiber optic,Yes,Yes,Credit card (automatic)
8003-EWNDZ,No,0,10,21.2,Month-to-month,No,No internet service,No internet service,Electronic check
1897-RCFUM,No,0,39,24.2,One year,No,No internet service,No internet service,Mailed check
9256-JTBNZ,No,0,11,20.3,Month-to-month,No,No internet service,No internet service,Bank transfer (automatic)
4658-HCOHW,Yes,1,21,102.8,Month-to-month,Fiber optic,Yes,No,Electronic check
2211-RMNHO,No,0,68,85.3,Two year,DSL,Yes,No,Bank transfer (automatic)
2432-TFSMK,No,0,18,89.6,One year,Fiber optic,No,No,Credit card (automatic)
3440-JPSCL,Yes,1,6,99.95,Month-to-month,Fiber optic,Yes,No,Mailed check
4929-ROART,No,0,18,56.25,Month-to-month,DSL,No,Yes,Mailed check
1834-ABKHQ,No,0,52,50.95,One year,DSL,No,No,Bank transfer (automatic)
1741-WTPON,No,0,56,115.85,Two year,Fiber optic,Yes,Yes,Mailed check
3932-IJWDZ,No,0,45,103.65,Month-to-month,Fiber optic,Yes,No,Bank transfer (automatic)
1240-HCBOH,No,0,67,26.1,Two year,No,No internet service,No internet service,Mailed check
3594-KADLU,No,0,3,35.1,Month-to-month,DSL,Yes,Yes,Mailed check
8065-BVEPF,No,0,65,99.1,Month-to-month,Fiber optic,No,No,Bank transfer (automatic)
3796-ENZGF,No,0,63,67.25,Two year,DSL,Yes,No,Mailed check
1734-ZMNTZ,No,0,11,25.0,Two year,No,No internet service,No internet service,Mailed check
2853-CWQFQ,No,0,1,59.55,Month-to-month,DSL,Yes,No,Mailed check
0813-TAXXS,No,0,55,77.8,Two year,DSL,No,No,Bank transfer (automatic)
2519-TWKFS,No,0,25,55.1,One year,DSL,Yes,No,Mailed check
2889-FPWRM,Yes,1,72,117.8,One year,Fiber optic,Yes,Yes,Bank transfer (automatic)
0626-QXNGV,No,0,72,24.15,Two year,No,No internet service,No internet service,Credit card (automatic)
6723-CEGQI,No,0,65,45.25,Two year,DSL,Yes,No,Mailed check
6987-XQSJT,Yes,1,54,79.5,Month-to-month,Fiber optic,No,No,Electronic check
4732-RRJZC,No,0,7,20.25,Month-to-month,No,No internet service,No internet service,Mailed check
9499-XPZXM,No,0,72,64.75,Two year,DSL,Yes,Yes,Bank transfer (automatic)
4338-EYCER,No,0,21,54.6,Month-to-month,DSL,No,No,Bank transfer (automatic)
3007-FDPEA,No,0,2,20.7,Month-to-month,No,No internet service,No internet service,Bank transfer (automatic)
6350-XFYGW,No,0,4,94.75,Month-to-month,Fiber optic,No,No,Electronic check
4290-BSXUX,Yes,1,3,79.65,Month-to-month,Fiber optic,Yes,No,Bank transfer (automatic)
8513-OLYGY,No,0,72,115.8,Two year,Fiber optic,Yes,Yes,Credit card (automatic)
0311-QYWSS,No,0,6,49.45,Month-to-month,DSL,No,Yes,Electronic check
8705-DWKTI,No,0,52,83.8,Month-to-month,Fiber optic,No,No,Credit card (automatic)
8755-IWJHN,No,0,69,95.35,Month-to-month,Fiber optic,No,No,Bank transfer (automatic)
0325-XBFAC,Yes,1,8,94.7,Month-to-month,Fiber optic,No,No,Electronic check
4480-QQRHC,No,0,8,74.05,Month-to-month,Fiber optic,No,No,Bank transfer (automatic)
0929-PECLO,No,0,63,89.6,Month-to-month,Fiber optic,No,No,Bank transfer (automatic)
3680-CTHUH,No,0,60,116.6,One year,Fiber optic,Yes,Yes,Credit card (automatic)
1202-KKGFU,No,0,12,54.2,Month-to-month,DSL,Yes,Yes,Bank transfer (automatic)
6112-KTHFQ,No,0,13,19.3,Month-to-month,No,No internet service,No internet service,Mailed check
1852-XEMDW,No,0,22,65.05,Month-to-month,DSL,No,Yes,Mailed check
2462-XIIJB,Yes,1,5,92.5,Month-to-month,Fiber optic,No,No,Electronic check
4760-XOHVN,Yes,1,1,19.45,Month-to-month,No,No internet service,No internet service,Mailed check
1820-DJFPH,No,0,72,24.05,Two year,No,No internet service,No internet service,Bank transfer (automatic)
9426-SXNHE,No,0,2,18.75,Month-to-month,No,No internet service,No internet service,Bank transfer (automatic)
9068-FHQHD,No,0,40,20.15,Two year,No,No internet service,No internet service,Bank transfer (automatic)
1269-FOYWN,No,0,44,20.0,One year,No,No internet service,No internet service,Bank transfer (automatic)
9470-YFUYI,No,0,71,71.0,One year,DSL,Yes,Yes,Bank transfer (automatic)
7817-BOQPW,Yes,1,2,75.55,Month-to-month,Fiber optic,No,No,Electronic check
7402-EYFXX,No,0,26,93.6,Month-to-month,Fiber optic,No,No,Electronic check
1853-UDXBW,Yes,1,1,70.0,Month-to-month,Fiber optic,No,No,Electronic check
9895-VFOXH,No,0,1,24.4,Month-to-month,DSL,No,No,Mailed check
5458-CQJTA,Yes,1,65,74.8,Two year,DSL,Yes,Yes,Bank transfer (automatic)
1230-QAJDW,No,0,3,65.25,Month-to-month,DSL,Yes,No,Mailed check
5701-ZIKJE,No,0,13,50.55,Month-to-month,DSL,Yes,No,Mailed check
5219-YIPTK,Yes,1,33,104.4,Month-to-month,Fiber optic,No,No,Electronic check
5032-MIYKT,No,0,1,70.7,Month-to-month,Fiber optic,No,No,Mailed check
7396-VJUZB,No,0,4,45.25,Month-to-month,DSL,No,No,Mailed check
9717-QEBGU,No,0,2,70.3,Month-to-month,Fiber optic,No,No,Electronic check
5172-RKOCB,No,0,72,108.95,Two year,Fiber optic,Yes,Yes,Credit card (automatic)
6509-TSGWN,No,0,37,26.45,Month-to-month,No,No internet service,No internet service,Mailed check
3540-RZJYU,Yes,1,15,86.2,Month-to-month,Fiber optic,No,Yes,Electronic check
3178-CIFOT,No,0,23,19.65,One year,No,No internet service,No internet service,Credit card (automatic)
2091-MJTFX,Yes,1,30,51.2,Month-to-month,DSL,Yes,No,Credit card (automatic)
4530-NDRKU,No,0,42,19.05,One year,No,No internet service,No internet service,Electronic check
5985-TBABQ,No,0,32,74.75,One year,DSL,No,Yes,Mailed check
9800-ONTFE,No,0,22,75.8,Month-to-month,Fiber optic,No,No,Bank transfer (automatic)
6743-HHQPF,No,0,42,25.1,Month-to-month,DSL,No,No,Credit card (automatic)
8455-HIRAQ,No,0,8,44.45,Month-to-month,DSL,No,No,Mailed check
6616-AALSR,No,0,65,104.3,Two year,Fiber optic,No,Yes,Credit card (automatic)
0883-EIBTI,Yes,1,2,19.5,Month-to-month,No,No internet service,No internet service,Mailed check
9415-ZNBSX,No,0,70,89.0,Two year,DSL,Yes,Yes,Bank transfer (automatic)
4018-KJYUY,No,0,22,20.15,Month-to-month,No,No internet service,No internet service,Credit card (automatic)
0722-TROQR,Yes,1,4,74.9,Month-to-month,Fiber optic,No,No,Electronic check
7571-YXDAD,Yes,1,2,74.9,Month-to-month,Fiber optic,No,No,Credit card (automatic)
3884-UEBXB,No,0,67,36.15,Two year,DSL,No,Yes,Bank transfer (automatic)
8780-RSYYU,No,0,25,19.2,Month-to-month,No,No internet service,No internet service,Credit card (automatic)
5537-UXXVS,No,0,20,19.25,Month-to-month,No,No internet service,No internet service,Bank transfer (automatic)
1791-PQHBB,No,0,2,61.2,Month-to-month,DSL,No,Yes,Credit card (automatic)
8701-DGLVH,No,0,51,20.45,Two year,No,No internet service,No internet service,Mailed check
8741-LQOBK,No,0,46,35.05,Month-to-month,DSL,No,Yes,Bank transfer (automatic)
3393-FMZPV,Yes,1,25,100.25,Month-to-month,Fiber optic,No,No,Electronic check
8082-GHXOP,No,0,13,44.0,Month-to-month,DSL,No,No,Mailed check
6402-ZFPPI,Yes,1,25,102.8,Month-to-month,Fiber optic,No,Yes,Mailed check
0980-FEXWF,No,0,26,50.35,One year,DSL,No,No,Mailed check
7486-KSRVI,Yes,1,43,100.0,One year,Fiber optic,Yes,No,Electronic check
3011-WQKSZ,No,0,19,20.0,Month-to-month,No,No internet service,No internet service,Electronic check
8443-WVPSS,Yes,1,10,99.85,Month-to-month,Fiber optic,Yes,No,Electronic check
3006-XIMLN,Yes,1,2,94.2,Month-to-month,Fiber optic,No,No,Bank transfer (automatic)
8218-FFJDS,No,0,72,86.4,Two year,DSL,Yes,Yes,Bank transfer (automatic)
1986-PHGZF,No,0,18,58.4,Month-to-month,DSL,No,Yes,Credit card (automatic)
9965-YOKZB,Yes,1,9,83.85,Month-to-month,Fiber optic,No,No,Electronic check
0504-HHAPI,Yes,1,27,88.3,Month-to-month,Fiber optic,No,No,Credit card (automatic)
9360-OMDZZ,No,0,24,94.1,Month-to-month,Fiber optic,No,No,Electronic check
6305-YLBMM,Yes,1,69,104.05,One year,Fiber optic,Yes,No,Bank transfer (automatic)
0345-XMMUG,No,0,46,108.9,Two year,Fiber optic,Yes,No,Credit card (automatic)
8024-XNAFQ,No,0,72,107.4,Two year,Fiber optic,Yes,Yes,Bank transfer (automatic)
3647-GMGDH,Yes,1,22,94.7,Month-to-month,Fiber optic,No,No,Credit card (automatic)
2988-GBIVW,No,0,70,90.85,Month-to-month,Fiber optic,No,Yes,Electronic check
2832-SCUCO,No,0,2,19.9,Month-to-month,No,No internet service,No internet service,Electronic check
7036-ZZKBD,No,0,31,66.4,Month-to-month,DSL,Yes,No,Credit card (automatic)
3791-LGQCY,Yes,1,56,100.65,Month-to-month,Fiber optic,No,No,Bank transfer (automatic)
0265-PSUAE,No,0,16,100.7,Month-to-month,Fiber optic,No,Yes,Bank transfer (automatic)
0463-TXOAK,No,0,52,25.6,Two year,No,No internet service,No internet service,Credit card (automatic)
0594-UFTUL,No,0,13,19.85,Month-to-month,No,No internet service,No internet service,Mailed check
9509-MPYOD,No,0,35,20.75,One year,No,No internet service,No internet service,Mailed check
9128-CPXKI,No,0,59,95.8,Two year,Fiber optic,No,No,Electronic check
0129-KPTWJ,No,0,72,94.65,Month-to-month,Fiber optic,No,No,Electronic check
8166-ZZTFS,Yes,1,66,80.55,Two year,DSL,No,No,Bank transfer (automatic)
5855-EIBDE,No,0,49,106.65,Two year,Fiber optic,Yes,Yes,Credit card (automatic)
5365-LLFYV,No,0,2,45.85,Month-to-month,DSL,No,No,Mailed check
5956-YHHRX,No,0,21,104.35,Month-to-month,Fiber optic,No,No,Electronic check
6008-NAIXK,No,0,54,55.45,One year,DSL,No,No,Electronic check
2956-GGUCQ,Yes,1,24,78.85,Month-to-month,Fiber optic,No,Yes,Electronic check
1928-BXYIV,No,0,1,61.15,Month-to-month,DSL,No,Yes,Electronic check
5760-FXFVO,No,0,6,78.95,Month-to-month,Fiber optic,No,Yes,Electronic check
6595-COKXZ,Yes,1,1,44.45,Month-to-month,DSL,No,No,Mailed check
0961-ZWLVI,No,0,49,109.2,One year,Fiber optic,No,Yes,Credit card (automatic)
5181-OABFK,No,0,56,61.3,Two year,DSL,No,Yes,Credit card (automatic)
4007-NHVHI,No,0,56,96.85,Month-to-month,Fiber optic,No,Yes,Electronic check
7816-VGHTO,No,0,6,40.55,Two year,DSL,Yes,No,Mailed check
5871-DGTXZ,No,0,32,19.8,One year,No,No internet service,No internet service,Mailed check
7550-WIQVA,No,0,50,108.25,One year,Fiber optic,No,Yes,Electronic check
7544-ZVIKX,No,0,58,105.05,One year,Fiber optic,Yes,No,Bank transfer (automatic)
0016-QLJIS,No,0,65,90.45,Two year,DSL,Yes,Yes,Mailed check
7508-DQAKK,No,0,64,86.4,Two year,DSL,Yes,Yes,Credit card (automatic)
5176-OLSKT,No,0,66,66.9,Two year,DSL,No,Yes,Bank transfer (automatic)
9356-AXGMP,No,0,38,110.7,One year,Fiber optic,Yes,Yes,Electronic check
3556-BVQGL,No,0,20,20.0,One year,No,No internet service,No internet service,Mailed check
0362-ZBZWJ,Yes,1,36,84.9,Month-to-month,Fiber optic,No,No,Electronic check
8979-CAMGB,No,0,64,102.1,One year,Fiber optic,Yes,No,Electronic check
4211-MMAZN,Yes,1,1,20.25,Month-to-month,No,No internet service,No internet service,Mailed check
7581-EBBOU,No,0,60,70.15,One year,DSL,Yes,No,Credit card (automatic)
4274-OWWYO,Yes,1,1,74.35,Month-to-month,Fiber optic,No,No,Electronic check
5073-RZGBK,No,0,50,80.05,One year,DSL,Yes,Yes,Bank transfer (automatic)
1541-ETJZO,Yes,1,1,62.05,Month-to-month,DSL,Yes,No,Mailed check
2192-CKRLV,No,0,72,49.2,Two year,DSL,No,Yes,Electronic check
3154-HMWUU,No,0,60,20.5,Two year,No,No internet service,No internet service,Bank transfer (automatic)
6119-SPUDB,No,0,46,38.25,Two year,DSL,Yes,Yes,Mailed check
6522-OIQSX,No,0,69,54.95,Two year,DSL,No,No,Credit card (automatic)
7813-ZGGAW,No,0,31,96.6,Month-to-month,Fiber optic,Yes,No,Bank transfer (automatic)
8748-HFWBO,No,0,19,19.9,One year,No,No internet service,No internet service,Mailed check
1052-QJIBV,No,0,71,19.9,Two year,No,No internet service,No internet service,Credit card (automatic)
1319-YLZJG,No,0,12,84.6,Month-to-month,Fiber optic,No,Yes,Electronic check
4106-HADHQ,Yes,1,39,80.0,One year,DSL,Yes,Yes,Credit card (automatic)
0723-FDLAY,No,0,44,85.25,One year,DSL,Yes,No,Bank transfer (automatic)
3050-RLLXC,No,0,56,81.25,Two year,DSL,Yes,Yes,Credit card (automatic)
9298-WGMRW,No,0,72,115.5,Two year,Fiber optic,Yes,Yes,Bank transfer (automatic)
2369-UAPKZ,Yes,1,5,104.1,Month-to-month,Fiber optic,No,No,Mailed check
3088-LHEFH,No,0,11,79.0,Month-to-month,Fiber optic,No,Yes,Bank transfer (automatic)
2778-OCLGR,Yes,1,24,39.1,Month-to-month,DSL,No,Yes,Bank transfer (automatic)
6583-KQJLK,No,0,15,94.65,Month-to-month,Fiber optic,No,No,Electronic check
8544-JNBOX,No,0,72,20.8,Two year,No,No internet service,No internet service,Mailed check
6681-ZSEXG,No,0,56,59.5,Two year,DSL,No,No,Credit card (automatic)
6139-ZZRBQ,No,0,64,20.05,Two year,No,No internet service,No internet service,Bank transfer (automatic)
6116-RFVHN,No,0,34,100.45,Month-to-month,Fiber optic,No,No,Electronic check
0637-KVDLV,Yes,1,2,76.5,Month-to-month,Fiber optic,No,No,Electronic check
8884-FEEWR,No,0,35,20.6,One year,No,No internet service,No internet service,Bank transfer (automatic)
3125-RAHBV,No,0,22,20.3,One year,No,No internet service,No internet service,Credit card (automatic)
6633-MPWBS,Yes,1,5,49.2,Month-to-month,DSL,Yes,No,Electronic check
0373-AIVNJ,No,0,9,39.55,One year,DSL,No,Yes,Mailed check
8785-EPNCG,Yes,1,11,23.15,Month-to-month,No,No internet service,No internet service,Credit card (automatic)
1682-VCOIO,No,0,23,20.45,One year,No,No internet service,No internet service,Mailed check
5729-KLZAR,Yes,1,4,80.85,Month-to-month,Fiber optic,No,No,Electronic check
2072-ZVJJX,No,0,68,25.25,Two year,No,No internet service,No internet service,Bank transfer (automatic)
8849-AYPTR,No,0,33,91.25,Month-to-month,Fiber optic,No,No,Electronic check
9518-IMLHK,No,0,31,72.45,Month-to-month,DSL,Yes,Yes,Bank transfer (automatic)
1582-RAFML,Yes,1,1,60.1,Month-to-month,DSL,Yes,No,Mailed check
3646-ITDGM,No,0,56,19.7,Two year,No,No internet service,No internet service,Bank transfer (automatic)
8740-CRYFY,Yes,1,1,78.95,Month-to-month,Fiber optic,No,No,Electronic check
3569-VLDHH,No,0,66,75.1,One year,DSL,Yes,Yes,Electronic check
8224-KDLKN,No,0,72,25.0,Two year,No,No internet service,No internet service,Bank transfer (automatic)
7594-LZNWR,No,0,34,69.15,Month-to-month,Fiber optic,No,No,Credit card (automatic)
4001-TSBTV,No,0,58,91.55,Month-to-month,Fiber optic,No,No,Electronic check
2962-XPMCQ,Yes,1,2,45.15,Month-to-month,DSL,No,No,Electronic check
8727-XDPUD,No,0,37,35.8,Two year,DSL,No,No,Credit card (automatic)
1043-UXOVO,No,0,71,113.15,Two year,Fiber optic,Yes,Yes,Credit card (automatic)
1064-FBXNK,No,0,1,19.85,One year,No,No internet service,No internet service,Credit card (automatic)
3996-ZNWYK,No,0,71,19.8,Two year,No,No internet service,No internet service,Credit card (automatic)
2878-DHMIN,No,0,35,19.9,One year,No,No internet service,No internet service,Electronic check
7762-ONLJY,No,0,6,19.7,One year,No,No internet service,No internet service,Mailed check
1678-FYZOW,Yes,1,3,79.4,Month-to-month,Fiber optic,No,No,Electronic check
5795-BKOYE,No,0,69,59.1,One year,DSL,Yes,No,Bank transfer (automatic)
8627-EHGIP,Yes,1,44,53.95,One year,DSL,No,No,Mailed check
7402-PWYJJ,No,0,53,91.15,One year,Fiber optic,Yes,No,Electronic check
5480-TBGPH,Yes,1,24,99.3,Month-to-month,Fiber optic,No,No,Credit card (automatic)
0018-NYROU,No,0,5,68.95,Month-to-month,Fiber optic,No,No,Electronic check
7501-VTYLJ,No,0,2,51.55,Month-to-month,DSL,No,No,Mailed check
7608-RGIRO,No,0,62,24.4,Two year,No,No internet service,No internet service,Mailed check
0480-BIXDE,No,0,19,96.8,Month-to-month,Fiber optic,No,No,Electronic check
5895-QSXOD,No,0,9,70.05,Month-to-month,Fiber optic,No,No,Mailed check
9814-AOUDH,No,0,53,19.5,Two year,No,No internet service,No internet service,Credit card (automatic)
6175-IRFIT,No,0,5,78.75,Month-to-month,Fiber optic,No,No,Mailed check
8760-ZRHKE,No,0,71,69.2,One year,DSL,No,Yes,Electronic check
1622-HSHSF,No,0,1,19.55,Month-to-month,No,No internet service,No internet service,Mailed check
8854-CCVSQ,Yes,1,18,80.65,Month-to-month,Fiber optic,No,No,Electronic check
6749-UTDVX,No,0,72,103.65,Two year,Fiber optic,No,No,Electronic check
5542-DHSXL,No,0,4,54.7,Month-to-month,DSL,No,Yes,Mailed check
9102-OXKFY,No,0,59,54.15,Two year,DSL,No,No,Credit card (automatic)
0511-JTEOY,Yes,1,1,71.1,Month-to-month,Fiber optic,No,No,Mailed check
5216-WASFJ,No,0,31,84.85,Month-to-month,Fiber optic,No,No,Electronic check
7808-DVWEP,No,0,3,20.0,Month-to-month,No,No internet service,No internet service,Bank transfer (automatic)
7067-KSAZT,Yes,1,65,106.25,One year,Fiber optic,No,No,Electronic check
2284-VFLKH,No,0,49,99.25,One year,Fiber optic,Yes,No,Credit card (automatic)
0366-NQSHS,No,0,2,19.35,Month-to-month,No,No internet service,No internet service,Mailed check
6532-YLWSI,Yes,1,53,20.8,One year,No,No internet service,No internet service,Bank transfer (automatic)
3807-BPOMJ,No,0,55,94.75,One year,Fiber optic,No,Yes,Electronic check
3892-NXAZG,No,0,72,114.05,Two year,Fiber optic,Yes,Yes,Credit card (automatic)
4948-WBBKL,No,0,36,74.9,Month-to-month,Fiber optic,No,No,Bank transfer (automatic)
4182-BGSIQ,No,0,10,19.8,Month-to-month,No,No internet service,No internet service,Bank transfer (automatic)
9300-AGZNL,Yes,1,1,94.0,Month-to-month,Fiber optic,No,No,Electronic check
0988-AADSA,No,0,72,80.85,Two year,DSL,Yes,Yes,Bank transfer (automatic)
9972-NKTFD,No,0,28,54.65,Month-to-month,DSL,Yes,No,Bank transfer (automatic)
3717-LNXKW,No,0,38,91.7,Month-to-month,Fiber optic,No,Yes,Bank transfer (automatic)
5734-EJKXG,No,0,61,118.6,One year,Fiber optic,Yes,Yes,Electronic check
2207-RYYRL,No,0,52,24.55,Two year,No,No internet service,No internet service,Mailed check
6729-FZWSY,No,0,67,19.45,One year,No,No internet service,No internet service,Mailed check
9695-IDRZR,No,0,34,116.15,Two year,Fiber optic,Yes,Yes,Credit card (automatic)
8144-DGHXP,No,0,54,80.6,Two year,DSL,Yes,Yes,Electronic check
7814-LEEVE,No,0,1,20.3,Month-to-month,No,No internet service,No internet service,Bank transfer (automatic)
1112-CUNAO,Yes,1,15,89.85,Month-to-month,Fiber optic,No,No,Electronic check
5175-AOBHI,Yes,1,4,46.0,Month-to-month,DSL,No,No,Mailed check
5174-RNGBH,Yes,1,9,66.25,Month-to-month,DSL,Yes,No,Mailed check
8631-WUXGY,No,0,46,99.8,Month-to-month,Fiber optic,No,No,Electronic check
7270-BDIOA,Yes,1,22,90.0,Month-to-month,Fiber optic,Yes,No,Electronic check
9565-JSNFM,Yes,1,38,70.45,One year,Fiber optic,No,No,Bank transfer (automatic)
5906-DVAPM,No,0,55,75.0,One year,DSL,Yes,Yes,Credit card (automatic)
6654-QGBZZ,No,0,1,19.9,Month-to-month,No,No internet service,No internet service,Mailed check
8348-JLBUG,No,0,64,80.3,One year,Fiber optic,No,Yes,Credit card (automatic)
0607-DAAHE,Yes,1,53,19.75,Two year,No,No internet service,No internet service,Bank transfer (automatic)
5641-DMBFJ,No,0,58,84.3,Two year,DSL,Yes,Yes,Electronic check
9200-NLNPD,No,0,56,54.05,One year,DSL,Yes,No,Bank transfer (automatic)
2664-XJZNO,No,0,72,104.9,Two year,Fiber optic,Yes,Yes,Credit card (automatic)
9732-KPKBW,Yes,1,1,53.95,Month-to-month,DSL,Yes,Yes,Electronic check
3339-EAQNV,No,0,72,97.25,One year,Fiber optic,No,No,Credit card (automatic)
0921-OHLVP,No,0,22,83.05,Month-to-month,Fiber optic,No,No,Electronic check
3389-YGYAI,Yes,1,8,105.5,Month-to-month,Fiber optic,No,No,Electronic check
9560-ARGQJ,Yes,1,16,81.0,Month-to-month,Fiber optic,No,No,Electronic check
8350-NYMVI,No,0,39,41.1,Month-to-month,DSL,Yes,No,Bank transfer (automatic)
1600-DILPE,No,0,12,45.0,Month-to-month,DSL,No,No,Bank transfer (automatic)
0536-ESJEP,No,0,54,74.55,Two year,DSL,No,Yes,Bank transfer (automatic)
4654-GGUII,No,0,18,40.2,One year,DSL,Yes,Yes,Mailed check
6478-HRRCZ,No,0,32,70.5,One year,DSL,Yes,Yes,Mailed check
8510-BBWMU,No,0,41,19.75,One year,No,No internet service,No internet service,Mailed check
6857-TKDJV,No,0,67,24.65,Two year,No,No internet service,No internet service,Bank transfer (automatic)
2360-RDGRO,No,0,65,104.25,Month-to-month,Fiber optic,No,Yes,Electronic check
0584-BJQGZ,No,0,25,78.35,Month-to-month,DSL,Yes,Yes,Bank transfer (automatic)
5134-IKDAY,Yes,1,1,69.8,Month-to-month,Fiber optic,No,No,Electronic check
1360-XFJMR,No,0,67,109.7,One year,Fiber optic,Yes,No,Credit card (automatic)
3070-DVEYC,Yes,1,7,73.75,Month-to-month,Fiber optic,No,No,Mailed check
5730-RIITO,No,0,43,33.45,Month-to-month,DSL,No,Yes,Credit card (automatic)
9058-MJLZC,No,0,24,94.6,Month-to-month,Fiber optic,No,Yes,Electronic check
5707-ORNDZ,Yes,1,9,54.55,Month-to-month,DSL,No,Yes,Electronic check
0902-XKXPN,No,0,69,20.2,Two year,No,No internet service,No internet service,Bank transfer (automatic)
5177-RVZNU,No,0,37,20.3,One year,No,No internet service,No internet service,Bank transfer (automatic)
0056-EPFBG,No,0,20,39.4,Two year,DSL,Yes,Yes,Credit card (automatic)
8993-IZEUX,No,0,7,69.15,Month-to-month,Fiber optic,No,No,Bank transfer (automatic)
8696-JKZNU,Yes,1,37,76.25,Month-to-month,Fiber optic,No,No,Electronic check
5380-AFSSK,Yes,1,5,93.9,Month-to-month,Fiber optic,No,No,Mailed check
8190-ZTQFB,No,0,41,51.35,One year,DSL,No,No,Electronic check
0931-MHTEM,No,0,54,100.05,One year,Fiber optic,No,Yes,Credit card (automatic)
2055-PDADH,Yes,1,3,70.4,Month-to-month,Fiber optic,No,No,Electronic check
7515-LODFU,No,0,69,20.3,Two year,No,No internet service,No internet service,Credit card (automatic)
0440-UEDAI,No,0,53,94.45,One year,Fiber optic,Yes,No,Credit card (automatic)
1337-BOZWO,No,0,18,46.4,One year,DSL,No,No,Credit card (automatic)
0868-VJRDR,No,0,64,104.05,Two year,Fiber optic,Yes,Yes,Credit card (automatic)
8714-EUHJO,Yes,1,31,91.15,Month-to-month,Fiber optic,No,No,Electronic check
6344-SFJVH,No,0,20,24.9,Month-to-month,DSL,No,No,Credit card (automatic)
3950-VPYJB,No,0,57,59.6,One year,DSL,Yes,Yes,Mailed check
8041-TMEID,No,0,63,108.5,Two year,Fiber optic,No,Yes,Credit card (automatic)
7321-ZNSLA,No,0,13,40.55,Two year,DSL,Yes,Yes,Mailed check
6941-KXRRV,No,0,48,58.95,One year,DSL,No,No,Bank transfer (automatic)
3721-CNEYS,Yes,1,2,70.95,Month-to-month,Fiber optic,No,No,Electronic check
8727-JQFHV,No,0,57,20.75,Two year,No,No internet service,No internet service,Mailed check
9475-NNDGC,No,0,71,113.15,One year,Fiber optic,Yes,No,Bank transfer (automatic)
1355-KUSBG,No,0,7,48.8,Month-to-month,DSL,No,No,Electronic check
3688-FTHLT,No,0,16,63.05,Month-to-month,DSL,No,No,Bank transfer (automatic)
0899-LIIBW,No,0,34,100.85,Month-to-month,Fiber optic,No,No,Electronic check
2568-OIADY,Yes,1,37,99.5,Month-to-month,Fiber optic,No,No,Electronic check
1384-RCUXW,No,0,16,80.55,Month-to-month,Fiber optic,No,No,Mailed check
5825-XJOCM,No,0,48,64.4,One year,DSL,No,Yes,Bank transfer (automatic)
6848-YLDFR,No,0,58,75.2,One year,DSL,Yes,No,Credit card (automatic)
8125-QPFJD,No,0,72,84.9,Two year,DSL,Yes,Yes,Bank transfer (automatic)
2320-YKQBO,No,0,7,19.3,Month-to-month,No,No internet service,No internet service,Mailed check
1193-RTSLK,Yes,1,38,83.9,Month-to-month,Fiber optic,No,Yes,Credit card (automatic)
2302-ANTDP,Yes,1,48,117.45,Month-to-month,Fiber optic,Yes,Yes,Electronic check
5923-GXUOC,Yes,1,10,104.4,Month-to-month,Fiber optic,No,Yes,Electronic check
4973-RLZVI,No,0,30,74.65,One year,DSL,Yes,Yes,Credit card (automatic)
7869-ZYDST,No,0,31,59.05,Month-to-month,DSL,No,No,Credit card (automatic)
4501-UYKBC,No,0,46,69.1,One year,DSL,Yes,No,Credit card (automatic)
1215-EXRMO,No,0,50,20.55,Two year,No,No internet service,No internet service,Mailed check
2305-MRGLV,No,0,28,76.55,Month-to-month,Fiber optic,Yes,No,Bank transfer (automatic)
8404-VIOMB,No,0,66,62.5,Two year,DSL,Yes,Yes,Bank transfer (automatic)
5233-GEEAX,Yes,1,8,29.4,Month-to-month,DSL,No,No,Electronic check
2359-KLTEK,No,0,41,94.9,Month-to-month,Fiber optic,No,No,Bank transfer (automatic)
5304-EFJLP,No,0,72,111.65,Two year,Fiber optic,Yes,No,Bank transfer (automatic)
2673-ZALNP,No,0,7,19.9,One year,No,No internet service,No internet service,Mailed check
9184-GALIL,No,0,38,20.45,Month-to-month,No,No internet service,No internet service,Mailed check
4393-RYCRE,No,0,44,106.05,One year,Fiber optic,No,Yes,Electronic check
9746-MDMBK,No,0,47,113.45,One year,Fiber optic,Yes,Yes,Bank transfer (automatic)
3162-ZJZFU,No,0,53,92.55,Month-to-month,Fiber optic,Yes,No,Electronic check
8404-GFGCZ,No,0,4,65.6,Month-to-month,DSL,No,No,Electronic check
8875-AKBYH,No,0,20,84.35,Month-to-month,Fiber optic,No,No,Electronic check
4432-ADRLB,Yes,1,2,44.65,Month-to-month,DSL,No,No,Mailed check
0533-UCAAU,No,0,57,71.1,One year,DSL,No,No,Credit card (automatic)
1394-SUIUH,No,0,44,85.15,Month-to-month,Fiber optic,Yes,Yes,Electronic check
3521-MNKLV,No,0,24,49.7,Month-to-month,DSL,No,No,Mailed check
2533-TIBIX,No,0,15,30.2,Month-to-month,DSL,No,Yes,Bank transfer (automatic)
8993-PHFWD,Yes,1,3,25.25,Month-to-month,DSL,No,No,Electronic check
1565-RHDJD,Yes,1,4,84.05,Month-to-month,Fiber optic,No,No,Bank transfer (automatic)
7137-RYLPP,Yes,1,37,85.7,Month-to-month,Fiber optic,No,No,Electronic check
3765-JXVKY,Yes,1,1,74.7,Month-to-month,Fiber optic,No,No,Electronic check
5092-STPKP,No,0,24,56.35,Month-to-month,DSL,Yes,Yes,Credit card (automatic)
7330-WZLNC,Yes,1,5,90.8,Month-to-month,Fiber optic,No,No,Electronic check
0114-PEGZZ,No,0,33,107.55,Month-to-month,Fiber optic,No,No,Electronic check
3359-DSRKA,No,0,58,19.85,Two year,No,No internet service,No internet service,Mailed check
8639-NHQEI,No,0,72,95.9,Two year,Fiber optic,No,Yes,Bank transfer (automatic)
7161-DFHUF,No,0,71,23.85,Two year,No,No internet service,No internet service,Mailed check
3957-LXOLK,Yes,1,28,106.15,Month-to-month,Fiber optic,No,No,Electronic check
3720-DBRWL,No,0,51,83.85,Two year,DSL,Yes,Yes,Credit card (automatic)
6635-MYYYZ,Yes,1,30,85.35,One year,DSL,Yes,Yes,Bank transfer (automatic)
8565-WUXZU,No,0,72,84.8,Two year,Fiber optic,Yes,Yes,Credit card (automatic)
5281-BUZGT,Yes,1,36,90.85,Month-to-month,Fiber optic,No,Yes,Electronic check
4994-OBRSZ,No,0,14,76.1,Two year,DSL,Yes,Yes,Bank transfer (automatic)
0562-FGDCR,No,0,72,74.55,Two year,DSL,Yes,Yes,Mailed check
2436-QBZFP,No,0,22,39.2,Month-to-month,DSL,No,No,Electronic check
3420-YJLQT,No,0,2,79.55,Month-to-month,Fiber optic,No,No,Electronic check
6040-CGACY,No,0,15,19.6,Month-to-month,No,No internet service,No internet service,Mailed check
6582-PLFUU,No,0,51,19.55,Two year,No,No internet service,No internet service,Credit card (automatic)
8242-PDSGJ,No,0,70,39.15,Two year,DSL,Yes,Yes,Credit card (automatic)
0264-CNITK,No,0,71,20.1,Two year,No,No internet service,No internet service,Bank transfer (automatic)
0089-IIQKO,No,0,39,99.95,Month-to-month,Fiber optic,Yes,No,Credit card (automatic)
7839-NUIAA,No,0,61,59.8,Month-to-month,DSL,No,Yes,Electronic check
6075-QMNRR,No,0,52,49.75,Month-to-month,DSL,No,Yes,Bank transfer (automatic)
5378-IKEEG,Yes,1,1,35.75,Month-to-month,DSL,No,No,Electronic check
5966-EMAZU,No,0,64,108.5,One year,Fiber optic,Yes,Yes,Mailed check
0440-EKDCF,No,0,62,60.15,Two year,DSL,Yes,No,Credit card (automatic)
4774-HHGGS,No,0,30,19.05,Two year,No,No internet service,No internet service,Mailed check
2718-GAXQD,Yes,1,4,46.0,Month-to-month,DSL,No,No,Electronic check
2055-BFOCC,No,0,63,84.0,One year,DSL,Yes,Yes,Bank transfer (automatic)
8180-AKMJV,No,0,1,44.55,Month-to-month,DSL,No,No,Credit card (automatic)
4298-OYIFC,No,0,15,103.45,Month-to-month,Fiber optic,Yes,No,Electronic check
5566-SOEZD,No,0,27,80.65,One year,Fiber optic,No,Yes,Credit card (automatic)
9842-EFSYY,No,0,4,57.2,Month-to-month,DSL,No,Yes,Mailed check
2272-WUSPA,No,0,72,110.75,Two year,Fiber optic,No,Yes,Electronic check
4584-LBNMK,No,0,45,24.7,One year,No,No internet service,No internet service,Credit card (automatic)
3898-GUYTS,No,0,45,97.05,Month-to-month,Fiber optic,Yes,Yes,Electronic check
0930-EHUZA,No,0,36,76.35,One year,DSL,Yes,Yes,Mailed check
6413-XKKPU,Yes,1,17,89.4,Month-to-month,Fiber optic,No,Yes,Electronic check
9975-SKRNR,No,0,1,18.9,Month-to-month,No,No internet service,No internet service,Mailed check
3703-KBKZP,No,0,16,74.45,Month-to-month,Fiber optic,No,No,Bank transfer (automatic)
1449-XQEMT,Yes,1,3,19.8,Month-to-month,No,No internet service,No internet service,Mailed check
2626-URJFX,Yes,1,4,50.9,Month-to-month,DSL,No,No,Electronic check
4973-MGTON,No,0,71,84.4,Two year,DSL,Yes,Yes,Credit card (automatic)
3682-YEUWS,No,0,10,24.4,Month-to-month,No,No internet service,No internet service,Mailed check
1223-UNPKS,No,0,20,20.05,Two year,No,No internet service,No internet service,Mailed check
2612-RRIDN,Yes,1,4,81.0,Month-to-month,Fiber optic,No,No,Electronic check
4735-ASGMA,Yes,1,26,98.35,Month-to-month,Fiber optic,No,No,Electronic check
3446-QDSZF,No,0,4,55.5,Month-to-month,DSL,No,No,Credit card (automatic)
3669-LVWZB,Yes,1,5,51.0,Month-to-month,DSL,No,No,Mailed check
6892-EZDTG,Yes,1,4,91.65,Month-to-month,Fiber optic,No,No,Electronic check
5117-IFGPS,No,0,29,84.3,Month-to-month,Fiber optic,No,No,Electronic check
7379-FNIUJ,No,0,2,100.2,Month-to-month,Fiber optic,No,Yes,Electronic check
1627-AFWVJ,No,0,29,19.4,Two year,No,No internet service,No internet service,Mailed check
9725-SCPZG,Yes,1,1,90.85,Month-to-month,Fiber optic,No,No,Electronic check
5884-GCYMI,Yes,1,1,69.4,Month-to-month,Fiber optic,No,No,Mailed check
3217-FZDMN,Yes,1,8,94.45,Month-to-month,Fiber optic,No,No,Credit card (automatic)
4486-EFAEB,No,0,13,20.4,Month-to-month,No,No internet service,No internet service,Electronic check
0060-FUALY,No,0,59,94.75,Month-to-month,Fiber optic,No,Yes,Electronic check
7853-GVUDZ,Yes,1,1,20.15,Month-to-month,No,No internet service,No internet service,Credit card (automatic)
7480-QNVZJ,Yes,1,50,95.7,Month-to-month,Fiber optic,No,No,Electronic check
6954-OOYZZ,No,0,18,44.35,Month-to-month,DSL,No,No,Bank transfer (automatic)
7088-FBAWU,No,0,17,74.55,Month-to-month,DSL,No,Yes,Mailed check
8313-AFGBW,No,0,47,73.6,Two year,DSL,No,No,Electronic check
3943-KDREE,Yes,1,26,74.95,Month-to-month,Fiber optic,No,No,Bank transfer (automatic)
9239-ZBZZV,Yes,1,6,47.95,Month-to-month,DSL,No,No,Electronic check
3097-IDVPU,No,0,19,50.1,Month-to-month,DSL,No,No,Credit card (automatic)
4398-HSCJH,Yes,1,3,63.6,Month-to-month,DSL,Yes,No,Electronic check
2197-OMWGI,No,0,68,53.0,Two year,DSL,No,No,Electronic check
2303-PJYHN,No,0,2,19.85,Month-to-month,No,No internet service,No internet service,Bank transfer (automatic)
9795-VOWON,No,0,7,24.35,One year,DSL,No,No,Credit card (automatic)
1237-WIYYZ,No,0,18,19.55,Month-to-month,No,No internet service,No internet service,Mailed check
1987-AUELQ,No,0,71,25.05,Two year,No,No internet service,No internet service,Credit card (automatic)
7852-LECYP,No,0,13,93.8,Month-to-month,Fiber optic,No,Yes,Credit card (automatic)
4430-UZIPO,Yes,1,3,36.85,Month-to-month,DSL,Yes,No,Mailed check
4822-LPTYJ,No,0,72,103.75,Two year,Fiber optic,No,No,Bank transfer (automatic)
8165-CBKXO,No,0,66,56.75,Two year,DSL,No,No,Credit card (automatic)
6527-PZFPV,No,0,24,20.8,One year,No,No internet service,No internet service,Credit card (automatic)
4855-SNKMY,Yes,1,1,44.1,Month-to-month,DSL,No,No,Electronic check
9593-CVZKR,No,0,56,24.45,Two year,No,No internet service,No internet service,Mailed check
8595-SIZNC,No,0,22,25.6,One year,No,No internet service,No internet service,Bank transfer (automatic)
8008-HAWED,Yes,1,14,50.75,Month-to-month,DSL,No,No,Electronic check
7124-UGSUR,Yes,1,61,104.4,One year,Fiber optic,No,No,Credit card (automatic)
1862-SKORY,Yes,1,40,39.3,Month-to-month,DSL,No,No,Electronic check
5236-XMZJY,No,0,42,59.65,Month-to-month,DSL,No,Yes,Bank transfer (automatic)
4827-DPADN,No,0,72,83.3,Two year,DSL,Yes,Yes,Bank transfer (automatic)
2694-CIUMO,No,0,12,79.55,Month-to-month,Fiber optic,Yes,No,Credit card (automatic)
5846-ABOBJ,No,0,71,24.45,Two year,No,No internet service,No internet service,Bank transfer (automatic)
1439-LCGVL,No,0,26,19.2,One year,No,No internet service,No internet service,Mailed check
0909-SDHNU,No,0,7,29.8,Month-to-month,DSL,No,Yes,Mailed check
4647-XXZAM,No,0,6,45.5,Month-to-month,DSL,No,No,Mailed check
1502-XFCVR,Yes,1,58,106.45,One year,Fiber optic,No,Yes,Electronic check
7740-KKCXF,No,0,51,30.05,Month-to-month,DSL,No,No,Credit card (automatic)
5360-XGYAZ,No,0,72,65.65,Two year,DSL,Yes,Yes,Bank transfer (automatic)
9692-TUSXH,Yes,1,18,96.05,Month-to-month,Fiber optic,No,Yes,Electronic check
7912-SYRQT,Yes,1,7,75.1,Month-to-month,Fiber optic,No,No,Bank transfer (automatic)
3557-HTYWR,No,0,47,74.05,Two year,DSL,Yes,Yes,Mailed check
4816-JBHOV,Yes,1,2,44.7,Month-to-month,DSL,No,No,Electronic check
8920-NAVAY,No,0,62,110.75,One year,Fiber optic,Yes,No,Bank transfer (automatic)
1699-TLDLZ,No,0,16,19.7,Two year,No,No internet service,No internet service,Mailed check
5600-PDUJF,No,0,6,49.5,Month-to-month,DSL,Yes,No,Credit card (automatic)
8292-TYSPY,Yes,1,19,55.0,Month-to-month,DSL,Yes,No,Credit card (automatic)
0567-XRHCU,No,0,69,43.95,Two year,DSL,No,Yes,Credit card (automatic)
1867-BDVFH,Yes,1,11,74.35,Month-to-month,Fiber optic,No,No,Electronic check
2067-QYTCF,No,0,64,111.15,Month-to-month,Fiber optic,Yes,No,Electronic check
2359-QWQUL,Yes,1,39,104.7,One year,Fiber optic,Yes,Yes,Credit card (automatic)
9103-TCIHJ,Yes,1,15,55.7,Month-to-month,DSL,No,Yes,Mailed check
7407-SUJIZ,No,0,25,20.6,Month-to-month,No,No internet service,No internet service,Mailed check
9150-KPBJQ,No,0,6,19.65,Two year,No,No internet service,No internet service,Credit card (automatic)
0052-DCKON,No,0,66,115.8,One year,Fiber optic,Yes,Yes,Bank transfer (automatic)
3654-ARMGP,No,0,61,88.65,Two year,DSL,Yes,No,Credit card (automatic)
9699-UBQFS,No,0,43,94.5,Month-to-month,Fiber optic,No,Yes,Electronic check
9367-TCUYN,No,0,12,20.1,Month-to-month,No,No internet service,No internet service,Mailed check
1261-FWTTE,No,0,23,34.65,Month-to-month,DSL,No,No,Bank transfer (automatic)
3528-HFRIQ,No,0,71,52.3,Month-to-month,DSL,No,No,Bank transfer (automatic)
0708-SJDIS,No,0,34,65.0,Month-to-month,DSL,Yes,No,Mailed check
4140-WJAWW,Yes,1,5,19.85,Month-to-month,No,No internet service,No internet service,Credit card (automatic)
2073-QBVBI,No,0,41,35.45,One year,DSL,Yes,No,Mailed check
6928-ONTRW,No,0,72,19.7,Two year,No,No internet service,No internet service,Credit card (automatic)
3320-VEOYC,No,0,14,95.6,Month-to-month,Fiber optic,No,No,Electronic check
5231-FIQPA,No,0,41,19.85,Two year,No,No internet service,No internet service,Mailed check
6617-WLBQC,No,0,23,81.85,One year,Fiber optic,No,Yes,Credit card (automatic)
2599-CIPQE,No,0,71,109.3,Two year,Fiber optic,Yes,Yes,Credit card (automatic)
6653-CBBOM,Yes,1,1,70.3,Month-to-month,Fiber optic,No,No,Electronic check
8774-GSBUN,No,0,72,25.4,Two year,No,No internet service,No internet service,Mailed check
7326-RIGQZ,No,0,6,69.8,Month-to-month,Fiber optic,No,No,Electronic check
1401-FTHFQ,No,0,23,20.0,One year,No,No internet service,No internet service,Credit card (automatic)
3247-ZVOUO,Yes,1,10,85.55,Month-to-month,Fiber optic,No,No,Electronic check
0254-FNMCI,No,0,72,109.9,Two year,Fiber optic,Yes,Yes,Electronic check
1848-LBZHY,No,0,7,50.3,Month-to-month,DSL,No,Yes,Bank transfer (automatic)
6101-IMRMM,Yes,1,6,94.5,Month-to-month,Fiber optic,No,No,Mailed check
8118-TJAFG,No,0,9,101.5,Month-to-month,Fiber optic,Yes,No,Electronic check
5429-LWCMV,No,0,12,89.15,Month-to-month,Fiber optic,No,No,Electronic check
7298-IZWLY,No,0,1,19.4,Month-to-month,No,No internet service,No internet service,Mailed check
9758-MFWGD,No,0,48,29.9,One year,DSL,No,No,Bank transfer (automatic)
3955-JBZZM,No,0,20,78.8,Month-to-month,Fiber optic,No,No,Electronic check
1268-ASBGA,Yes,1,16,85.35,Month-to-month,Fiber optic,No,No,Credit card (automatic)
8943-URTMR,Yes,1,2,79.65,Month-to-month,Fiber optic,No,No,Mailed check
4815-TUMEQ,No,0,10,19.3,One year,No,No internet service,No internet service,Mailed check
4713-LZDRV,Yes,1,2,79.6,Month-to-month,Fiber optic,No,No,Electronic check
9909-IDLEK,No,0,20,96.8,Month-to-month,Fiber optic,Yes,No,Mailed check
4092-OFQZS,No,0,20,20.65,One year,No,No internet service,No internet service,Mailed check
1561-BWHIN,No,0,19,19.8,One year,No,No internet service,No internet service,Mailed check
4325-NFSKC,Yes,1,19,90.6,Month-to-month,Fiber optic,No,Yes,Electronic check
9927-DSWDF,No,0,22,104.6,Month-to-month,Fiber optic,Yes,Yes,Electronic check
9500-LTVBP,No,0,35,80.05,Month-to-month,Fiber optic,Yes,No,Credit card (automatic)
7252-NTGSS,No,0,1,45.15,Month-to-month,DSL,No,No,Mailed check
8149-AIQCG,No,0,39,73.15,Month-to-month,Fiber optic,No,No,Credit card (automatic)
1360-JYXKQ,No,0,54,99.1,One year,Fiber optic,Yes,No,Electronic check
2955-PSXOE,Yes,1,1,20.2,Month-to-month,No,No internet service,No internet service,Bank transfer (automatic)
7762-URZQH,Yes,1,66,106.05,Two year,Fiber optic,No,Yes,Credit card (automatic)
0899-WZRSD,No,0,56,105.35,Month-to-month,Fiber optic,Yes,Yes,Mailed check
3255-GRXMG,No,0,18,45.65,Month-to-month,DSL,No,No,Credit card (automatic)
4828-FAZPK,No,0,16,79.95,Month-to-month,Fiber optic,No,No,Credit card (automatic)
6094-ZIVKX,No,0,68,54.45,One year,DSL,No,Yes,Credit card (automatic)
6925-BAYGL,No,0,53,25.1,Two year,No,No internet service,No internet service,Credit card (automatic)
3262-EIDHV,No,0,72,84.7,Two year,DSL,Yes,Yes,Credit card (automatic)
7354-OIJLX,No,0,9,75.85,Month-to-month,Fiber optic,No,No,Electronic check
1376-HHBDV,No,0,30,48.8,Month-to-month,DSL,No,Yes,Mailed check
6907-NZZIJ,Yes,1,36,99.15,Month-to-month,Fiber optic,No,No,Electronic check
6133-OZILE,No,0,18,35.2,Month-to-month,DSL,Yes,No,Electronic check
4135-FRWKJ,No,0,55,76.25,One year,DSL,Yes,Yes,Electronic check
2911-UREFD,Yes,1,39,55.9,Month-to-month,DSL,No,Yes,Electronic check
3744-ZRRDZ,Yes,1,21,82.35,Month-to-month,Fiber optic,No,No,Electronic check
5673-TIYIB,Yes,1,2,40.4,Month-to-month,DSL,Yes,No,Credit card (automatic)
6551-ZCOTS,No,0,33,24.9,One year,No,No internet service,No internet service,Bank transfer (automatic)
7191-ADRGF,No,0,44,54.3,Two year,DSL,No,No,Bank transfer (automatic)
5018-LXQQG,No,0,30,66.3,Month-to-month,DSL,Yes,Yes,Bank transfer (automatic)
6892-BOGQE,No,0,71,20.9,Two year,No,No internet service,No internet service,Bank transfer (automatic)
1602-IJQQE,Yes,1,4,75.35,Month-to-month,Fiber optic,No,No,Electronic check
4628-WQCQQ,Yes,1,35,85.15,One year,Fiber optic,No,No,Electronic check
1746-TGTWV,No,0,1,75.35,Month-to-month,Fiber optic,No,No,Credit card (automatic)
5995-SNNEW,No,0,23,104.45,Month-to-month,Fiber optic,No,No,Electronic check
8050-WYBND,No,0,22,49.45,One year,DSL,No,No,Credit card (automatic)
2821-WARNZ,No,0,49,19.45,One year,No,No internet service,No internet service,Credit card (automatic)
4879-GZLFH,No,0,42,92.15,Month-to-month,Fiber optic,No,No,Electronic check
1644-IRKSF,Yes,1,33,93.8,One year,Fiber optic,No,No,Electronic check
8314-HTWVE,No,0,7,19.85,Two year,No,No internet service,No internet service,Mailed check
9402-ROUMJ,No,0,67,100.25,One year,Fiber optic,Yes,Yes,Bank transfer (automatic)
2507-QZPQS,No,0,15,95.7,Month-to-month,Fiber optic,Yes,No,Electronic check
7159-NOKYQ,No,0,67,93.15,Two year,Fiber optic,No,No,Electronic check
5707-ZMDJP,No,0,53,69.7,Two year,DSL,Yes,Yes,Mailed check
8779-YIQQA,No,0,21,19.8,One year,No,No internet service,No internet service,Mailed check
7136-IHZJA,No,0,40,71.35,Month-to-month,DSL,Yes,Yes,Mailed check
8966-OIQHG,No,0,22,20.75,One year,No,No internet service,No internet service,Bank transfer (automatic)
7074-STDCN,No,0,39,40.6,Month-to-month,DSL,Yes,No,Electronic check
3705-PSNGL,Yes,1,45,20.4,One year,No,No internet service,No internet service,Electronic check
8739-QOTTN,No,0,2,20.35,Month-to-month,No,No internet service,No internet service,Mailed check
1399-OUPJN,No,0,57,19.75,Two year,No,No internet service,No internet service,Bank transfer (automatic)
0277-BKSQP,No,0,8,54.4,Month-to-month,DSL,No,No,Electronic check
6502-HCJTI,Yes,1,7,94.7,Month-to-month,Fiber optic,No,Yes,Credit card (automatic)
2606-RMDHZ,Yes,1,6,30.5,Month-to-month,DSL,No,No,Credit card (automatic)
5774-XZTQC,No,0,7,20.45,Month-to-month,No,No internet service,No internet service,Mailed check
2676-SSLTO,No,0,49,66.15,Two year,DSL,Yes,No,Bank transfer (automatic)
6266-QHOJZ,No,0,65,89.85,One year,Fiber optic,Yes,Yes,Electronic check
7269-JISCY,No,0,55,45.05,One year,DSL,No,No,Bank transfer (automatic)
0363-SVHYR,No,0,71,86.85,Two year,DSL,Yes,Yes,Bank transfer (automatic)
8547-NSBBO,No,0,35,96.75,Month-to-month,Fiber optic,Yes,Yes,Mailed check
8258-GSTJK,Yes,1,3,77.0,Month-to-month,Fiber optic,No,No,Electronic check
6861-OKBCE,Yes,1,11,20.1,Month-to-month,No,No internet service,No internet service,Credit card (automatic)
9940-RHLFB,Yes,1,1,75.3,Month-to-month,Fiber optic,No,No,Electronic check
6591-QGOYB,No,0,17,106.65,Month-to-month,Fiber optic,Yes,Yes,Bank transfer (automatic)
9070-BCKQP,No,0,72,110.15,Two year,Fiber optic,Yes,Yes,Credit card (automatic)
6421-SZVEM,No,0,28,82.85,One year,Fiber optic,No,Yes,Bank transfer (automatic)
1328-EUZHC,No,0,18,20.1,Two year,No,No internet service,No internet service,Mailed check
2995-UPRYS,Yes,1,40,99.2,One year,Fiber optic,Yes,No,Credit card (automatic)
8878-RYUKI,No,0,52,59.45,Month-to-month,DSL,No,No,Electronic check
9633-DENPU,No,0,47,58.6,Month-to-month,DSL,No,No,Bank transfer (automatic)
7811-JIVPF,No,0,23,49.7,Month-to-month,DSL,No,No,Credit card (automatic)
7113-HIPFI,No,0,66,65.85,Two year,DSL,Yes,Yes,Mailed check
8541-QVFKM,No,0,8,73.5,Month-to-month,Fiber optic,No,No,Electronic check
6686-YPGHK,Yes,1,47,85.5,Month-to-month,Fiber optic,No,Yes,Mailed check
1383-EZRWL,Yes,1,7,20.05,Month-to-month,No,No internet service,No internet service,Mailed check
9258-CNWAC,No,0,71,113.65,Two year,Fiber optic,Yes,Yes,Credit card (automatic)
5371-VYLSX,No,0,50,83.4,Month-to-month,Fiber optic,No,Yes,Electronic check
6374-AFWOX,No,0,46,65.65,Two year,DSL,Yes,Yes,Mailed check
4759-TRPLW,Yes,1,1,70.4,Month-to-month,Fiber optic,No,No,Electronic check
5317-FLPJF,No,0,66,61.35,Two year,DSL,Yes,Yes,Bank transfer (automatic)
7621-VPNET,No,0,42,85.9,Month-to-month,Fiber optic,Yes,No,Credit card (automatic)
6034-YMTOB,No,0,5,75.65,Month-to-month,Fiber optic,Yes,No,Mailed check
8563-IIOXK,Yes,1,7,49.75,One year,DSL,No,Yes,Electronic check
4903-CNOZC,No,0,29,70.9,One year,DSL,No,No,Credit card (automatic)
4353-HYOJD,No,0,27,49.85,Month-to-month,DSL,No,No,Mailed check
8020-BWHYL,Yes,1,15,75.3,Month-to-month,Fiber optic,No,No,Credit card (automatic)
7267-FRMJW,No,0,25,20.1,Two year,No,No internet service,No internet service,Mailed check
2982-VPSGI,Yes,1,11,94.0,Month-to-month,Fiber optic,No,No,Electronic check
4188-FRABG,No,0,57,103.05,Month-to-month,Fiber optic,Yes,Yes,Electronic check
8199-ZLLSA,Yes,1,67,118.35,One year,Fiber optic,Yes,Yes,Bank transfer (automatic)
4128-ETESU,No,0,47,99.7,Month-to-month,Fiber optic,No,No,Electronic check
0620-DLSLK,No,0,13,81.9,Month-to-month,Fiber optic,No,No,Mailed check
4625-EWPTF,Yes,1,8,30.45,Month-to-month,DSL,No,Yes,Electronic check
5980-NOPLP,Yes,1,44,96.1,Month-to-month,Fiber optic,No,No,Electronic check
3850-OKINF,No,0,71,66.2,One year,DSL,No,Yes,Electronic check
6892-XPFPU,Yes,1,24,104.25,Month-to-month,Fiber optic,No,No,Electronic check
8010-EZLOU,Yes,1,15,80.2,Month-to-month,Fiber optic,No,No,Electronic check
1156-ZFYDO,No,0,1,19.75,Month-to-month,No,No internet service,No internet service,Electronic check
3295-YVUSR,No,0,2,72.6,Month-to-month,Fiber optic,No,No,Mailed check
8016-NCFVO,No,0,55,116.5,Month-to-month,Fiber optic,Yes,Yes,Electronic check
4119-ZYPZY,No,0,71,106.8,Two year,Fiber optic,Yes,No,Electronic check
5549-ZGHFB,No,0,50,24.95,Two year,No,No internet service,No internet service,Mailed check
7577-SWIFR,No,0,1,89.25,Month-to-month,Fiber optic,No,No,Electronic check
0303-WMMRN,No,0,5,19.25,Month-to-month,No,No internet service,No internet service,Mailed check
6408-OTUBZ,No,0,66,104.55,One year,Fiber optic,Yes,Yes,Bank transfer (automatic)
5204-HMGYF,No,0,49,87.2,One year,DSL,Yes,Yes,Mailed check
1078-TDCRN,No,0,3,30.75,Month-to-month,DSL,No,No,Electronic check
3727-OVPRY,No,0,66,25.7,One year,No,No internet service,No internet service,Credit card (automatic)
3797-FKOGQ,No,0,11,86.2,Month-to-month,Fiber optic,No,No,Electronic check
7622-NXQZR,No,0,28,30.1,Month-to-month,DSL,Yes,No,Credit card (automatic)
6196-HBOBZ,No,0,65,99.35,Two year,Fiber optic,No,Yes,Electronic check
3970-XGJDU,No,0,62,19.2,Two year,No,No internet service,No internet service,Credit card (automatic)
7017-VFULY,No,0,2,20.1,Month-to-month,No,No internet service,No internet service,Bank transfer (automatic)
5562-YJQGT,No,0,2,20.35,Month-to-month,No,No internet service,No internet service,Credit card (automatic)
8807-OPMBM,No,0,55,25.65,Two year,No,No internet service,No internet service,Credit card (automatic)
5439-WIKXB,No,0,41,94.55,Month-to-month,Fiber optic,No,No,Electronic check
9874-QLCLH,Yes,1,17,104.2,Month-to-month,Fiber optic,No,Yes,Electronic check
8294-UIMBA,No,0,30,94.4,One year,Fiber optic,Yes,No,Bank transfer (automatic)
8109-YUOHE,No,0,17,56.1,One year,DSL,No,Yes,Mailed check
5840-NVDCG,No,0,16,68.25,Two year,DSL,Yes,Yes,Bank transfer (automatic)
8092-NLTGF,No,0,72,24.75,Two year,No,No internet service,No internet service,Bank transfer (automatic)
5928-QLDHB,No,0,9,76.25,Month-to-month,Fiber optic,No,No,Electronic check
9840-EFJQB,No,0,1,74.35,Month-to-month,Fiber optic,No,No,Electronic check
0696-UKTOX,No,0,23,54.15,Month-to-month,DSL,Yes,No,Electronic check
4801-KFYKL,No,0,8,19.45,Month-to-month,No,No internet service,No internet service,Bank transfer (automatic)
3472-OAOOR,No,0,19,34.95,Month-to-month,DSL,No,Yes,Mailed check
6135-OZQVA,No,0,7,53.65,Month-to-month,DSL,No,Yes,Electronic check
8062-YBDOE,Yes,1,1,69.65,Month-to-month,Fiber optic,No,No,Electronic check
2252-JHJGE,No,0,61,104.0,One year,Fiber optic,No,Yes,Electronic check
4188-PCPIG,No,0,57,70.35,Two year,DSL,Yes,Yes,Credit card (automatic)
6000-APYLU,Yes,1,9,80.8,Month-to-month,Fiber optic,No,No,Electronic check
7105-BENQF,No,0,15,64.85,One year,DSL,No,Yes,Mailed check
7721-DVEKZ,No,0,1,19.65,Month-to-month,No,No internet service,No internet service,Mailed check
3566-VVORZ,No,0,12,45.9,Month-to-month,DSL,No,No,Bank transfer (automatic)
9507-HSMMZ,No,0,54,20.0,Two year,No,No internet service,No internet service,Mailed check
2480-SQIOB,No,0,4,44.8,Month-to-month,DSL,No,No,Electronic check
0947-IDHRQ,Yes,1,7,80.3,Month-to-month,Fiber optic,No,No,Mailed check
7813-TKCVO,No,0,20,20.35,One year,No,No internet service,No internet service,Mailed check
0128-MKWSG,No,0,26,45.8,Month-to-month,DSL,Yes,Yes,Mailed check
3672-YITQD,Yes,1,36,84.1,Month-to-month,Fiber optic,No,No,Electronic check
4350-ZTLPI,No,0,53,108.95,One year,Fiber optic,Yes,No,Bank transfer (automatic)
9048-JVYVF,Yes,1,3,69.35,Month-to-month,DSL,Yes,No,Electronic check
0361-HJRDX,No,0,68,64.35,Two year,DSL,Yes,Yes,Credit card (automatic)
5727-MYATE,No,0,72,90.8,Two year,DSL,Yes,Yes,Credit card (automatic)
3823-KYNQY,No,0,12,24.95,One year,No,No internet service,No internet service,Credit card (automatic)
8988-ECPJR,Yes,1,34,79.6,Month-to-month,Fiber optic,No,No,Mailed check
7570-WELNY,No,0,68,84.7,Two year,Fiber optic,No,Yes,Bank transfer (automatic)
3021-VLNRJ,No,0,50,70.8,One year,DSL,Yes,Yes,Credit card (automatic)
3776-EKTKM,Yes,1,1,36.45,Month-to-month,DSL,No,No,Electronic check
2080-CAZNM,No,0,41,104.4,Month-to-month,Fiber optic,No,No,Electronic check
1028-FFNJK,No,0,30,101.5,Month-to-month,Fiber optic,Yes,No,Electronic check
6907-FLBER,No,0,1,54.3,Month-to-month,DSL,No,No,Electronic check
3001-UNBTL,No,0,29,103.95,Month-to-month,Fiber optic,No,No,Electronic check
5982-PSMKW,No,0,23,91.1,Two year,DSL,Yes,Yes,Credit card (automatic)
3507-GASNP,No,0,60,19.95,Two year,No,No internet service,No internet service,Mailed check
7096-ZNBZI,No,0,72,26.45,Two year,No,No internet service,No internet service,Credit card (automatic)
1902-XBTFB,Yes,1,22,89.4,Month-to-month,Fiber optic,No,No,Electronic check
1676-MQAOA,No,0,72,75.1,Two year,DSL,Yes,Yes,Bank transfer (automatic)
0786-IVLAW,No,0,66,108.1,One year,Fiber optic,No,No,Bank transfer (automatic)
7566-DSRLQ,No,0,72,110.15,Two year,Fiber optic,Yes,No,Electronic check
0643-OKLRP,Yes,1,47,80.35,Month-to-month,Fiber optic,No,Yes,Electronic check
7245-JMTTQ,No,0,51,111.5,One year,Fiber optic,Yes,No,Electronic check
6050-IJRHS,No,0,70,106.5,One year,Fiber optic,No,No,Electronic check
6202-JVYEU,No,0,9,19.9,One year,No,No internet service,No internet service,Electronic check
8591-TKMZH,No,0,59,111.1,Two year,Fiber optic,Yes,Yes,Mailed check
0734-OXWBT,No,0,3,70.7,Month-to-month,DSL,Yes,No,Mailed check
4282-ACRXS,No,0,38,24.85,Month-to-month,DSL,No,No,Electronic check
0365-TRTPY,No,0,37,91.2,Month-to-month,Fiber optic,No,Yes,Bank transfer (automatic)
7349-ALMUX,No,0,37,65.6,Two year,DSL,Yes,Yes,Bank transfer (automatic)
9381-NDKME,Yes,1,24,40.65,Month-to-month,DSL,No,No,Credit card (automatic)
6502-KUGLL,No,0,14,59.45,Month-to-month,DSL,Yes,Yes,Bank transfer (automatic)
1841-YSJGV,No,0,72,109.95,Two year,Fiber optic,Yes,Yes,Credit card (automatic)
2794-XIMMO,Yes,1,53,60.45,One year,DSL,Yes,No,Electronic check
8382-SHQEH,Yes,1,8,84.9,Month-to-month,Fiber optic,No,No,Electronic check
3511-BFTJW,No,0,72,38.5,Two year,DSL,No,Yes,Credit card (automatic)
7668-XCFYV,No,0,17,92.55,Month-to-month,Fiber optic,No,No,Electronic check
2983-ZANRP,Yes,1,2,73.55,Month-to-month,Fiber optic,No,No,Bank transfer (automatic)
7845-URHJN,Yes,1,8,20.15,Month-to-month,No,No internet service,No internet service,Bank transfer (automatic)
3034-ZBEQN,Yes,1,48,34.7,One year,DSL,No,No,Mailed check
5018-HEKFO,No,0,10,24.5,Month-to-month,No,No internet service,No internet service,Mailed check
2923-ARZLG,No,0,0,19.7,One year,No,No internet service,No internet service,Mailed check
3976-NLDEZ,No,0,1,20.6,Month-to-month,No,No internet service,No internet service,Mailed check
2282-YGNOR,No,0,29,58.0,One year,DSL,Yes,Yes,Credit card (automatic)
5336-UFNZP,No,0,65,107.45,One year,Fiber optic,No,No,Electronic check
6854-EXGSF,No,0,8,65.5,Month-to-month,DSL,No,Yes,Bank transfer (automatic)
1241-EZFMJ,No,0,61,25.45,Two year,No,No internet service,No internet service,Bank transfer (automatic)
9233-PSYHO,No,0,45,100.15,One year,Fiber optic,No,No,Bank transfer (automatic)
5376-PCKNB,No,0,72,104.45,One year,Fiber optic,No,No,Credit card (automatic)
8044-BGWPI,No,0,12,21.15,Month-to-month,No,No internet service,No internet service,Electronic check
4060-LDNLU,No,0,7,96.2,Month-to-month,Fiber optic,No,No,Electronic check
3589-PPVKW,No,0,9,44.4,Month-to-month,DSL,No,No,Mailed check
8327-LZKAS,Yes,1,43,107.55,One year,Fiber optic,Yes,No,Electronic check
5887-IKKYO,No,0,58,94.35,Two year,Fiber optic,Yes,No,Bank transfer (automatic)
1075-BGWOH,Yes,1,16,98.75,Month-to-month,Fiber optic,No,No,Electronic check
1755-RMCXH,No,0,2,20.3,Month-to-month,No,No internet service,No internet service,Mailed check
0302-JOIVN,Yes,1,8,101.15,Month-to-month,Fiber optic,No,No,Electronic check
3858-XHYJO,No,0,40,105.75,One year,Fiber optic,No,Yes,Bank transfer (automatic)
4299-SIMNS,No,0,9,81.15,Month-to-month,Fiber optic,No,Yes,Electronic check
7025-IWFHT,No,0,41,89.55,One year,Fiber optic,Yes,No,Electronic check
6261-LHRTG,No,0,26,54.75,Month-to-month,DSL,No,No,Credit card (automatic)
7841-FCRQD,No,0,33,53.75,One year,DSL,Yes,No,Credit card (automatic)
2056-EVGZL,No,0,68,105.75,One year,Fiber optic,Yes,No,Credit card (automatic)
8777-MBMTS,No,0,65,105.85,Two year,Fiber optic,Yes,No,Credit card (automatic)
7753-USQYQ,No,0,55,64.2,One year,DSL,Yes,No,Electronic check
5366-IJEQJ,Yes,1,20,88.7,Month-to-month,Fiber optic,No,No,Electronic check
7661-CPURM,No,0,19,87.7,One year,Fiber optic,Yes,No,Credit card (automatic)
6233-HXJMX,No,0,45,89.3,Month-to-month,Fiber optic,No,No,Credit card (automatic)
5902-WBLSE,No,0,70,20.15,Two year,No,No internet service,No internet service,Credit card (automatic)
1981-INRFU,Yes,1,2,79.75,Month-to-month,Fiber optic,No,No,Electronic check
4971-PUYQO,Yes,1,27,94.55,Month-to-month,Fiber optic,No,No,Mailed check
3239-TPHPZ,No,0,12,20.05,Two year,No,No internet service,No internet service,Electronic check
5115-GZDEL,No,0,72,67.2,Two year,DSL,Yes,Yes,Credit card (automatic)
3338-CVVEH,No,0,12,94.55,Month-to-month,Fiber optic,No,No,Electronic check
8485-GJCDN,Yes,1,5,69.05,Month-to-month,Fiber optic,No,No,Mailed check
2615-YVMYX,No,0,71,107.5,Month-to-month,Fiber optic,No,Yes,Electronic check
2851-STERV,No,0,35,73.0,One year,DSL,Yes,No,Electronic check
4393-GEADV,No,0,70,114.75,Two year,Fiber optic,Yes,Yes,Credit card (automatic)
8486-AYEQH,No,0,31,76.05,Month-to-month,Fiber optic,No,No,Electronic check
1527-SXDPN,Yes,1,52,96.25,Two year,Fiber optic,Yes,No,Bank transfer (automatic)
6029-WTIPC,Yes,1,37,101.1,Month-to-month,Fiber optic,No,No,Electronic check
8634-CILSZ,Yes,1,69,104.7,One year,Fiber optic,Yes,No,Bank transfer (automatic)
5419-JKZNQ,No,0,30,77.9,Month-to-month,Fiber optic,No,No,Mailed check
2495-KZNFB,No,0,33,90.65,Month-to-month,Fiber optic,No,Yes,Electronic check
1409-PHXTF,No,0,54,110.45,Two year,Fiber optic,Yes,No,Electronic check
4560-WQAQW,No,0,59,68.7,One year,DSL,Yes,Yes,Bank transfer (automatic)
9591-YVTEB,No,0,55,44.85,Month-to-month,DSL,No,Yes,Electronic check
9309-BZGNT,No,0,69,29.8,One year,DSL,No,No,Credit card (automatic)
4274-DRSQT,No,0,66,88.9,One year,Fiber optic,No,No,Bank transfer (automatic)
2027-DNKIV,No,0,37,58.75,One year,DSL,Yes,Yes,Mailed check
8075-GXIUB,No,0,9,19.85,One year,No,No internet service,No internet service,Credit card (automatic)
2885-HIJDH,No,0,69,86.9,Two year,DSL,Yes,Yes,Bank transfer (automatic)
5424-RLQLC,No,0,10,59.65,Month-to-month,DSL,No,No,Mailed check
6682-QJDGB,Yes,1,40,55.25,Month-to-month,DSL,No,Yes,Mailed check
6507-DTJZV,No,0,13,66.4,Month-to-month,DSL,No,No,Credit card (automatic)
8780-IXSTS,Yes,1,6,90.1,Month-to-month,Fiber optic,No,No,Electronic check
7673-BQGKU,No,0,69,20.15,Two year,No,No internet service,No internet service,Bank transfer (automatic)
6723-WSNTY,No,0,66,108.1,One year,Fiber optic,Yes,No,Credit card (automatic)
9530-EHPOH,Yes,1,11,53.75,Month-to-month,DSL,No,No,Electronic check
2725-IWWBA,No,0,46,56.9,One year,DSL,Yes,Yes,Mailed check
0345-HKJVM,Yes,1,6,89.3,Month-to-month,Fiber optic,No,No,Electronic check
1061-PNTHC,No,0,56,109.6,Month-to-month,Fiber optic,Yes,Yes,Mailed check
0394-YONDK,No,0,70,25.15,Two year,No,No internet service,No internet service,Credit card (automatic)
6574-MCOEH,No,0,33,79.15,One year,DSL,Yes,No,Electronic check
7399-QHBJS,No,0,72,66.75,Two year,DSL,Yes,Yes,Credit card (automatic)
3049-SOLAY,Yes,1,3,95.2,Month-to-month,Fiber optic,No,No,Electronic check
0997-YTLNY,No,0,19,48.8,Month-to-month,DSL,Yes,No,Mailed check
3317-HRTNN,Yes,1,5,45.7,Month-to-month,DSL,No,No,Electronic check
9479-HYNYL,No,0,71,80.7,Two year,DSL,Yes,No,Credit card (automatic)
3235-ETOOB,Yes,1,8,74.5,Month-to-month,Fiber optic,No,Yes,Electronic check
9708-KFDBY,No,0,1,20.55,Month-to-month,No,No internet service,No internet service,Credit card (automatic)
8058-INTPH,Yes,1,1,79.65,Month-to-month,Fiber optic,No,No,Electronic check
3642-GKTCT,No,0,61,115.1,One year,Fiber optic,Yes,Yes,Mailed check
0774-RMNUW,No,0,71,59.7,Two year,DSL,Yes,Yes,Bank transfer (automatic)
1334-PDUKM,No,0,68,86.45,One year,Fiber optic,No,No,Credit card (automatic)
0756-MPZRL,No,0,46,33.7,One year,DSL,Yes,No,Credit card (automatic)
2242-MFOTG,No,0,33,80.1,One year,Fiber optic,No,Yes,Bank transfer (automatic)
2927-CVULT,No,0,53,104.05,Two year,Fiber optic,Yes,Yes,Bank transfer (automatic)
2144-BFDSO,No,0,50,108.75,Month-to-month,Fiber optic,No,Yes,Bank transfer (automatic)
8745-PVESG,No,0,57,41.1,One year,DSL,Yes,Yes,Credit card (automatic)
7647-GYYKX,No,0,54,20.35,Two year,No,No internet service,No internet service,Bank transfer (automatic)
5647-FXOTP,No,0,60,105.9,Month-to-month,Fiber optic,No,No,Electronic check
5569-OUICF,Yes,1,28,101.3,Month-to-month,Fiber optic,Yes,No,Credit card (automatic)
8821-XNHVZ,Yes,1,1,80.05,Month-to-month,Fiber optic,No,No,Mailed check
2082-OJVTK,Yes,1,29,89.2,Month-to-month,Fiber optic,No,No,Electronic check
9700-ISPUP,No,0,10,65.5,Month-to-month,DSL,Yes,No,Electronic check
9839-ETQOE,No,0,43,40.45,Month-to-month,DSL,No,Yes,Electronic check
6078-VESFR,No,0,13,70.45,Month-to-month,Fiber optic,No,No,Bank transfer (automatic)
9027-TMATR,No,0,43,78.8,Two year,DSL,Yes,Yes,Electronic check
5940-NFXKV,Yes,1,19,83.65,Month-to-month,Fiber optic,No,No,Electronic check
1941-HOSAM,No,0,1,90.1,Month-to-month,Fiber optic,No,No,Electronic check
9110-HSGTV,No,0,69,82.45,Two year,DSL,Yes,Yes,Credit card (automatic)
0704-VCUMB,No,0,61,20.25,Two year,No,No internet service,No internet service,Credit card (automatic)
6171-ZTVYB,No,0,43,66.25,Month-to-month,DSL,Yes,Yes,Bank transfer (automatic)
8053-WWDRO,Yes,1,6,19.5,Month-to-month,No,No internet service,No internet service,Bank transfer (automatic)
9564-KCLHR,Yes,1,1,51.25,Month-to-month,DSL,Yes,No,Mailed check
1935-IMVBB,No,0,56,89.7,Month-to-month,Fiber optic,No,No,Mailed check
2535-PBCGC,No,0,70,64.55,Two year,DSL,Yes,Yes,Bank transfer (automatic)
2082-CEFLT,Yes,1,1,45.6,Month-to-month,DSL,No,No,Electronic check
1470-PSXNM,No,0,49,93.65,One year,Fiber optic,No,No,Electronic check
1213-NGCUN,Yes,1,6,49.65,Month-to-month,DSL,Yes,No,Bank transfer (automatic)
2498-XLDZR,No,0,32,73.6,Two year,DSL,Yes,Yes,Mailed check
9866-OCCKE,No,0,72,109.75,Two year,Fiber optic,Yes,Yes,Mailed check
5338-YHWYT,No,0,37,61.45,Two year,DSL,Yes,Yes,Credit card (automatic)
7718-UPSKJ,No,0,69,106.4,One year,Fiber optic,Yes,Yes,Credit card (automatic)
8731-WBBMB,No,0,26,81.9,Month-to-month,DSL,Yes,No,Bank transfer (automatic)
1448-CYWKC,No,0,58,105.2,One year,Fiber optic,No,No,Credit card (automatic)
7901-IIDQV,No,0,24,54.6,One year,DSL,Yes,No,Bank transfer (automatic)
2690-DVRVK,No,0,5,20.55,One year,No,No internet service,No internet service,Electronic check
5688-KZTSN,Yes,1,15,20.0,Month-to-month,No,No internet service,No internet service,Electronic check
1270-XKUCC,No,0,30,19.7,Two year,No,No internet service,No internet service,Mailed check
0334-ZFJSR,No,0,55,66.05,One year,DSL,Yes,Yes,Credit card (automatic)
2894-QOJRX,Yes,1,25,34.0,Month-to-month,DSL,No,No,Bank transfer (automatic)
5747-PMBSQ,Yes,1,10,92.5,Month-to-month,Fiber optic,Yes,No,Mailed check
5583-EJXRD,No,0,44,54.05,Two year,DSL,Yes,Yes,Credit card (automatic)
4565-EVZMJ,No,0,47,58.9,One year,DSL,Yes,Yes,Mailed check
3143-JQEGI,Yes,1,13,88.35,Month-to-month,Fiber optic,No,No,Electronic check
6386-SZZKH,Yes,1,49,107.95,Two year,Fiber optic,Yes,No,Bank transfer (automatic)
3327-YBAKM,No,0,64,96.9,One year,Fiber optic,Yes,Yes,Mailed check
9441-QHEVC,No,0,1,19.1,Month-to-month,No,No internet service,No internet service,Mailed check
6705-LNMDD,No,0,20,50.0,Month-to-month,DSL,Yes,No,Mailed check
2580-ASVVY,No,0,37,45.4,Two year,DSL,Yes,Yes,Electronic check
3370-GQEAL,No,0,30,85.45,Month-to-month,Fiber optic,No,No,Electronic check
5032-USPKF,No,0,38,84.1,One year,DSL,No,Yes,Bank transfer (automatic)
2982-IHMFT,Yes,1,1,74.45,Month-to-month,Fiber optic,No,No,Mailed check
3521-SYVOR,Yes,1,37,64.75,Month-to-month,DSL,No,No,Electronic check
4254-QPEDE,No,0,52,66.25,Two year,DSL,Yes,Yes,Credit card (automatic)
6283-GITPX,No,0,71,76.9,Two year,DSL,Yes,Yes,Credit card (automatic)
9526-JAWYF,Yes,1,26,89.8,Month-to-month,Fiber optic,No,No,Electronic check
0771-CHWSK,No,0,66,74.6,Two year,DSL,No,Yes,Credit card (automatic)
9788-HNGUT,No,0,72,116.95,Two year,Fiber optic,Yes,Yes,Credit card (automatic)
9495-REDIY,No,0,25,40.65,One year,DSL,No,Yes,Credit card (automatic)
5375-XLDOF,No,0,69,114.35,Two year,Fiber optic,Yes,Yes,Bank transfer (automatic)
1172-VIYBP,No,0,53,69.7,Two year,DSL,No,Yes,Bank transfer (automatic)
5649-VUKMC,Yes,1,12,95.5,One year,Fiber optic,No,No,Mailed check
6559-PDZLR,No,0,26,98.65,Month-to-month,Fiber optic,Yes,No,Electronic check
8992-OBVDG,No,0,21,61.65,Month-to-month,DSL,No,No,Mailed check
4273-MBHYA,No,0,1,89.35,Month-to-month,Fiber optic,No,No,Electronic check
4724-WXVWF,No,0,48,95.4,Month-to-month,Fiber optic,Yes,Yes,Electronic check
5701-GUXDC,No,0,26,35.4,One year,DSL,No,Yes,Credit card (automatic)
1460-UZPRJ,No,0,60,19.95,Two year,No,No internet service,No internet service,Mailed check
6082-GLJIX,No,0,18,19.25,Month-to-month,No,No internet service,No internet service,Mailed check
5143-EGQFK,Yes,1,10,29.65,Month-to-month,DSL,Yes,No,Electronic check
4919-IKATY,Yes,1,5,84.5,Month-to-month,Fiber optic,No,Yes,Electronic check
2495-TTHBQ,No,0,4,20.4,One year,No,No internet service,No internet service,Mailed check
0485-ZBSLN,No,0,65,24.75,Two year,No,No internet service,No internet service,Credit card (automatic)
3810-PJUHR,No,0,70,25.35,Two year,No,No internet service,No internet service,Mailed check
9050-QLROH,Yes,1,18,90.7,Month-to-month,Fiber optic,No,No,Credit card (automatic)
0847-HGRML,No,0,62,20.0,Two year,No,No internet service,No internet service,Bank transfer (automatic)
8232-CTLKO,No,0,66,59.75,Two year,DSL,No,Yes,Electronic check
9227-YBAXE,No,0,65,82.5,Two year,DSL,Yes,Yes,Bank transfer (automatic)
6168-WFVVF,Yes,1,3,70.3,Month-to-month,Fiber optic,No,No,Electronic check
9860-LISIZ,No,0,34,20.35,Month-to-month,No,No internet service,No internet service,Mailed check
0112-QAWRZ,No,0,16,90.8,Month-to-month,Fiber optic,No,No,Bank transfer (automatic)
0877-SDMBN,Yes,1,54,103.95,One year,Fiber optic,No,Yes,Bank transfer (automatic)
2786-GCDPI,No,0,50,104.95,Month-to-month,Fiber optic,Yes,No,Electronic check
4043-MKDTV,No,0,71,105.25,Two year,Fiber optic,Yes,No,Electronic check
8065-YKXKD,Yes,1,10,74.75,Month-to-month,Fiber optic,No,No,Electronic check
9637-EIHEQ,Yes,1,1,50.8,Month-to-month,DSL,Yes,No,Electronic check
9229-RQABD,No,0,18,23.75,One year,No,No internet service,No internet service,Mailed check
8313-KTIHG,No,0,4,61.3,Month-to-month,DSL,Yes,No,Electronic check
5320-BRKGK,No,0,58,75.8,Two year,DSL,Yes,Yes,Mailed check
6284-KMNUF,No,0,56,98.0,One year,Fiber optic,No,Yes,Electronic check
9689-PTNPG,Yes,1,2,80.25,Month-to-month,Fiber optic,No,No,Electronic check
9465-RWMXL,Yes,1,32,78.9,Month-to-month,Fiber optic,No,No,Electronic check
6229-UOLQL,No,0,56,52.0,One year,DSL,Yes,Yes,Mailed check
2362-IBOOY,Yes,1,36,84.75,Month-to-month,Fiber optic,No,No,Electronic check
3137-LUPIX,No,0,4,64.4,Month-to-month,DSL,Yes,No,Mailed check
0843-WTBXE,Yes,1,53,85.45,Month-to-month,Fiber optic,No,No,Bank transfer (automatic)
6143-JQKEA,No,0,10,45.8,Month-to-month,DSL,No,No,Credit card (automatic)
8676-OOQEJ,No,0,4,30.5,Month-to-month,DSL,Yes,No,Electronic check
5515-IDEJJ,Yes,1,1,19.9,Month-to-month,No,No internet service,No internet service,Mailed check
9701-CDXHR,No,0,51,69.15,Month-to-month,Fiber optic,No,No,Mailed check
7450-NWRTR,Yes,1,12,99.45,Month-to-month,Fiber optic,No,No,Electronic check
8124-NZVGJ,No,0,6,49.25,One year,DSL,Yes,No,Mailed check
2162-FRZAA,No,0,63,39.35,Two year,DSL,Yes,No,Bank transfer (automatic)
5376-DEQCP,Yes,1,1,70.6,Month-to-month,Fiber optic,No,No,Electronic check
5118-MUEYH,No,0,48,105.1,Month-to-month,Fiber optic,Yes,No,Credit card (automatic)
9095-HFAFX,Yes,1,5,81.0,Month-to-month,Fiber optic,No,No,Credit card (automatic)
5627-TVBPP,No,0,35,20.1,One year,No,No internet service,No internet service,Credit card (automatic)
2379-ENZGV,Yes,1,6,84.85,Month-to-month,Fiber optic,No,No,Electronic check
3936-QQFLL,No,0,2,19.75,Month-to-month,No,No internet service,No internet service,Mailed check
2589-AYCRP,No,0,50,19.75,One year,No,No internet service,No internet service,Bank transfer (automatic)
4067-HLYQI,No,0,33,70.4,Month-to-month,Fiber optic,No,No,Bank transfer (automatic)
5124-EOGYE,No,0,31,20.45,Two year,No,No internet service,No internet service,Mailed check
5057-RKGLH,No,0,9,20.35,Two year,No,No internet service,No internet service,Mailed check
0292-WEGCH,No,0,54,86.2,Month-to-month,DSL,Yes,No,Electronic check
8910-ICHIU,No,0,46,95.65,One year,Fiber optic,No,Yes,Credit card (automatic)
4097-YODCF,No,0,34,103.8,One year,Fiber optic,No,Yes,Electronic check
9715-WZCLW,No,0,71,97.2,Two year,Fiber optic,No,Yes,Electronic check
9786-YWNHU,No,0,63,63.55,Two year,DSL,Yes,Yes,Mailed check
6407-GSJNL,No,0,51,24.95,Two year,No,No internet service,No internet service,Bank transfer (automatic)
6005-OBZPH,Yes,1,26,89.15,Month-to-month,Fiber optic,No,No,Electronic check
4049-ZPALD,No,0,64,99.0,Two year,Fiber optic,No,Yes,Bank transfer (automatic)
7932-WPTDS,Yes,1,1,24.8,Month-to-month,DSL,No,No,Electronic check
3733-UOCWF,No,0,61,85.55,One year,Fiber optic,Yes,No,Bank transfer (automatic)
6833-JMZYP,No,0,15,94.0,Month-to-month,Fiber optic,No,No,Credit card (automatic)
2722-VOJQL,Yes,1,64,105.65,One year,Fiber optic,Yes,No,Credit card (automatic)
1310-QRITU,No,0,18,50.3,Month-to-month,DSL,No,No,Electronic check
8961-QDZZJ,No,0,57,95.0,One year,Fiber optic,No,No,Electronic check
9715-SBVSU,No,0,14,61.4,Two year,DSL,No,Yes,Bank transfer (automatic)
8490-BXHEO,No,0,18,80.55,Month-to-month,Fiber optic,No,No,Credit card (automatic)
7173-TETGO,No,0,72,78.5,Two year,Fiber optic,No,Yes,Bank transfer (automatic)
7929-SKFGK,No,0,70,114.3,Two year,Fiber optic,Yes,Yes,Credit card (automatic)
2300-RQGOI,No,0,38,20.05,Two year,No,No internet service,No internet service,Mailed check
3563-SVYLG,No,0,68,62.65,Two year,DSL,Yes,Yes,Credit card (automatic)
5228-EXCET,Yes,1,13,80.85,Month-to-month,Fiber optic,No,No,Electronic check
6435-VWCCY,No,0,65,92.7,Two year,Fiber optic,No,Yes,Credit card (automatic)
4998-IKFSE,No,0,30,100.45,Month-to-month,Fiber optic,No,No,Electronic check
8630-QSGXK,No,0,51,75.2,Two year,DSL,Yes,No,Bank transfer (automatic)
2455-USLMV,No,0,31,84.75,Month-to-month,Fiber optic,No,Yes,Credit card (automatic)
7394-FKDNK,Yes,1,9,89.45,Month-to-month,Fiber optic,No,No,Electronic check
9488-FVZCC,No,0,72,79.5,Two year,DSL,Yes,Yes,Bank transfer (automatic)
6331-LWDTQ,Yes,1,10,72.15,Month-to-month,DSL,No,No,Credit card (automatic)
5995-WWKKG,No,0,37,19.8,One year,No,No internet service,No internet service,Electronic check
1597-FZREH,Yes,1,2,76.4,Month-to-month,DSL,Yes,No,Electronic check
7879-CGSFV,No,0,55,100.9,One year,Fiber optic,No,Yes,Mailed check
9921-EZKBY,No,0,33,95.3,Month-to-month,Fiber optic,No,Yes,Bank transfer (automatic)
7432-FFVAR,No,0,46,90.95,One year,Fiber optic,Yes,No,Bank transfer (automatic)
7246-ZGQDF,No,0,1,54.5,Month-to-month,DSL,Yes,Yes,Electronic check
7000-WCEVQ,Yes,1,20,61.6,Month-to-month,DSL,No,No,Mailed check
0727-IWKVK,Yes,1,9,79.9,Month-to-month,Fiber optic,No,No,Electronic check
5959-BELXA,Yes,1,32,96.15,Month-to-month,Fiber optic,No,No,Credit card (automatic)
4456-RHSNB,No,0,19,49.6,Month-to-month,DSL,No,No,Bank transfer (automatic)
3512-IZIKN,Yes,1,70,65.3,Two year,DSL,Yes,Yes,Credit card (automatic)
2481-SBOYW,No,0,61,25.0,Two year,No,No internet service,No internet service,Credit card (automatic)
7109-MFBYV,No,0,26,45.45,Month-to-month,DSL,No,No,Electronic check
1833-TCXKK,No,0,45,107.75,Month-to-month,Fiber optic,No,No,Bank transfer (automatic)
1832-PEUTS,No,0,62,89.1,Two year,Fiber optic,No,No,Credit card (automatic)
6141-OOXUQ,Yes,1,1,19.65,Month-to-month,No,No internet service,No internet service,Mailed check
8660-BUETV,No,0,3,44.75,Month-to-month,DSL,No,No,Mailed check
0580-PIQHM,No,0,41,101.6,One year,Fiber optic,No,Yes,Bank transfer (automatic)
5696-CEIQJ,No,0,67,103.15,Two year,Fiber optic,Yes,No,Bank transfer (automatic)
7503-ZGUZJ,Yes,1,1,84.65,Month-to-month,Fiber optic,No,No,Mailed check
1696-HXOWK,No,0,71,95.65,One year,Fiber optic,No,Yes,Mailed check
3026-ATZYV,No,0,37,75.1,One year,DSL,No,Yes,Bank transfer (automatic)
4012-YCFAI,No,0,60,61.35,Two year,DSL,Yes,Yes,Mailed check
2506-TNFCO,Yes,1,1,69.55,Month-to-month,Fiber optic,No,No,Electronic check
9970-QBCDA,No,0,6,19.7,Month-to-month,No,No internet service,No internet service,Credit card (automatic)
8718-PTMEZ,Yes,1,13,31.05,Month-to-month,DSL,No,No,Electronic check
9496-IVVRP,No,0,11,51.0,Month-to-month,DSL,No,Yes,Bank transfer (automatic)
2207-OBZNX,Yes,1,7,51.0,Month-to-month,DSL,No,Yes,Mailed check
2657-VPXTA,No,0,10,88.85,Month-to-month,Fiber optic,No,No,Electronic check
6551-VLJMV,No,0,34,20.05,Two year,No,No internet service,No internet service,Credit card (automatic)
1221-GHZEP,No,0,62,65.1,Two year,DSL,Yes,Yes,Mailed check
9289-LBQVU,No,0,64,70.15,One year,DSL,Yes,No,Mailed check
6142-VSJQO,Yes,1,1,44.35,Month-to-month,DSL,No,No,Bank transfer (automatic)
3458-IDMFK,No,0,25,20.75,Two year,No,No internet service,No internet service,Mailed check
6933-FHBZC,No,0,26,56.05,One year,DSL,No,No,Mailed check
0221-NAUXK,No,0,10,19.95,One year,No,No internet service,No internet service,Bank transfer (automatic)
9770-KXGQU,No,0,53,98.6,One year,Fiber optic,No,Yes,Mailed check
6437-UKHMV,Yes,1,7,79.7,Month-to-month,Fiber optic,No,No,Electronic check
6538-POCHL,No,0,33,79.0,Month-to-month,Fiber optic,No,No,Credit card (automatic)
6726-NNFWD,No,0,71,89.45,Two year,Fiber optic,No,No,Credit card (automatic)
3002-WQZWT,No,0,29,74.2,Month-to-month,Fiber optic,No,No,Electronic check
4277-UDIEF,No,0,24,81.0,Month-to-month,DSL,Yes,Yes,Bank transfer (automatic)
1208-NBVFH,No,0,20,49.6,Month-to-month,DSL,No,No,Electronic check
4912-PIGUY,No,0,1,84.6,Month-to-month,Fiber optic,No,No,Electronic check
1114-CENIM,Yes,1,54,55.0,Month-to-month,DSL,No,No,Credit card (automatic)
6060-DRTNL,Yes,1,5,84.85,Month-to-month,Fiber optic,No,No,Mailed check
2725-TTRIQ,No,0,72,84.2,Two year,DSL,Yes,Yes,Bank transfer (automatic)
3374-TTZTK,No,0,52,106.3,Two year,Fiber optic,Yes,Yes,Electronic check
8990-ZXLSU,No,0,9,69.05,Month-to-month,Fiber optic,No,No,Electronic check
2275-RBYQS,No,0,1,45.4,Month-to-month,DSL,No,No,Mailed check
8473-VUVJN,Yes,1,1,73.65,Month-to-month,Fiber optic,No,No,Electronic check
6289-CPNLD,Yes,1,33,73.9,One year,DSL,Yes,No,Mailed check
5536-SLHPM,Yes,1,55,77.75,Month-to-month,Fiber optic,No,No,Electronic check
4419-UJMUS,No,0,69,99.35,Two year,Fiber optic,Yes,No,Electronic check
7794-JASDG,No,0,1,50.75,Month-to-month,DSL,No,Yes,Mailed check
7609-YBPXG,No,0,54,87.1,Two year,DSL,Yes,Yes,Bank transfer (automatic)
5519-TEEUH,No,0,33,20.15,One year,No,No internet service,No internet service,Mailed check
7856-GANIL,No,0,45,98.7,One year,Fiber optic,Yes,No,Bank transfer (automatic)
0804-XBFBV,No,0,11,25.2,Month-to-month,DSL,No,No,Electronic check
2676-OXPPQ,No,0,6,55.7,Month-to-month,DSL,No,Yes,Bank transfer (automatic)
3703-TTEPD,No,0,21,65.35,Month-to-month,DSL,No,Yes,Bank transfer (automatic)
2799-TSLAG,No,0,65,25.3,Two year,No,No internet service,No internet service,Bank transfer (automatic)
0196-VULGZ,Yes,1,6,84.35,Month-to-month,Fiber optic,No,No,Electronic check
8837-VVWLQ,Yes,1,8,84.95,Month-to-month,Fiber optic,No,Yes,Electronic check
2696-NARTR,Yes,1,11,73.85,Month-to-month,Fiber optic,Yes,No,Electronic check
2208-NKVVH,No,0,43,24.25,Two year,No,No internet service,No internet service,Mailed check
7614-QVWQL,Yes,1,49,51.8,One year,DSL,No,No,Bank transfer (automatic)
1976-CFOCS,Yes,1,1,46.0,Month-to-month,DSL,No,No,Electronic check
4631-OACRM,Yes,1,15,79.4,Month-to-month,Fiber optic,No,No,Electronic check
7139-JZFVG,No,0,60,60.5,Two year,DSL,No,Yes,Bank transfer (automatic)
4987-GQWPO,No,0,17,25.1,Month-to-month,DSL,No,No,Credit card (automatic)
3755-JBMNH,Yes,1,16,71.8,Month-to-month,Fiber optic,No,No,Bank transfer (automatic)
1757-TCATG,No,0,35,20.05,One year,No,No internet service,No internet service,Bank transfer (automatic)
6345-ULYRW,Yes,1,44,88.4,One year,Fiber optic,No,No,Mailed check
4776-XSKYQ,No,0,12,30.25,One year,DSL,Yes,No,Credit card (automatic)
8048-DSDFQ,No,0,1,20.2,Month-to-month,No,No internet service,No internet service,Mailed check
5753-QQWPW,No,0,28,59.9,One year,DSL,Yes,Yes,Electronic check
6010-DDPPW,No,0,70,25.15,Two year,No,No internet service,No internet service,Bank transfer (automatic)
1809-DMJHQ,Yes,1,5,46.0,Month-to-month,DSL,No,No,Mailed check
6693-FRIRW,No,0,18,101.3,Month-to-month,Fiber optic,No,No,Credit card (automatic)
6586-MYGKD,No,0,70,76.95,Two year,DSL,Yes,Yes,Credit card (automatic)
3173-NVMPX,No,0,9,55.3,Month-to-month,DSL,No,No,Mailed check
0248-PGHBZ,No,0,67,92.45,Two year,Fiber optic,Yes,Yes,Bank transfer (automatic)
0623-GDISB,No,0,1,48.45,Month-to-month,DSL,No,Yes,Bank transfer (automatic)
2892-GESUL,No,0,18,19.35,Two year,No,No internet service,No internet service,Mailed check
6923-EFPNL,Yes,1,4,51.75,Month-to-month,DSL,No,No,Credit card (automatic)
7472-EQOAV,No,0,71,86.7,One year,Fiber optic,No,Yes,Bank transfer (automatic)
9574-RKJIF,Yes,1,30,94.4,Month-to-month,Fiber optic,No,Yes,Electronic check
2043-WVTQJ,No,0,1,55.7,Month-to-month,DSL,No,Yes,Mailed check
8034-RYTVV,No,0,55,84.25,One year,Fiber optic,No,Yes,Credit card (automatic)
3863-QSTYI,No,0,59,64.65,Month-to-month,DSL,Yes,No,Electronic check
2619-WFQWU,Yes,1,1,70.15,Month-to-month,Fiber optic,No,No,Mailed check
5044-LRQAQ,No,0,7,69.2,Month-to-month,Fiber optic,No,No,Bank transfer (automatic)
1716-LSAMB,No,0,45,54.65,Two year,DSL,Yes,Yes,Bank transfer (automatic)
1333-PBMXB,No,0,54,24.75,One year,No,No internet service,No internet service,Bank transfer (automatic)
6546-OPBBH,No,0,51,23.95,One year,No,No internet service,No internet service,Mailed check
5985-BEHZK,No,0,72,105.0,One year,Fiber optic,No,No,Credit card (automatic)
9127-QRZMH,No,0,44,59.85,One year,DSL,Yes,Yes,Bank transfer (automatic)
5919-VCZYM,No,0,2,20.05,Month-to-month,No,No internet service,No internet service,Mailed check
9644-KVCNC,No,0,66,92.15,One year,Fiber optic,No,No,Bank transfer (automatic)
2137-DQMEV,No,0,68,44.8,One year,DSL,No,Yes,Mailed check
8174-LNWMW,No,0,31,20.9,Two year,No,No internet service,No internet service,Credit card (automatic)
9279-CJEOJ,No,0,21,95.4,Month-to-month,Fiber optic,No,No,Bank transfer (automatic)
7964-VEXDG,No,0,21,80.35,Month-to-month,Fiber optic,No,Yes,Electronic check
2404-JIBFC,No,0,55,85.1,Two year,DSL,Yes,Yes,Bank transfer (automatic)
0778-NELLA,Yes,1,9,34.7,Month-to-month,DSL,No,No,Credit card (automatic)
8029-XYPWT,No,0,71,115.05,Two year,Fiber optic,Yes,Yes,Bank transfer (automatic)
4614-NUVZD,Yes,1,1,81.1,Month-to-month,Fiber optic,No,No,Electronic check
4632-PAOYU,No,0,22,19.95,One year,No,No internet service,No internet service,Mailed check
3803-KMQFW,Yes,1,1,20.55,Month-to-month,No,No internet service,No internet service,Mailed check
6804-GDMOI,Yes,1,61,106.6,Two year,Fiber optic,Yes,No,Electronic check
2990-OGYTD,No,0,67,86.15,Two year,DSL,Yes,No,Bank transfer (automatic)
6646-JPPHA,No,0,14,78.85,Month-to-month,Fiber optic,No,Yes,Electronic check
9572-MTILT,Yes,1,59,106.75,Month-to-month,Fiber optic,Yes,Yes,Electronic check
7658-UYUQS,No,0,21,86.55,Month-to-month,Fiber optic,No,No,Bank transfer (automatic)
7880-XSOJX,No,0,4,42.4,Month-to-month,DSL,Yes,Yes,Mailed check
9611-CTWIH,Yes,1,3,89.45,Month-to-month,Fiber optic,No,No,Electronic check
4589-IUAJB,No,0,70,24.25,Two year,No,No internet service,No internet service,Bank transfer (automatic)
0329-GTIAJ,Yes,1,3,97.9,Month-to-month,Fiber optic,Yes,No,Electronic check
8746-BFOAJ,No,0,21,20.5,One year,No,No internet service,No internet service,Bank transfer (automatic)
8457-XIGKN,No,0,20,19.6,Month-to-month,No,No internet service,No internet service,Credit card (automatic)
6072-NUQCB,No,0,22,20.25,One year,No,No internet service,No internet service,Bank transfer (automatic)
6629-CZTTH,Yes,1,1,55.7,Month-to-month,DSL,No,No,Mailed check
8838-GPHZP,No,0,63,20.6,Two year,No,No internet service,No internet service,Mailed check
8750-QWZAJ,No,0,70,19.8,Two year,No,No internet service,No internet service,Bank transfer (automatic)
5364-EVNIB,Yes,1,13,79.8,Month-to-month,Fiber optic,No,No,Electronic check
6918-UMQCG,No,0,5,80.2,Month-to-month,Fiber optic,No,No,Electronic check
0675-NCDYU,No,0,72,116.4,Two year,Fiber optic,Yes,Yes,Credit card (automatic)
6339-DKLMK,No,0,13,31.65,Month-to-month,DSL,No,No,Electronic check
1346-PJWTK,No,0,61,94.15,Month-to-month,Fiber optic,Yes,No,Credit card (automatic)
5088-QZLRL,No,0,1,20.65,Month-to-month,No,No internet service,No internet service,Electronic check
8023-QHAIO,No,0,56,76.85,Month-to-month,Fiber optic,Yes,No,Bank transfer (automatic)
4397-FRLTA,No,0,4,20.15,Month-to-month,No,No internet service,No internet service,Mailed check
3057-VJJQE,No,0,35,55.25,Two year,DSL,No,Yes,Mailed check
5087-SUURX,Yes,1,18,39.05,Month-to-month,DSL,No,No,Electronic check
2302-OUZXB,No,0,72,82.15,Two year,DSL,No,No,Bank transfer (automatic)
8133-ANHHJ,No,0,49,103.0,One year,Fiber optic,Yes,Yes,Bank transfer (automatic)
2270-CHBFN,No,0,44,95.1,Month-to-month,Fiber optic,Yes,Yes,Credit card (automatic)
0013-EXCHZ,Yes,1,3,83.9,Month-to-month,Fiber optic,Yes,No,Mailed check
5982-FPVQN,No,0,37,95.15,Month-to-month,Fiber optic,No,No,Electronic check
9107-UKCKY,No,0,61,79.8,One year,DSL,No,No,Electronic check
4654-ULTTN,No,0,70,74.8,Two year,DSL,Yes,Yes,Credit card (automatic)
5550-VFRLC,Yes,1,1,69.85,Month-to-month,Fiber optic,No,No,Electronic check
5546-BYZSM,No,0,41,20.45,Month-to-month,No,No internet service,No internet service,Electronic check
1492-KGETH,No,0,70,78.35,One year,DSL,Yes,Yes,Bank transfer (automatic)
4929-BSTRX,Yes,1,1,53.55,Month-to-month,DSL,No,No,Mailed check
4163-HFTUK,No,0,51,19.1,One year,No,No internet service,No internet service,Electronic check
8215-NGSPE,No,0,42,20.0,Two year,No,No internet service,No internet service,Mailed check
2225-ZRGSG,Yes,1,70,93.9,Two year,Fiber optic,Yes,Yes,Bank transfer (automatic)
8859-YSTWS,No,0,48,19.95,One year,No,No internet service,No internet service,Bank transfer (automatic)
5271-YNWVR,Yes,1,68,113.15,Two year,Fiber optic,Yes,Yes,Electronic check
7601-DHFWZ,No,0,48,24.0,Two year,No,No internet service,No internet service,Credit card (automatic)
2657-ALMWY,Yes,1,26,84.95,Month-to-month,Fiber optic,No,No,Electronic check
6330-JKLPC,Yes,1,11,80.5,Month-to-month,Fiber optic,No,No,Bank transfer (automatic)
4667-OHGKG,Yes,1,1,19.3,Month-to-month,No,No internet service,No internet service,Mailed check
1998-VHJHK,No,0,27,19.15,One year,No,No internet service,No internet service,Mailed check
1707-HABPF,No,0,46,91.3,One year,Fiber optic,No,No,Bank transfer (automatic)
1660-HSOOQ,Yes,1,1,49.65,Month-to-month,DSL,No,No,Mailed check
7253-UVNDW,Yes,1,46,54.35,Two year,DSL,Yes,No,Credit card (automatic)
0487-VVUVK,No,0,25,19.15,Month-to-month,No,No internet service,No internet service,Mailed check
7228-OMTPN,Yes,1,4,88.45,Month-to-month,Fiber optic,No,No,Electronic check
5063-IUOKK,No,0,13,19.75,Two year,No,No internet service,No internet service,Mailed check
4508-OEBEY,No,0,31,75.5,One year,DSL,Yes,Yes,Credit card (automatic)
0027-KWYKW,No,0,23,83.75,Month-to-month,Fiber optic,No,No,Electronic check
2308-STERM,No,0,2,19.4,Month-to-month,No,No internet service,No internet service,Mailed check
5982-XMDEX,No,0,65,26.5,Two year,No,No internet service,No internet service,Bank transfer (automatic)
6284-AHOOQ,Yes,1,22,90.5,Month-to-month,Fiber optic,Yes,No,Bank transfer (automatic)
6051-PTVNS,No,0,55,19.15,One year,No,No internet service,No internet service,Credit card (automatic)
2344-JMOGN,Yes,1,9,94.85,Month-to-month,Fiber optic,Yes,No,Mailed check
3799-ISUZQ,Yes,1,7,69.95,Month-to-month,Fiber optic,No,No,Bank transfer (automatic)
2877-VDUER,No,0,35,40.9,One year,DSL,Yes,No,Mailed check
9152-AMKAK,No,0,6,80.25,Two year,DSL,Yes,Yes,Mailed check
1794-HBQTJ,Yes,1,1,48.6,Month-to-month,DSL,No,Yes,Credit card (automatic)
9432-VOFYX,No,0,17,70.8,Month-to-month,Fiber optic,No,No,Electronic check
8049-WJCLQ,No,0,10,60.2,Month-to-month,DSL,No,No,Mailed check
6586-PSJOX,No,0,15,55.2,One year,DSL,Yes,No,Credit card (automatic)
2460-FPSYH,Yes,1,40,55.8,Month-to-month,DSL,No,Yes,Electronic check
9705-ZJBCG,No,0,13,54.15,One year,DSL,Yes,Yes,Bank transfer (automatic)
4818-DRBQT,Yes,1,29,80.15,Month-to-month,Fiber optic,No,No,Bank transfer (automatic)
1320-HTRDR,Yes,1,3,75.5,Month-to-month,Fiber optic,No,No,Electronic check
6847-KJLTS,No,0,58,100.4,Month-to-month,Fiber optic,Yes,No,Bank transfer (automatic)
9670-BPNXF,No,0,45,62.55,One year,DSL,Yes,Yes,Credit card (automatic)
3913-FCUUW,No,0,72,70.45,Two year,DSL,Yes,Yes,Bank transfer (automatic)
3301-VKTGC,No,0,68,85.5,One year,Fiber optic,No,Yes,Bank transfer (automatic)
1493-AMTIE,Yes,1,1,20.2,Month-to-month,No,No internet service,No internet service,Bank transfer (automatic)
9555-SAHUZ,No,0,38,54.5,Month-to-month,DSL,No,Yes,Electronic check
0816-TSPHQ,No,0,2,20.75,Month-to-month,No,No internet service,No internet service,Mailed check
9932-WBWIK,No,0,11,20.35,Month-to-month,No,No internet service,No internet service,Mailed check
4619-EVPHY,No,0,20,91.0,One year,Fiber optic,No,No,Bank transfer (automatic)
5286-YHCVC,No,0,72,104.8,Two year,Fiber optic,No,No,Bank transfer (automatic)
6424-ELEYH,Yes,1,3,74.75,Month-to-month,Fiber optic,No,No,Credit card (automatic)
4391-RESHN,Yes,1,23,104.05,Month-to-month,Fiber optic,Yes,No,Mailed check
9115-YQHGA,No,0,40,51.1,Month-to-month,DSL,Yes,No,Electronic check
4462-CYWMH,No,0,62,89.8,Month-to-month,Fiber optic,No,No,Bank transfer (automatic)
8963-MQVYN,No,0,22,20.55,Month-to-month,No,No internet service,No internet service,Electronic check
2458-EOMRE,No,0,11,64.05,Month-to-month,DSL,No,Yes,Bank transfer (automatic)
9334-GWGOW,No,0,7,74.85,Month-to-month,Fiber optic,No,No,Electronic check
6821-BUXUX,Yes,1,13,96.65,Month-to-month,Fiber optic,No,Yes,Electronic check
5028-HTLJB,Yes,1,1,20.05,Month-to-month,No,No internet service,No internet service,Mailed check
9801-GDWGV,Yes,1,39,103.45,Month-to-month,Fiber optic,No,No,Electronic check
6542-LWGXJ,No,0,3,25.0,Month-to-month,DSL,No,No,Mailed check
5567-GZKQY,No,0,58,20.3,Two year,No,No internet service,No internet service,Credit card (automatic)
1222-LRYKO,No,0,6,26.35,Month-to-month,No,No internet service,No internet service,Mailed check
2320-JRSDE,Yes,1,1,19.9,Month-to-month,No,No internet service,No internet service,Electronic check
2087-QAREY,No,0,22,54.7,Month-to-month,DSL,No,No,Mailed check
0601-WZHJF,Yes,1,14,46.35,Month-to-month,DSL,No,No,Electronic check
4423-JWZJN,No,0,64,90.25,One year,Fiber optic,No,No,Credit card (automatic)
5143-WMWOG,Yes,1,1,19.95,Month-to-month,No,No internet service,No internet service,Electronic check
6490-FGZAT,No,0,6,20.65,Month-to-month,No,No internet service,No internet service,Mailed check
5393-RXQSZ,Yes,1,1,79.6,Month-to-month,Fiber optic,No,No,Electronic check
7452-FOLON,No,0,39,25.45,One year,No,No internet service,No internet service,Bank transfer (automatic)
2320-TZRRH,No,0,20,19.5,One year,No,No internet service,No internet service,Mailed check
0231-LXVAP,Yes,1,1,75.9,Month-to-month,Fiber optic,Yes,No,Electronic check
9444-JTXHZ,Yes,1,1,76.2,Month-to-month,Fiber optic,No,No,Electronic check
4942-VZZOM,No,0,64,66.15,One year,DSL,No,Yes,Credit card (automatic)
5510-BOIUJ,Yes,1,1,19.25,Month-to-month,No,No internet service,No internet service,Mailed check
7502-BNYGS,No,0,46,69.1,Month-to-month,DSL,No,No,Credit card (automatic)
4291-HYEBC,No,0,28,39.1,One year,DSL,No,No,Electronic check
6147-CBCRA,No,0,33,20.05,Month-to-month,No,No internet service,No internet service,Mailed check
6047-SUHPR,No,0,39,59.8,One year,DSL,No,Yes,Electronic check
4471-KXAUH,Yes,1,42,84.3,Month-to-month,Fiber optic,Yes,No,Electronic check
9752-ZNQUT,No,0,1,48.6,Month-to-month,DSL,No,No,Electronic check
7638-QVMVY,Yes,1,7,79.0,Month-to-month,Fiber optic,No,No,Electronic check
1576-PFZIW,No,0,70,105.35,Two year,Fiber optic,No,Yes,Credit card (automatic)
5666-MBJPT,No,0,65,25.1,Two year,No,No internet service,No internet service,Bank transfer (automatic)
7312-XSBAT,No,0,1,49.75,Month-to-month,DSL,No,Yes,Electronic check
3096-GKWEB,No,0,18,94.75,Month-to-month,Fiber optic,No,No,Electronic check
2371-JQHZZ,No,0,24,93.0,Month-to-month,Fiber optic,No,No,Electronic check
0674-GCDXG,No,0,63,71.9,Two year,DSL,Yes,Yes,Bank transfer (automatic)
1121-QSIVB,No,0,44,77.55,One year,DSL,No,No,Mailed check
4396-KLSEH,No,0,4,19.85,Month-to-month,No,No internet service,No internet service,Electronic check
3244-DCJWY,Yes,1,1,70.25,Month-to-month,Fiber optic,No,No,Electronic check
2824-MYYBN,No,0,37,95.25,Month-to-month,Fiber optic,No,No,Electronic check
0875-CABNR,Yes,1,10,84.6,Month-to-month,Fiber optic,No,No,Credit card (automatic)
6345-HOVES,No,0,34,25.05,Month-to-month,DSL,No,No,Bank transfer (automatic)
8318-LCNBW,No,0,35,53.15,One year,DSL,No,Yes,Credit card (automatic)
6469-QJKZW,No,0,4,20.15,Month-to-month,No,No internet service,No internet service,Electronic check
0147-ESWWR,No,0,39,101.25,Month-to-month,Fiber optic,Yes,No,Electronic check
1217-VASWC,No,0,43,100.55,One year,Fiber optic,No,No,Bank transfer (automatic)
7812-FZHPE,Yes,1,17,24.1,Month-to-month,No,No internet service,No internet service,Mailed check
6370-ZVHDV,No,0,61,25.3,Two year,No,No internet service,No internet service,Bank transfer (automatic)
5915-DGNVC,No,0,49,71.8,One year,DSL,No,Yes,Electronic check
6260-XLACS,No,0,4,19.7,One year,No,No internet service,No internet service,Mailed check
3566-CAAYU,No,0,64,49.85,Two year,DSL,Yes,No,Electronic check
4983-CCWMC,No,0,3,69.6,Month-to-month,Fiber optic,No,No,Mailed check
9103-CXVOK,No,0,1,19.75,Month-to-month,No,No internet service,No internet service,Electronic check
2896-TBNBE,No,0,40,80.8,One year,Fiber optic,No,No,Electronic check
4797-AXPXK,Yes,1,1,60.0,Month-to-month,DSL,Yes,Yes,Electronic check
5229-PRWKT,Yes,1,8,86.55,Month-to-month,Fiber optic,No,No,Electronic check
6982-UQZLY,Yes,1,1,20.85,Month-to-month,No,No internet service,No internet service,Mailed check
2522-WLNSF,No,0,34,64.2,One year,DSL,Yes,No,Bank transfer (automatic)
3841-CONLJ,No,0,1,35.0,Month-to-month,DSL,No,No,Electronic check
5057-LCOUI,Yes,1,39,50.75,Month-to-month,DSL,No,No,Electronic check
0193-ESZXP,Yes,1,58,105.5,One year,Fiber optic,Yes,Yes,Credit card (automatic)
4475-NVTLU,No,0,45,19.2,Two year,No,No internet service,No internet service,Electronic check
4369-HTUIF,Yes,1,6,85.15,Month-to-month,Fiber optic,No,Yes,Bank transfer (automatic)
9386-LDCZR,No,0,43,90.65,One year,Fiber optic,Yes,Yes,Credit card (automatic)
9585-KKMFD,No,0,41,20.0,Two year,No,No internet service,No internet service,Mailed check
5399-ZIMKF,No,0,5,74.65,Month-to-month,Fiber optic,No,No,Electronic check
0336-KXKFK,No,0,72,61.2,Two year,DSL,Yes,Yes,Credit card (automatic)
5619-XZZKR,No,0,4,19.95,One year,No,No internet service,No internet service,Mailed check
3948-FVVRP,No,0,9,54.8,Month-to-month,DSL,Yes,No,Mailed check
5327-XOKKY,No,0,72,73.45,Two year,DSL,No,No,Credit card (automatic)
0983-TATYJ,No,0,33,51.45,One year,DSL,Yes,No,Mailed check
1813-JYWTO,No,0,72,80.45,Two year,Fiber optic,No,Yes,Bank transfer (automatic)
0156-FVPTA,Yes,1,22,54.2,Month-to-month,DSL,Yes,Yes,Electronic check
1984-FCOWB,Yes,1,70,109.5,One year,Fiber optic,Yes,No,Electronic check
0654-HMSHN,Yes,1,21,104.4,Month-to-month,Fiber optic,No,No,Electronic check
6719-OXYBR,No,0,15,85.3,Month-to-month,Fiber optic,No,No,Electronic check
3312-ZWLGF,No,0,29,79.3,Month-to-month,Fiber optic,Yes,No,Electronic check
6476-YHMGA,No,0,15,76.5,Month-to-month,DSL,Yes,No,Bank transfer (automatic)
5287-QWLKY,Yes,1,71,105.1,Month-to-month,Fiber optic,No,Yes,Credit card (automatic)
0795-XCCTE,No,0,72,25.4,Two year,No,No internet service,No internet service,Bank transfer (automatic)
0168-XZKBB,No,0,19,86.85,Month-to-month,Fiber optic,No,No,Electronic check
3785-NRHYR,No,0,1,19.65,Month-to-month,No,No internet service,No internet service,Mailed check
5196-SGOAK,Yes,1,1,75.7,Month-to-month,Fiber optic,No,No,Electronic check
4537-DKTAL,No,0,2,45.55,Month-to-month,DSL,No,No,Electronic check
7072-MBHEV,No,0,11,78.1,Month-to-month,Fiber optic,No,No,Credit card (automatic)
5602-BVFMK,No,0,12,19.3,One year,No,No internet service,No internet service,Mailed check
6297-NOOPG,No,0,70,110.5,Two year,Fiber optic,Yes,No,Electronic check
1891-UAWWU,Yes,1,20,90.8,Month-to-month,Fiber optic,No,No,Electronic check
8204-TIFGJ,No,0,23,20.3,Month-to-month,No,No internet service,No internet service,Bank transfer (automatic)
8050-DVOJX,No,0,49,81.35,Two year,DSL,Yes,Yes,Credit card (automatic)
6108-OQZDQ,Yes,1,4,97.95,Month-to-month,Fiber optic,No,No,Electronic check
0363-QJVFX,Yes,1,32,108.15,Month-to-month,Fiber optic,Yes,Yes,Credit card (automatic)
8903-XEBGX,No,0,2,55.3,Month-to-month,DSL,No,No,Electronic check
8169-SAEJD,No,0,69,56.55,Two year,DSL,No,Yes,Credit card (automatic)
9840-DVNDC,Yes,1,6,80.5,Month-to-month,Fiber optic,No,No,Credit card (automatic)
1089-XZWHH,No,0,24,19.7,Two year,No,No internet service,No internet service,Mailed check
2325-WINES,No,0,32,104.05,One year,Fiber optic,No,No,Credit card (automatic)
6064-ZATLR,No,0,27,52.85,Two year,DSL,No,Yes,Bank transfer (automatic)
3096-JRDSO,Yes,1,27,104.3,Month-to-month,Fiber optic,Yes,Yes,Bank transfer (automatic)
7824-PANSQ,No,0,58,80.65,Month-to-month,Fiber optic,Yes,No,Bank transfer (automatic)
8042-JVNFH,Yes,1,1,71.35,Month-to-month,Fiber optic,No,No,Mailed check
9648-BCHKM,No,0,18,24.65,Two year,No,No internet service,No internet service,Credit card (automatic)
2888-ADFAO,No,0,47,21.3,Two year,No,No internet service,No internet service,Bank transfer (automatic)
8707-HOEDG,No,0,70,110.2,Two year,Fiber optic,Yes,No,Electronic check
3374-LXDEV,Yes,1,13,89.4,Month-to-month,Fiber optic,Yes,No,Electronic check
4072-IPYLT,No,0,36,51.05,Month-to-month,DSL,No,Yes,Credit card (automatic)
7167-PCEYD,No,0,67,19.8,Two year,No,No internet service,No internet service,Mailed check
4936-YPJNK,No,0,10,19.9,Month-to-month,No,No internet service,No internet service,Mailed check
1580-BMCMR,No,0,19,87.3,Month-to-month,Fiber optic,No,Yes,Electronic check
4817-KEQSP,No,0,71,19.85,Two year,No,No internet service,No internet service,Bank transfer (automatic)
6408-WHTEF,No,0,72,89.4,Two year,DSL,Yes,Yes,Mailed check
9251-AWQGT,No,0,48,20.0,Two year,No,No internet service,No internet service,Mailed check
8749-CLJXC,No,0,1,20.05,Month-to-month,No,No internet service,No internet service,Mailed check
7989-VCQOH,No,0,18,83.25,Month-to-month,DSL,Yes,Yes,Electronic check
5049-GLYVG,Yes,1,1,20.6,Month-to-month,No,No internet service,No internet service,Mailed check
4199-QHJNM,No,0,67,102.9,Two year,Fiber optic,Yes,No,Bank transfer (automatic)
8882-TLVRW,No,0,69,39.1,Two year,DSL,Yes,Yes,Mailed check
5883-GTGVD,Yes,1,19,99.95,Month-to-month,Fiber optic,No,No,Electronic check
5135-GRQJV,No,0,72,114.5,Two year,Fiber optic,Yes,Yes,Mailed check
2384-OVPSA,No,0,38,20.2,Two year,No,No internet service,No internet service,Mailed check
1371-WEPDS,No,0,40,55.8,One year,DSL,No,No,Electronic check
3580-GICBM,No,0,61,24.2,Two year,No,No internet service,No internet service,Mailed check
4817-QRJSX,Yes,1,10,81.0,Month-to-month,Fiber optic,No,No,Credit card (automatic)
9730-DRTMJ,No,0,32,72.8,One year,DSL,Yes,Yes,Credit card (automatic)
4686-UXDML,No,0,21,99.85,Month-to-month,Fiber optic,No,No,Credit card (automatic)
3349-ANQNH,No,0,59,99.5,One year,Fiber optic,No,No,Electronic check
2398-YPMUR,Yes,1,13,70.15,Month-to-month,Fiber optic,No,No,Electronic check
0932-YIXYU,No,0,47,20.25,Two year,No,No internet service,No internet service,Credit card (automatic)
7480-SPLEF,No,0,69,26.0,Two year,No,No internet service,No internet service,Bank transfer (automatic)
7636-XUHWW,No,0,2,19.9,Month-to-month,No,No internet service,No internet service,Credit card (automatic)
1431-CYWMH,No,0,22,19.05,Month-to-month,No,No internet service,No internet service,Bank transfer (automatic)
5937-EORGB,No,0,15,96.5,Month-to-month,Fiber optic,No,Yes,Electronic check
6349-JDHQP,No,0,53,19.85,Two year,No,No internet service,No internet service,Credit card (automatic)
5539-HIVAK,No,0,28,25.7,Month-to-month,No,No internet service,No internet service,Mailed check
5847-MXBEO,No,0,22,20.3,One year,No,No internet service,No internet service,Mailed check
9985-MWVIX,Yes,1,1,70.15,Month-to-month,Fiber optic,No,No,Mailed check
4583-PARNH,No,0,16,91.55,Month-to-month,Fiber optic,Yes,No,Electronic check
1116-FRYVH,No,0,48,39.4,Two year,DSL,Yes,Yes,Mailed check
1421-HCERK,No,0,30,105.7,Month-to-month,Fiber optic,Yes,Yes,Bank transfer (automatic)
9633-XQABV,No,0,3,70.25,Month-to-month,Fiber optic,No,No,Electronic check
0716-BQNDX,No,0,57,93.75,Two year,Fiber optic,Yes,Yes,Electronic check
1265-XTECC,Yes,1,68,96.55,One year,Fiber optic,No,Yes,Credit card (automatic)
1183-CANVH,No,0,23,60.0,One year,DSL,Yes,No,Bank transfer (automatic)
1972-XMUWV,No,0,65,59.8,Two year,DSL,Yes,No,Credit card (automatic)
8679-LZBMD,No,0,44,90.65,One year,Fiber optic,No,No,Bank transfer (automatic)
3407-JMJQQ,No,0,71,109.0,Two year,Fiber optic,No,Yes,Bank transfer (automatic)
6252-DFGTK,No,0,37,68.1,One year,DSL,Yes,Yes,Credit card (automatic)
1539-LNKHM,No,0,12,20.4,Month-to-month,No,No internet service,No internet service,Mailed check
8645-KOMJQ,No,0,69,81.95,Two year,DSL,Yes,No,Bank transfer (automatic)
0289-IVARM,No,0,35,60.55,Month-to-month,DSL,No,Yes,Electronic check
9761-XUJWD,No,0,5,65.6,Month-to-month,DSL,Yes,No,Bank transfer (automatic)
4057-FKCZK,No,0,58,82.5,Two year,Fiber optic,No,No,Bank transfer (automatic)
4291-TPNFG,No,0,72,82.3,Two year,DSL,Yes,Yes,Bank transfer (automatic)
6087-YPWHO,No,0,72,68.15,Two year,DSL,Yes,Yes,Mailed check
3090-QFUVD,No,0,1,20.3,Month-to-month,No,No internet service,No internet service,Credit card (automatic)
2237-ZFSMY,Yes,1,39,95.55,One year,Fiber optic,Yes,Yes,Electronic check
1722-LDZJS,No,0,53,20.2,One year,No,No internet service,No internet service,Credit card (automatic)
1818-ESQMW,No,0,27,89.2,Month-to-month,Fiber optic,Yes,No,Electronic check
4871-JTKJF,Yes,1,1,69.65,Month-to-month,Fiber optic,No,No,Electronic check
1415-YFWLT,Yes,1,1,89.3,Month-to-month,Fiber optic,No,No,Electronic check
7401-RUBNK,No,0,18,74.8,Month-to-month,Fiber optic,No,Yes,Electronic check
0506-YLVKJ,No,0,46,20.2,Two year,No,No internet service,No internet service,Mailed check
8661-BOYNW,No,0,72,84.4,Two year,DSL,Yes,Yes,Credit card (automatic)
6711-VTNRE,Yes,1,36,87.55,Month-to-month,Fiber optic,Yes,No,Electronic check
4815-GBTCD,No,0,4,25.15,Month-to-month,DSL,No,No,Electronic check
2805-AUFQN,No,0,25,19.8,Two year,No,No internet service,No internet service,Credit card (automatic)
0980-PVMRC,No,0,40,50.85,Month-to-month,DSL,No,No,Electronic check
7233-DRTRF,No,0,63,102.4,Month-to-month,Fiber optic,No,No,Electronic check
3500-RMZLT,Yes,1,15,96.3,Month-to-month,Fiber optic,Yes,Yes,Mailed check
3873-NFTGI,No,0,14,55.5,Month-to-month,DSL,No,No,Credit card (automatic)
1162-ECVII,No,0,72,109.75,Two year,Fiber optic,Yes,No,Bank transfer (automatic)
7048-GXDAY,No,0,39,106.4,Month-to-month,Fiber optic,No,Yes,Electronic check
8571-ZCMCX,No,0,47,60.0,Two year,DSL,No,Yes,Credit card (automatic)
1169-WCVAK,No,0,19,88.8,Month-to-month,Fiber optic,Yes,Yes,Credit card (automatic)
4548-SDBKE,Yes,1,5,85.2,Month-to-month,Fiber optic,No,No,Electronic check
8066-POXGX,Yes,1,13,35.1,Month-to-month,DSL,No,No,Electronic check
7129-CAKJW,No,0,17,80.05,Month-to-month,Fiber optic,No,No,Bank transfer (automatic)
8695-ARGXZ,No,0,34,75.55,Month-to-month,Fiber optic,No,No,Electronic check
3570-YUEKJ,No,0,42,49.55,Month-to-month,DSL,No,No,Electronic check
4143-OOBWZ,Yes,1,5,81.3,Month-to-month,Fiber optic,No,No,Electronic check
1555-HAPSU,No,0,71,23.9,Two year,No,No internet service,No internet service,Credit card (automatic)
1697-NVVGY,No,0,19,66.4,Month-to-month,DSL,No,Yes,Bank transfer (automatic)
7854-EKTJL,Yes,1,2,19.6,Month-to-month,No,No internet service,No internet service,Electronic check
8464-EETCQ,No,0,57,18.8,Two year,No,No internet service,No internet service,Credit card (automatic)
2419-FSORS,No,0,72,108.4,Two year,Fiber optic,Yes,No,Electronic check
8132-YPVBX,No,0,6,85.95,Month-to-month,Fiber optic,No,No,Mailed check
9102-IAYHT,Yes,1,17,85.45,Month-to-month,Fiber optic,No,No,Electronic check
6754-LZUKA,No,0,61,80.9,Two year,DSL,No,No,Bank transfer (automatic)
3422-LYEPQ,Yes,1,1,71.0,Month-to-month,Fiber optic,No,No,Electronic check
8099-MZPUJ,No,0,48,111.8,Two year,Fiber optic,Yes,Yes,Credit card (automatic)
0787-LHDYT,No,0,16,20.6,Month-to-month,No,No internet service,No internet service,Credit card (automatic)
2642-DTVCO,Yes,1,9,85.05,Month-to-month,Fiber optic,No,No,Electronic check
0374-IOEGQ,No,0,3,44.6,Month-to-month,DSL,No,No,Electronic check
4361-JEIVL,Yes,1,1,44.4,Month-to-month,DSL,No,No,Electronic check
3197-NNYNB,No,0,65,105.1,Two year,Fiber optic,No,No,Credit card (automatic)
3396-DKDEL,No,0,70,115.15,Two year,Fiber optic,Yes,Yes,Credit card (automatic)
1752-OZXFY,No,0,60,59.8,One year,DSL,No,Yes,Mailed check
9066-QRSDU,No,0,69,26.3,One year,No,No internet service,No internet service,Electronic check
9112-WSNPU,No,0,35,70.55,Month-to-month,Fiber optic,No,No,Electronic check
9867-NNXLC,No,0,22,20.05,Month-to-month,No,No internet service,No internet service,Mailed check
5321-NTRKC,No,0,66,79.85,Two year,DSL,No,No,Bank transfer (automatic)
1363-TXLSL,Yes,1,1,70.3,Month-to-month,Fiber optic,No,No,Electronic check
9507-EXLTT,Yes,1,1,79.35,Month-to-month,Fiber optic,No,No,Bank transfer (automatic)
3161-GETRM,No,0,34,90.05,Month-to-month,Fiber optic,No,No,Credit card (automatic)
0402-OAMEN,No,0,72,24.45,Two year,No,No internet service,No internet service,Bank transfer (automatic)
6933-VLYFX,No,0,31,59.95,One year,DSL,Yes,Yes,Electronic check
6754-WKSHP,No,0,30,25.35,One year,No,No internet service,No internet service,Bank transfer (automatic)
9846-GKXAS,Yes,1,9,90.8,Month-to-month,Fiber optic,No,No,Bank transfer (automatic)
6017-PPLPX,Yes,1,20,70.45,Month-to-month,Fiber optic,No,No,Electronic check
4976-LNFVV,No,0,19,34.3,Month-to-month,DSL,No,No,Credit card (automatic)
5055-MGMGF,No,0,65,105.05,Month-to-month,Fiber optic,No,Yes,Electronic check
4641-FROLU,No,0,30,19.3,Two year,No,No internet service,No internet service,Mailed check
2862-JVEOY,No,0,6,19.15,One year,No,No internet service,No internet service,Mailed check
2969-QWUBZ,No,0,2,51.4,Month-to-month,DSL,No,No,Electronic check
9822-BIIGN,No,0,53,71.85,Month-to-month,DSL,Yes,Yes,Electronic check
2077-MPJQO,No,0,7,75.4,Month-to-month,Fiber optic,No,No,Electronic check
1534-OULXE,No,0,61,49.7,One year,DSL,No,Yes,Bank transfer (automatic)
7136-RVDTZ,Yes,1,70,45.25,One year,DSL,No,No,Electronic check
2971-SGAFL,No,0,13,78.75,Month-to-month,DSL,No,Yes,Electronic check
1480-IVEVR,No,0,35,81.6,One year,Fiber optic,No,No,Bank transfer (automatic)
2905-KFQUV,No,0,2,70.4,Month-to-month,Fiber optic,No,No,Credit card (automatic)
4581-SSPWD,Yes,1,3,75.8,Month-to-month,Fiber optic,No,No,Electronic check
3370-HXOPH,No,0,3,76.1,Month-to-month,Fiber optic,No,No,Electronic check
9391-YZEJW,No,0,62,94.0,One year,Fiber optic,No,No,Bank transfer (automatic)
9958-MEKUC,No,0,72,103.95,Two year,Fiber optic,Yes,Yes,Credit card (automatic)
0281-CNTZX,No,0,63,19.95,Two year,No,No internet service,No internet service,Bank transfer (automatic)
6927-WTFIV,Yes,1,20,71.3,Month-to-month,Fiber optic,No,No,Credit card (automatic)
4118-CEVPF,No,0,35,110.8,One year,Fiber optic,Yes,Yes,Bank transfer (automatic)
3398-ZOUAA,Yes,1,21,69.1,Month-to-month,Fiber optic,No,No,Electronic check
9114-VEPUF,No,0,62,96.1,One year,Fiber optic,No,Yes,Electronic check
7876-BEUTG,No,0,15,48.8,Month-to-month,DSL,No,No,Mailed check
2338-BQEZT,No,0,55,50.55,Month-to-month,DSL,No,Yes,Credit card (automatic)
9873-MNDKV,No,0,11,44.65,Month-to-month,DSL,No,No,Mailed check
0378-NHQXU,Yes,1,17,88.25,Month-to-month,Fiber optic,No,No,Electronic check
8241-JUIQO,No,0,61,19.45,One year,No,No internet service,No internet service,Bank transfer (automatic)
2194-IIQOF,No,0,71,89.3,Two year,DSL,Yes,Yes,Credit card (automatic)
4512-ZUIYL,Yes,1,2,70.0,Month-to-month,Fiber optic,No,No,Bank transfer (automatic)
9631-RXVJM,No,0,35,19.25,Two year,No,No internet service,No internet service,Mailed check
9584-EXCDZ,No,0,17,70.5,Month-to-month,Fiber optic,No,No,Bank transfer (automatic)
7969-AULMZ,Yes,1,21,97.35,Month-to-month,Fiber optic,No,No,Electronic check
5093-FEGLU,No,0,47,19.65,Two year,No,No internet service,No internet service,Bank transfer (automatic)
2621-UDNLU,No,0,3,20.85,Month-to-month,No,No internet service,No internet service,Mailed check
7526-IVLYU,No,0,3,19.65,Month-to-month,No,No internet service,No internet service,Mailed check
2428-HYUNX,No,0,44,19.35,Two year,No,No internet service,No internet service,Credit card (automatic)
9214-EKVXR,No,0,1,44.0,Month-to-month,DSL,No,No,Mailed check
3410-MHHUM,No,0,44,94.4,One year,Fiber optic,No,No,Electronic check
0568-ONFPC,Yes,1,5,25.9,Month-to-month,No,No internet service,No internet service,Bank transfer (automatic)
0733-VUNUW,Yes,1,24,55.65,Month-to-month,DSL,No,Yes,Bank transfer (automatic)
4550-EVXNY,Yes,1,1,69.65,Month-to-month,Fiber optic,No,No,Electronic check
2122-YWVYA,No,0,18,75.4,Month-to-month,Fiber optic,No,Yes,Electronic check
2968-SSGAA,Yes,1,10,100.6,Month-to-month,Fiber optic,No,No,Electronic check
2296-DKZFP,No,0,65,71.0,Two year,DSL,No,Yes,Bank transfer (automatic)
4844-JJWUY,Yes,1,1,86.0,Month-to-month,Fiber optic,No,No,Electronic check
6777-TGHTM,Yes,1,53,106.95,One year,Fiber optic,No,Yes,Credit card (automatic)
8909-BOLNL,No,0,3,21.2,One year,No,No internet service,No internet service,Mailed check
6603-YRDCJ,No,0,33,61.05,Two year,DSL,Yes,Yes,Mailed check
3538-WZPHD,Yes,1,3,29.6,Month-to-month,DSL,No,No,Electronic check
3229-USWAR,No,0,34,79.95,One year,DSL,Yes,Yes,Bank transfer (automatic)
2138-VFAPZ,No,0,14,19.7,Two year,No,No internet service,No internet service,Mailed check
6131-JLWZM,No,0,13,20.3,Month-to-month,No,No internet service,No internet service,Mailed check
4785-QRJHC,Yes,1,46,59.9,One year,DSL,Yes,No,Bank transfer (automatic)
0269-XFESX,No,0,23,24.35,One year,No,No internet service,No internet service,Mailed check
1709-EJDOX,No,0,47,19.75,Two year,No,No internet service,No internet service,Mailed check
4316-XCSLJ,No,0,17,50.3,Month-to-month,DSL,No,Yes,Mailed check
8610-WFCJF,Yes,1,49,95.6,Month-to-month,Fiber optic,No,No,Electronic check
9693-XMUOB,No,0,59,50.25,Month-to-month,DSL,No,No,Electronic check
0383-CLDDA,No,0,69,85.35,Two year,DSL,Yes,Yes,Credit card (automatic)
4905-JEFDW,Yes,1,11,41.6,One year,DSL,No,No,Electronic check
2709-UQGNP,No,0,10,51.65,Month-to-month,DSL,No,Yes,Mailed check
3549-ZTMNH,No,0,12,24.0,Two year,No,No internet service,No internet service,Bank transfer (automatic)
7881-INRLC,Yes,1,45,100.85,Month-to-month,Fiber optic,No,No,Credit card (automatic)
8033-ATFAS,No,0,39,59.85,Month-to-month,DSL,No,No,Mailed check
1635-NZATJ,No,0,71,25.45,Two year,No,No internet service,No internet service,Credit card (automatic)
0562-HKHML,No,0,71,23.9,Two year,No,No internet service,No internet service,Credit card (automatic)
8277-RVRSV,No,0,33,24.15,One year,No,No internet service,No internet service,Credit card (automatic)
9943-VSZUV,No,0,67,75.7,Month-to-month,Fiber optic,No,No,Mailed check
0117-LFRMW,Yes,1,37,40.2,Month-to-month,DSL,No,Yes,Bank transfer (automatic)
6172-FECYY,Yes,1,49,84.5,Month-to-month,Fiber optic,No,No,Electronic check
7054-ENNGU,No,0,9,50.85,Month-to-month,DSL,No,No,Mailed check
1455-HFBXA,No,0,52,91.6,Two year,Fiber optic,Yes,Yes,Credit card (automatic)
9402-CXWPL,No,0,70,98.9,One year,Fiber optic,No,No,Electronic check
1628-BIZYP,No,0,1,85.0,Month-to-month,Fiber optic,No,No,Electronic check
1965-AKTSX,Yes,1,14,78.95,Month-to-month,Fiber optic,No,No,Electronic check
0082-LDZUE,No,0,1,44.3,Month-to-month,DSL,No,No,Mailed check
4786-UKSNZ,Yes,1,1,20.2,Month-to-month,No,No internet service,No internet service,Mailed check
5343-SGUBI,No,0,52,80.2,One year,Fiber optic,No,No,Mailed check
0856-NAOES,No,0,6,60.9,Month-to-month,DSL,No,No,Mailed check
1976-AZZPJ,No,0,7,34.2,Month-to-month,DSL,No,Yes,Mailed check
7248-VZQLC,Yes,1,47,85.2,Month-to-month,Fiber optic,No,No,Bank transfer (automatic)
6156-UZDLF,No,0,26,87.15,One year,Fiber optic,Yes,Yes,Credit card (automatic)
3099-OONVS,No,0,25,54.3,Month-to-month,DSL,Yes,Yes,Electronic check
9500-WBGRP,No,0,69,19.1,Two year,No,No internet service,No internet service,Mailed check
5183-KLYEM,No,0,72,112.75,Two year,Fiber optic,Yes,Yes,Credit card (automatic)
5144-PQCDZ,No,0,4,19.95,Month-to-month,No,No internet service,No internet service,Mailed check
8514-VZHEB,No,0,59,19.5,Two year,No,No internet service,No internet service,Mailed check
6625-IUTTT,No,0,67,65.55,Two year,DSL,No,Yes,Bank transfer (automatic)
9355-NPPFS,No,0,26,78.8,Month-to-month,Fiber optic,No,No,Electronic check
0068-FIGTF,No,0,27,78.2,One year,DSL,Yes,No,Mailed check
5965-GGPRW,No,0,72,105.25,Two year,Fiber optic,No,Yes,Bank transfer (automatic)
8035-PWSEV,No,0,6,89.25,Month-to-month,Fiber optic,Yes,No,Electronic check
2236-HILPA,No,0,62,20.65,Two year,No,No internet service,No internet service,Credit card (automatic)
1840-BIUOG,No,0,20,68.7,One year,DSL,Yes,No,Electronic check
1356-MKYSK,No,0,6,78.65,Month-to-month,DSL,Yes,Yes,Credit card (automatic)
6080-LNESI,No,0,51,24.75,Two year,No,No internet service,No internet service,Mailed check
1830-IPXVJ,No,0,61,19.75,Two year,No,No internet service,No internet service,Credit card (automatic)
5828-DWPIL,No,0,62,89.1,Month-to-month,Fiber optic,No,Yes,Electronic check
8398-TBIYD,No,0,72,84.7,Two year,Fiber optic,Yes,Yes,Bank transfer (automatic)
0011-IGKFF,Yes,1,13,98.0,Month-to-month,Fiber optic,No,No,Electronic check
4192-GORJT,Yes,1,5,94.45,Month-to-month,Fiber optic,No,No,Electronic check
6496-SLWHQ,Yes,1,3,105.0,Month-to-month,Fiber optic,No,No,Electronic check
9912-GVSEQ,Yes,1,26,93.85,Month-to-month,Fiber optic,No,No,Electronic check
2931-FSOHN,No,0,13,59.9,Month-to-month,DSL,No,No,Electronic check
9418-RUKPH,No,0,38,19.95,Two year,No,No internet service,No internet service,Mailed check
5383-MMTWC,Yes,1,8,84.0,Month-to-month,Fiber optic,No,No,Electronic check
9971-ZWPBF,No,0,34,108.9,Month-to-month,Fiber optic,Yes,No,Electronic check
4712-AUQZO,No,0,18,33.6,Month-to-month,DSL,No,Yes,Mailed check
9711-FJTBX,No,0,56,85.85,One year,Fiber optic,Yes,No,Mailed check
2908-ZTPNF,No,0,36,34.85,Month-to-month,DSL,Yes,No,Bank transfer (automatic)
7240-ETPTR,Yes,1,9,48.75,Month-to-month,DSL,No,No,Electronic check
2202-CUYXZ,Yes,1,1,84.85,Month-to-month,Fiber optic,No,No,Electronic check
5995-OIGLP,Yes,1,12,56.65,Month-to-month,DSL,Yes,Yes,Mailed check
8421-WZOOW,No,0,57,95.3,Month-to-month,Fiber optic,Yes,No,Credit card (automatic)
6261-RCVNS,Yes,1,42,73.9,One year,DSL,Yes,Yes,Credit card (automatic)
7951-QKZPL,Yes,1,33,24.5,Two year,No,No internet service,No internet service,Mailed check
1414-YADCW,No,0,70,84.6,Two year,Fiber optic,Yes,Yes,Bank transfer (automatic)
8756-RDDLT,No,0,68,44.95,Month-to-month,DSL,Yes,No,Electronic check
2862-PFNIK,No,0,1,24.7,Month-to-month,DSL,No,No,Electronic check
5816-QVHRX,No,0,37,100.3,Month-to-month,Fiber optic,Yes,No,Credit card (automatic)
4430-YHXGG,No,0,4,25.45,Month-to-month,No,No internet service,No internet service,Mailed check
6888-SBYAI,No,0,1,50.7,Month-to-month,DSL,No,Yes,Mailed check
7395-XWZOY,No,0,20,55.0,Month-to-month,DSL,Yes,Yes,Credit card (automatic)
7169-YWAMK,No,0,72,68.4,Two year,DSL,Yes,Yes,Bank transfer (automatic)
3640-PHQXK,Yes,1,31,89.9,Month-to-month,Fiber optic,No,No,Electronic check
6877-LGWXO,Yes,1,18,78.55,Month-to-month,Fiber optic,No,No,Electronic check
6859-RKMZJ,No,0,11,55.05,Month-to-month,DSL,No,No,Bank transfer (automatic)
2729-VNVAP,No,0,33,19.8,Two year,No,No internet service,No internet service,Credit card (automatic)
2957-JIRMN,No,0,62,84.45,One year,Fiber optic,No,No,Electronic check
2049-BAFNW,No,0,1,35.9,Month-to-month,DSL,Yes,No,Mailed check
3842-QTGDL,No,0,16,80.75,Month-to-month,Fiber optic,No,Yes,Bank transfer (automatic)
7163-OCEQI,No,0,22,78.65,One year,DSL,Yes,No,Mailed check
9782-LGXMC,No,0,49,61.75,Month-to-month,DSL,Yes,Yes,Bank transfer (automatic)
5975-BAICR,No,0,36,63.7,One year,DSL,No,Yes,Credit card (automatic)
8019-ENHXU,Yes,1,42,99.45,Month-to-month,Fiber optic,Yes,No,Electronic check
5167-GBFRE,Yes,1,4,25.2,Month-to-month,DSL,No,No,Bank transfer (automatic)
9033-EOXWV,Yes,1,12,74.05,One year,DSL,Yes,No,Mailed check
4673-KKSLS,No,0,31,87.6,Month-to-month,Fiber optic,Yes,Yes,Electronic check
4853-OITSN,No,0,5,89.15,Month-to-month,Fiber optic,No,Yes,Electronic check
9800-OUIGR,No,0,66,20.0,Two year,No,No internet service,No internet service,Credit card (automatic)
1324-NLTJE,Yes,1,15,55.0,Month-to-month,DSL,Yes,No,Credit card (automatic)
2324-EFHVG,No,0,64,104.4,Two year,Fiber optic,No,No,Bank transfer (automatic)
7094-MSZAO,No,0,10,20.05,Month-to-month,No,No internet service,No internet service,Credit card (automatic)
1522-VVDMG,Yes,1,7,89.75,Month-to-month,Fiber optic,Yes,No,Electronic check
6907-CQGPN,No,0,29,34.3,Month-to-month,DSL,Yes,No,Electronic check
0780-XNZFN,No,0,57,20.65,Two year,No,No internet service,No internet service,Bank transfer (automatic)
0239-OXEXL,No,0,46,84.25,Month-to-month,Fiber optic,No,Yes,Mailed check
2675-IJRGJ,No,0,53,19.65,Two year,No,No internet service,No internet service,Bank transfer (automatic)
7049-GKVZY,No,0,17,79.85,One year,DSL,Yes,Yes,Credit card (automatic)
8577-QSOCG,No,0,38,20.2,Two year,No,No internet service,No internet service,Mailed check
3721-CNZHX,No,0,15,19.8,One year,No,No internet service,No internet service,Mailed check
0212-ISBBF,No,0,22,50.35,Month-to-month,DSL,No,No,Electronic check
9185-TQCVP,Yes,1,14,85.15,Month-to-month,Fiber optic,No,No,Electronic check
3585-YNADK,No,0,57,74.6,One year,DSL,Yes,No,Bank transfer (automatic)
5271-DBYSJ,No,0,11,79.15,Month-to-month,Fiber optic,No,No,Credit card (automatic)
1099-GODLO,No,0,1,20.35,Two year,No,No internet service,No internet service,Mailed check
6828-HMKWP,No,0,12,21.05,Two year,No,No internet service,No internet service,Bank transfer (automatic)
5567-WSELE,Yes,1,3,94.6,Month-to-month,Fiber optic,No,No,Electronic check
1472-TNCWL,No,0,36,94.7,Month-to-month,Fiber optic,No,No,Electronic check
8063-RJYNF,Yes,1,16,94.25,Month-to-month,Fiber optic,No,Yes,Electronic check
0687-ZVTHB,Yes,1,65,72.45,One year,DSL,No,Yes,Credit card (automatic)
2080-GKCWQ,No,0,2,74.95,Month-to-month,Fiber optic,No,No,Electronic check
9661-ACXBS,Yes,1,42,105.2,Month-to-month,Fiber optic,No,Yes,Electronic check
2193-SFWQW,No,0,72,111.95,Two year,Fiber optic,Yes,Yes,Bank transfer (automatic)
5656-JAMLX,No,0,62,19.85,Two year,No,No internet service,No internet service,Bank transfer (automatic)
3462-BJQQA,No,0,6,89.75,Month-to-month,Fiber optic,No,No,Electronic check
0442-TDYUO,No,0,48,20.05,Two year,No,No internet service,No internet service,Mailed check
6733-LRIZX,No,0,35,108.95,Two year,Fiber optic,Yes,Yes,Electronic check
9503-XJUME,No,0,52,19.65,One year,No,No internet service,No internet service,Credit card (automatic)
4367-NHWMM,No,0,1,24.9,Month-to-month,DSL,No,No,Mailed check
3727-RJMEO,Yes,1,6,82.85,Month-to-month,Fiber optic,No,No,Electronic check
3779-OSWCF,No,0,71,93.2,Two year,DSL,Yes,Yes,Credit card (automatic)
6736-DHUQI,No,0,67,84.8,One year,Fiber optic,No,Yes,Bank transfer (automatic)
3915-ODIYG,No,0,60,71.75,One year,DSL,No,Yes,Electronic check
1360-RCYRT,No,0,23,30.35,Month-to-month,DSL,Yes,No,Bank transfer (automatic)
2724-FJDYW,No,0,39,54.85,One year,DSL,Yes,No,Bank transfer (automatic)
4451-RWASJ,No,0,15,19.5,One year,No,No internet service,No internet service,Mailed check
6646-VRFOL,Yes,1,53,103.85,Month-to-month,Fiber optic,No,No,Electronic check
3460-TJBWI,No,0,24,24.2,Two year,No,No internet service,No internet service,Mailed check
5917-HBSDW,No,0,37,19.35,Month-to-month,No,No internet service,No internet service,Electronic check
5685-IIXLY,Yes,1,5,83.6,Month-to-month,Fiber optic,No,No,Electronic check
5671-UUNXD,No,0,50,100.65,One year,Fiber optic,Yes,No,Electronic check
0956-ACVZC,No,0,54,94.1,One year,Fiber optic,No,No,Credit card (automatic)
2325-NBPZG,No,0,3,74.55,Month-to-month,Fiber optic,No,Yes,Electronic check
4250-ZBWLV,Yes,1,68,108.45,One year,Fiber optic,Yes,No,Electronic check
4482-FTFFX,No,0,5,56.15,Month-to-month,DSL,Yes,No,Electronic check
8859-DZTGQ,No,0,33,20.35,Two year,No,No internet service,No internet service,Mailed check
0440-MOGPM,No,0,41,80.55,One year,DSL,No,No,Electronic check
0020-JDNXP,No,0,34,61.25,One year,DSL,Yes,Yes,Mailed check
3752-CQSJI,No,0,13,20.45,Month-to-month,No,No internet service,No internet service,Mailed check
5025-GOOKI,No,0,20,18.9,Month-to-month,No,No internet service,No internet service,Credit card (automatic)
4698-KVLLG,No,0,51,19.6,Two year,No,No internet service,No internet service,Credit card (automatic)
5095-AESKG,Yes,1,3,91.5,Month-to-month,Fiber optic,No,No,Credit card (automatic)
2887-JPYLU,No,0,41,45.2,Month-to-month,DSL,No,No,Bank transfer (automatic)
4770-QAZXN,No,0,13,19.45,Month-to-month,No,No internet service,No internet service,Credit card (automatic)
4896-CPRPF,No,0,35,25.45,Two year,No,No internet service,No internet service,Bank transfer (automatic)
1871-MOWRM,Yes,1,12,80.85,Month-to-month,Fiber optic,Yes,Yes,Bank transfer (automatic)
9714-EDSUC,No,0,4,94.9,Month-to-month,Fiber optic,Yes,Yes,Mailed check
2027-OAQQC,Yes,1,43,49.05,Month-to-month,DSL,No,No,Bank transfer (automatic)
0282-NVSJS,No,0,12,29.3,Month-to-month,DSL,Yes,No,Mailed check
9090-SGQXL,Yes,1,68,105.3,Month-to-month,Fiber optic,No,No,Electronic check
6595-YGXIT,Yes,1,25,88.95,Month-to-month,Fiber optic,No,No,Electronic check
7353-YOWFP,No,0,7,20.25,One year,No,No internet service,No internet service,Mailed check
9835-ZIITK,Yes,1,66,110.85,One year,Fiber optic,Yes,No,Electronic check
8008-ESFLK,No,0,53,110.5,One year,Fiber optic,Yes,Yes,Electronic check
7537-CBQUZ,No,0,63,109.4,Month-to-month,Fiber optic,No,Yes,Bank transfer (automatic)
1555-DJEQW,Yes,1,70,114.2,Two year,Fiber optic,Yes,Yes,Bank transfer (automatic)
5649-TJHOV,Yes,1,27,36.5,Month-to-month,DSL,No,No,Bank transfer (automatic)
0519-XUZJU,Yes,1,1,70.75,Month-to-month,Fiber optic,No,No,Mailed check
3363-EWLGO,No,0,5,19.95,Month-to-month,No,No internet service,No internet service,Mailed check
4750-UKWJK,No,0,37,19.6,One year,No,No internet service,No internet service,Mailed check
6338-AVWCY,Yes,1,3,40.15,Month-to-month,DSL,No,No,Mailed check
1689-YQBYY,No,0,12,76.6,Month-to-month,Fiber optic,No,No,Electronic check
4487-ZYJZK,No,0,38,19.6,One year,No,No internet service,No internet service,Credit card (automatic)
2959-FENLU,No,0,9,85.3,Month-to-month,Fiber optic,No,No,Credit card (automatic)
0708-LGSMF,No,0,13,65.85,Month-to-month,DSL,No,Yes,Electronic check
9253-QXKBE,Yes,1,29,94.45,Month-to-month,Fiber optic,No,No,Electronic check
7634-HLQJR,No,0,47,20.05,Two year,No,No internet service,No internet service,Credit card (automatic)
0487-RPVUM,No,0,61,99.4,Month-to-month,Fiber optic,Yes,Yes,Bank transfer (automatic)
4079-ULGFR,No,0,16,20.0,Month-to-month,No,No internet service,No internet service,Mailed check
2516-XSJKX,No,0,41,78.45,Two year,DSL,Yes,Yes,Electronic check
0057-QBUQH,No,0,43,25.1,Two year,No,No internet service,No internet service,Electronic check
9445-SZLCH,Yes,1,36,97.35,Month-to-month,Fiber optic,No,No,Bank transfer (automatic)
6599-SFQVE,No,0,6,55.0,Month-to-month,DSL,No,No,Electronic check
8331-ZXFOE,No,0,58,71.1,One year,DSL,Yes,Yes,Credit card (automatic)
4003-FUSHP,No,0,19,61.55,Month-to-month,DSL,Yes,No,Credit card (automatic)
0356-ERHVT,No,0,11,45.9,Month-to-month,DSL,No,No,Bank transfer (automatic)
7325-ENZFI,No,0,39,40.3,One year,DSL,Yes,Yes,Bank transfer (automatic)
4884-ZTHVF,No,0,8,87.1,Month-to-month,Fiber optic,No,No,Electronic check
3920-HIHMQ,No,0,26,49.5,Month-to-month,DSL,No,No,Mailed check
3055-OYMSE,No,0,53,73.8,Month-to-month,Fiber optic,No,No,Credit card (automatic)
0613-WUXUM,No,0,70,19.2,Two year,No,No internet service,No internet service,Mailed check
7568-PODML,Yes,1,1,45.3,Month-to-month,DSL,No,No,Mailed check
4458-KVRBJ,No,0,59,25.0,Two year,No,No internet service,No internet service,Mailed check
5349-IECLD,Yes,1,2,94.95,Month-to-month,Fiber optic,No,No,Electronic check
1397-XKKWR,No,0,7,35.3,One year,DSL,No,Yes,Mailed check
3945-GFWQL,Yes,1,12,44.55,Month-to-month,DSL,No,No,Electronic check
8097-OMULG,No,0,59,76.75,One year,DSL,Yes,No,Credit card (automatic)
6013-BHCAW,No,0,61,81.0,Two year,DSL,Yes,No,Bank transfer (automatic)
0401-WDBXM,No,0,72,105.55,Two year,Fiber optic,No,Yes,Bank transfer (automatic)
3387-PLKUI,No,0,13,18.8,Month-to-month,No,No internet service,No internet service,Mailed check
6096-EGVTU,No,0,64,24.9,One year,No,No internet service,No internet service,Mailed check
3797-VTIDR,Yes,1,1,23.45,Month-to-month,DSL,No,No,Electronic check
5081-NWSUP,No,0,10,64.9,One year,DSL,Yes,No,Mailed check
2580-ATZSQ,No,0,65,61.35,One year,DSL,No,Yes,Bank transfer (automatic)
8085-MSNLK,No,0,62,113.95,Two year,Fiber optic,Yes,Yes,Mailed check
9691-HKOVS,No,0,55,90.15,One year,DSL,Yes,Yes,Electronic check
9881-VCZEP,No,0,25,54.1,Month-to-month,DSL,No,No,Electronic check
9526-BIHHD,Yes,1,1,29.7,Month-to-month,DSL,No,Yes,Mailed check
8757-TFHHJ,No,0,1,49.8,Month-to-month,DSL,No,Yes,Credit card (automatic)
4523-WXCEF,Yes,1,59,101.1,Month-to-month,Fiber optic,No,No,Electronic check
1468-DEFNC,No,0,64,24.4,Two year,No,No internet service,No internet service,Bank transfer (automatic)
5119-KEPFY,No,0,36,95.0,Month-to-month,Fiber optic,No,No,Bank transfer (automatic)
8364-TRMMK,Yes,1,3,50.65,Month-to-month,DSL,No,No,Mailed check
0916-KNFAJ,No,0,61,69.9,Two year,DSL,No,Yes,Mailed check
8319-QBEHW,No,0,26,39.95,One year,DSL,No,No,Bank transfer (automatic)
3063-QFSZL,Yes,1,1,55.4,Month-to-month,DSL,No,No,Electronic check
8775-LHDJH,Yes,1,1,90.6,Month-to-month,Fiber optic,No,No,Electronic check
9625-QNLUX,No,0,68,103.25,Two year,Fiber optic,No,Yes,Credit card (automatic)
3097-NQYSN,Yes,1,2,86.85,Month-to-month,Fiber optic,No,No,Mailed check
4024-CSNBY,No,0,72,94.25,Two year,Fiber optic,Yes,Yes,Bank transfer (automatic)
7110-BDTWG,No,0,71,47.05,Two year,DSL,Yes,No,Electronic check
7493-GVFIO,No,0,57,20.55,Two year,No,No internet service,No internet service,Credit card (automatic)
0690-SRQID,No,0,4,19.65,Month-to-month,No,No internet service,No internet service,Mailed check
9605-WGJVW,No,0,1,70.2,Month-to-month,Fiber optic,No,No,Electronic check
9114-DPSIA,No,0,72,81.0,Two year,DSL,Yes,Yes,Credit card (automatic)
4700-UBQMV,No,0,21,75.9,One year,DSL,No,Yes,Bank transfer (automatic)
7711-GQBZC,No,0,71,24.7,Two year,No,No internet service,No internet service,Bank transfer (automatic)
3565-UNOCC,Yes,1,29,99.05,Month-to-month,Fiber optic,No,No,Bank transfer (automatic)
4627-MIHJH,No,0,69,110.25,Two year,Fiber optic,Yes,Yes,Credit card (automatic)
9795-NREXC,No,0,64,85.0,Two year,DSL,Yes,Yes,Credit card (automatic)
8573-CGOCC,No,0,16,19.75,Month-to-month,No,No internet service,No internet service,Credit card (automatic)
7356-AYNJP,No,0,4,23.9,One year,No,No internet service,No internet service,Electronic check
9249-FXSCK,Yes,1,52,111.25,One year,Fiber optic,Yes,Yes,Credit card (automatic)
5493-SDRDQ,Yes,1,2,55.1,Month-to-month,DSL,No,Yes,Mailed check
6286-SUUWT,No,0,1,19.95,Month-to-month,No,No internet service,No internet service,Mailed check
4819-HJPIW,No,0,18,25.15,Month-to-month,DSL,No,No,Mailed check
8654-DHAOW,No,0,2,54.15,Month-to-month,DSL,No,No,Mailed check
5438-QMDDL,No,0,19,59.8,Month-to-month,DSL,No,No,Mailed check
9812-GHVRI,No,0,40,83.85,Month-to-month,Fiber optic,No,No,Bank transfer (automatic)
5553-AOINX,No,0,66,104.9,One year,Fiber optic,No,No,Electronic check
1228-ZLNBX,No,0,21,75.3,Month-to-month,Fiber optic,No,No,Mailed check
4226-KKDON,No,0,8,66.65,Month-to-month,DSL,Yes,No,Electronic check
3831-YCPUO,No,0,72,109.5,Two year,Fiber optic,Yes,Yes,Credit card (automatic)
7445-WMRBW,No,0,48,73.85,One year,DSL,Yes,No,Bank transfer (automatic)
3308-DGHKL,No,0,69,19.3,Two year,No,No internet service,No internet service,Bank transfer (automatic)
9924-JPRMC,No,0,72,118.2,Two year,Fiber optic,Yes,Yes,Electronic check
0080-EMYVY,No,0,14,51.45,One year,DSL,No,No,Credit card (automatic)
6218-KNUBD,No,0,6,59.45,Month-to-month,DSL,No,No,Electronic check
7337-CINUD,No,0,8,19.5,Two year,No,No internet service,No internet service,Bank transfer (automatic)
7609-NRNCA,No,0,17,19.55,One year,No,No internet service,No internet service,Mailed check
0623-EJQEG,No,0,65,93.55,One year,Fiber optic,Yes,Yes,Electronic check
7153-CHRBV,No,0,57,59.3,One year,DSL,Yes,Yes,Mailed check
0871-URUWO,Yes,1,13,102.25,Month-to-month,Fiber optic,No,No,Credit card (automatic)
9190-MFJLN,Yes,1,19,95.9,Month-to-month,Fiber optic,No,No,Credit card (automatic)
6198-PNNSZ,No,0,56,109.8,One year,Fiber optic,No,Yes,Bank transfer (automatic)
3317-VLGQT,No,0,14,78.1,Month-to-month,Fiber optic,No,No,Electronic check
4132-POCZS,No,0,52,39.9,Month-to-month,DSL,No,Yes,Electronic check
5614-DNZCE,No,0,58,64.9,Two year,DSL,Yes,Yes,Credit card (automatic)
1095-JUDTC,Yes,1,47,95.05,Month-to-month,Fiber optic,Yes,No,Electronic check
3896-RCYYE,No,0,67,53.4,Month-to-month,DSL,Yes,No,Credit card (automatic)
9638-JIQYA,No,0,2,24.9,Month-to-month,DSL,No,No,Credit card (automatic)
3258-SANFR,No,0,6,44.7,Month-to-month,DSL,No,No,Credit card (automatic)
3726-TBHQT,No,0,71,114.0,Two year,Fiber optic,Yes,Yes,Bank transfer (automatic)
3190-ITQXP,No,0,46,20.25,Two year,No,No internet service,No internet service,Bank transfer (automatic)
0870-VEMYL,Yes,1,5,53.85,Month-to-month,DSL,Yes,Yes,Credit card (automatic)
4833-QTJNO,No,0,67,83.85,Month-to-month,Fiber optic,No,Yes,Bank transfer (automatic)
3039-MJSLN,No,0,3,20.2,Month-to-month,No,No internet service,No internet service,Bank transfer (automatic)
0178-CIIKR,No,0,3,19.95,Month-to-month,No,No internet service,No internet service,Mailed check
5385-SUIRI,Yes,1,52,104.2,Month-to-month,Fiber optic,No,Yes,Electronic check
3982-XWFZQ,Yes,1,42,50.25,Month-to-month,DSL,No,No,Electronic check
5774-QPLTF,No,0,50,20.35,One year,No,No internet service,No internet service,Mailed check
2322-VCZHZ,No,0,23,90.0,Month-to-month,Fiber optic,No,Yes,Electronic check
5010-IPEAQ,No,0,67,54.2,Two year,DSL,Yes,Yes,Credit card (automatic)
4009-ALQFH,Yes,1,25,99.5,Month-to-month,Fiber optic,No,No,Electronic check
6383-ZTSIW,No,0,39,99.1,One year,Fiber optic,No,Yes,Mailed check
8990-YOZLV,No,0,69,66.9,Two year,DSL,Yes,Yes,Mailed check
3069-SSVSN,No,0,1,25.85,One year,DSL,No,No,Mailed check
5222-IMUKT,No,0,32,91.05,Month-to-month,Fiber optic,No,No,Electronic check
3627-FCRDW,Yes,1,9,71.0,Month-to-month,Fiber optic,No,No,Electronic check
7562-GSUHK,Yes,1,16,93.2,Month-to-month,Fiber optic,No,No,Credit card (automatic)
6685-XSHHU,No,0,60,20.95,Two year,No,No internet service,No internet service,Bank transfer (automatic)
8901-UPRHR,No,0,72,109.2,Two year,Fiber optic,Yes,No,Bank transfer (automatic)
4903-UYAVB,Yes,1,5,19.35,Month-to-month,No,No internet service,No internet service,Mailed check
0118-JPNOY,No,0,26,85.8,Month-to-month,Fiber optic,No,Yes,Credit card (automatic)
6776-TLWOI,Yes,1,3,19.85,Month-to-month,No,No internet service,No internet service,Mailed check
3845-FXCYS,No,0,2,19.65,Month-to-month,No,No internet service,No internet service,Electronic check
5857-XRECV,No,0,2,20.5,One year,No,No internet service,No internet service,Bank transfer (automatic)
0725-CXOTM,No,0,36,89.65,One year,DSL,Yes,Yes,Credit card (automatic)
4343-EJVQB,No,0,7,74.35,Month-to-month,Fiber optic,No,Yes,Mailed check
9000-PLFUZ,No,0,60,49.45,Two year,DSL,No,No,Credit card (automatic)
3427-GGZZI,No,0,19,89.1,Month-to-month,Fiber optic,No,No,Electronic check
7779-ORAEL,No,0,45,75.15,Two year,DSL,Yes,Yes,Credit card (automatic)
0644-OQMDK,No,0,4,70.65,Month-to-month,Fiber optic,No,No,Electronic check
4077-CROMM,Yes,1,31,104.2,Month-to-month,Fiber optic,Yes,No,Electronic check
3154-CFSZG,No,0,47,90.05,Month-to-month,Fiber optic,No,Yes,Electronic check
2868-MZAGQ,Yes,1,1,79.25,Month-to-month,Fiber optic,No,No,Electronic check
4847-QNOKA,Yes,1,1,44.9,Month-to-month,DSL,No,No,Bank transfer (automatic)
2220-IAHLS,No,0,1,19.4,Month-to-month,No,No internet service,No internet service,Credit card (automatic)
1658-XUHBX,No,0,59,88.75,Month-to-month,Fiber optic,No,No,Credit card (automatic)
6379-RXJRQ,Yes,1,10,70.1,Month-to-month,Fiber optic,No,No,Electronic check
2378-HTWFW,No,0,35,91.0,Month-to-month,Fiber optic,No,Yes,Credit card (automatic)
8650-RHRKE,Yes,1,4,29.65,Month-to-month,DSL,No,No,Electronic check
4377-VDHYI,No,0,32,90.8,One year,Fiber optic,No,Yes,Electronic check
0475-RIJEP,Yes,1,43,77.85,Month-to-month,Fiber optic,No,No,Electronic check
1260-TTRXI,Yes,1,4,54.3,Month-to-month,DSL,No,No,Electronic check
3719-TDVQB,No,0,54,18.95,Two year,No,No internet service,No internet service,Mailed check
6328-ZPBGN,Yes,1,11,95.15,Month-to-month,Fiber optic,No,No,Bank transfer (automatic)
0201-MIBOL,No,0,66,102.4,Two year,Fiber optic,No,Yes,Bank transfer (automatic)
4937-QPZPO,No,0,61,99.9,One year,Fiber optic,No,No,Electronic check
2925-VDZHY,No,0,72,88.7,Two year,DSL,Yes,Yes,Credit card (automatic)
6981-TDRFT,No,0,44,54.3,One year,DSL,Yes,No,Electronic check
3413-CSSTH,No,0,41,55.7,Month-to-month,DSL,No,No,Bank transfer (automatic)
8033-VCZGH,No,0,50,103.95,One year,Fiber optic,No,Yes,Electronic check
4789-KWMXN,Yes,1,47,110.85,One year,Fiber optic,Yes,Yes,Credit card (automatic)
0224-NIJLP,No,0,8,20.15,Two year,No,No internet service,No internet service,Mailed check
7542-CYDDM,No,0,18,20.05,Month-to-month,No,No internet service,No internet service,Mailed check
4718-WXBGI,No,0,72,91.95,Two year,DSL,Yes,Yes,Credit card (automatic)
2867-UIMSS,Yes,1,1,80.5,Month-to-month,Fiber optic,No,No,Electronic check
8495-PRWFH,No,0,42,55.65,Month-to-month,DSL,No,No,Electronic check
0439-IFYUN,No,0,18,74.7,Month-to-month,Fiber optic,No,No,Electronic check
5716-LIBJC,No,0,13,104.15,One year,Fiber optic,No,No,Credit card (automatic)
2868-LLSKM,No,0,68,83.65,One year,Fiber optic,Yes,No,Bank transfer (automatic)
8111-RKSPX,Yes,1,4,72.2,Month-to-month,Fiber optic,No,No,Bank transfer (automatic)
2988-QRAJY,No,0,69,110.05,Two year,Fiber optic,No,Yes,Credit card (automatic)
1585-MQSSU,Yes,1,17,51.5,Month-to-month,DSL,Yes,No,Mailed check
0071-NDAFP,No,0,25,25.5,Two year,No,No internet service,No internet service,Credit card (automatic)
2856-NNASM,Yes,1,43,89.55,Month-to-month,Fiber optic,No,No,Mailed check
7328-ZJAJO,No,0,59,19.5,Two year,No,No internet service,No internet service,Credit card (automatic)
6458-CYIDZ,No,0,5,80.7,Month-to-month,Fiber optic,No,Yes,Electronic check
8559-CIZFV,Yes,1,21,77.5,One year,DSL,Yes,Yes,Mailed check
1090-PYKCI,No,0,69,105.1,One year,Fiber optic,Yes,Yes,Credit card (automatic)
3058-WQDRE,No,0,13,25.15,Month-to-month,DSL,No,No,Bank transfer (automatic)
7547-EKNFS,Yes,1,42,95.25,Month-to-month,Fiber optic,No,No,Bank transfer (automatic)
2279-AXJJK,No,0,52,95.65,Month-to-month,Fiber optic,Yes,No,Credit card (automatic)
6769-DYBQN,Yes,1,46,85.0,Month-to-month,Fiber optic,No,Yes,Electronic check
0909-SELIE,No,0,61,80.8,Two year,DSL,Yes,Yes,Bank transfer (automatic)
3417-TSCIC,No,0,29,24.85,One year,DSL,No,No,Mailed check
1042-HFUCW,No,0,25,54.75,One year,DSL,Yes,No,Credit card (automatic)
4439-JMPMT,Yes,1,5,85.75,Month-to-month,Fiber optic,Yes,No,Electronic check
6537-OTKMY,No,0,15,50.75,One year,DSL,No,No,Electronic check
8999-EXMNO,No,0,19,20.15,Two year,No,No internet service,No internet service,Mailed check
6725-TPKJO,No,0,44,20.05,Two year,No,No internet service,No internet service,Mailed check
2446-BEGGB,Yes,1,6,98.25,Month-to-month,Fiber optic,No,No,Electronic check
7162-WPHPM,No,0,58,71.6,Two year,DSL,Yes,Yes,Credit card (automatic)
1599-MMYRQ,No,0,62,81.45,One year,Fiber optic,No,Yes,Credit card (automatic)
8821-KVZKQ,No,0,70,58.4,One year,DSL,Yes,No,Bank transfer (automatic)
1496-GGSUK,Yes,1,1,25.7,Month-to-month,DSL,No,No,Mailed check
6434-TTGJP,No,0,10,53.7,Two year,DSL,Yes,Yes,Credit card (automatic)
0042-JVWOJ,No,0,26,19.6,One year,No,No internet service,No internet service,Bank transfer (automatic)
0130-SXOUN,No,0,66,89.4,Month-to-month,Fiber optic,No,No,Credit card (automatic)
2575-GFSOE,Yes,1,7,69.0,Month-to-month,Fiber optic,No,No,Electronic check
2330-PQGDQ,No,0,51,84.2,One year,Fiber optic,Yes,No,Bank transfer (automatic)
1452-UZOSF,No,0,72,106.1,Two year,Fiber optic,Yes,Yes,Credit card (automatic)
2097-YVPKN,No,0,65,25.75,Two year,No,No internet service,No internet service,Mailed check
2842-JTCCU,Yes,1,2,46.05,Month-to-month,DSL,No,No,Bank transfer (automatic)
8597-CTXVJ,No,0,70,64.95,One year,DSL,Yes,Yes,Bank transfer (automatic)
6631-HMANX,No,0,72,85.45,Two year,DSL,Yes,No,Credit card (automatic)
9962-BFPDU,No,0,1,20.05,Month-to-month,No,No internet service,No internet service,Mailed check
3296-SILRA,Yes,1,1,76.4,Month-to-month,Fiber optic,No,No,Mailed check
9681-OXGVC,Yes,1,5,100.5,Month-to-month,Fiber optic,No,No,Electronic check
6394-HHHZM,No,0,3,20.7,Month-to-month,No,No internet service,No internet service,Mailed check
5995-LFTLE,No,0,58,25.3,Two year,No,No internet service,No internet service,Credit card (automatic)
5180-UCIIQ,Yes,1,22,40.05,Month-to-month,DSL,No,Yes,Mailed check
1932-UEDCX,No,0,33,100.6,Month-to-month,Fiber optic,No,No,Bank transfer (automatic)
7153-OANIO,Yes,1,1,69.95,Month-to-month,Fiber optic,No,No,Electronic check
5188-HGMLP,No,0,54,74.0,Month-to-month,Fiber optic,No,No,Bank transfer (automatic)
0665-XHDJU,No,0,72,99.4,Two year,Fiber optic,No,No,Electronic check
6521-YYTYI,Yes,1,1,93.3,Month-to-month,Fiber optic,No,No,Electronic check
8878-HMWBV,Yes,1,3,49.15,Month-to-month,DSL,No,No,Electronic check
8265-HKSOW,No,0,72,107.45,Two year,Fiber optic,Yes,Yes,Credit card (automatic)
3544-FBCAS,No,0,72,83.6,Two year,DSL,No,Yes,Credit card (automatic)
5331-RGMTT,No,0,54,99.05,Month-to-month,Fiber optic,No,No,Credit card (automatic)
4759-PXTAN,No,0,59,80.1,One year,DSL,Yes,No,Electronic check
7054-DMVAS,No,0,54,65.3,Two year,DSL,No,Yes,Bank transfer (automatic)
3428-MMGUB,No,0,60,89.55,Two year,Fiber optic,No,No,Electronic check
6549-BTYPG,No,0,60,60.8,Two year,DSL,Yes,No,Credit card (automatic)
7823-JSOAG,No,0,3,74.5,Month-to-month,Fiber optic,No,No,Electronic check
3705-RHRFR,No,0,69,99.15,Two year,Fiber optic,No,Yes,Bank transfer (automatic)
9374-YOLBJ,No,0,1,19.25,Month-to-month,No,No internet service,No internet service,Electronic check
9074-KGVOX,No,0,50,39.45,Month-to-month,DSL,No,Yes,Credit card (automatic)
6128-DAFVY,No,0,56,44.85,Month-to-month,DSL,No,No,Credit card (automatic)
9933-QRGTX,No,0,60,97.2,Two year,Fiber optic,Yes,Yes,Electronic check
4476-OSWTN,No,0,69,110.55,One year,Fiber optic,Yes,Yes,Mailed check
3751-KTZEL,Yes,1,1,35.05,Month-to-month,DSL,No,No,Mailed check
1977-STDKI,Yes,1,1,73.0,Month-to-month,Fiber optic,No,No,Electronic check
5066-GFJMM,No,0,3,19.9,Month-to-month,No,No internet service,No internet service,Mailed check
2661-GKBTK,No,0,60,76.95,Two year,DSL,Yes,No,Bank transfer (automatic)
0458-HEUZG,No,0,13,35.4,Two year,DSL,Yes,No,Mailed check
7268-WNTCP,No,0,62,20.45,Two year,No,No internet service,No internet service,Bank transfer (automatic)
0824-VWDPO,No,0,45,96.75,One year,Fiber optic,No,Yes,Bank transfer (automatic)
8409-WQJUX,No,0,25,54.2,One year,DSL,Yes,No,Electronic check
2578-JQPHZ,No,0,44,100.1,Two year,Fiber optic,Yes,No,Bank transfer (automatic)
3278-FSIXX,No,0,2,45.25,Month-to-month,DSL,No,No,Mailed check
5813-UECBU,Yes,1,33,83.85,Month-to-month,Fiber optic,No,No,Credit card (automatic)
0328-GRPMV,Yes,1,1,70.1,Month-to-month,Fiber optic,No,No,Electronic check
9746-UGFAC,No,0,22,20.85,One year,No,No internet service,No internet service,Bank transfer (automatic)
2946-KIQSP,No,0,35,33.45,Month-to-month,DSL,Yes,No,Mailed check
0625-AFOHS,No,0,29,20.2,Two year,No,No internet service,No internet service,Mailed check
6726-WEXXK,No,0,27,85.9,One year,Fiber optic,No,Yes,Electronic check
4636-OLWOE,No,0,54,61.0,One year,DSL,Yes,No,Electronic check
4342-HENTK,Yes,1,2,70.65,Month-to-month,Fiber optic,No,No,Electronic check
4685-ERGHK,No,0,57,86.9,One year,Fiber optic,No,No,Electronic check
0885-HMGPY,No,0,62,69.4,Two year,DSL,Yes,Yes,Bank transfer (automatic)
5003-OKNNK,No,0,15,20.35,One year,No,No internet service,No internet service,Credit card (automatic)
4195-SMMNX,Yes,1,2,20.35,Month-to-month,No,No internet service,No internet service,Mailed check
7208-PSIHR,No,0,70,104.3,Two year,Fiber optic,Yes,No,Bank transfer (automatic)
4012-ZTHBR,No,0,21,44.95,Month-to-month,DSL,No,No,Electronic check
0489-WMEMG,No,0,23,49.45,One year,DSL,Yes,No,Electronic check
7435-ZNUYY,No,0,6,20.6,One year,No,No internet service,No internet service,Mailed check
1354-YZFNB,No,0,4,19.55,Two year,No,No internet service,No internet service,Credit card (automatic)
6956-SMUCM,Yes,1,3,99.0,Month-to-month,Fiber optic,No,Yes,Credit card (automatic)
2985-FMWYF,No,0,23,93.5,Month-to-month,Fiber optic,No,No,Electronic check
2812-ENYMO,No,0,26,54.55,One year,DSL,Yes,Yes,Credit card (automatic)
2717-HVIZY,No,0,8,20.05,Month-to-month,No,No internet service,No internet service,Mailed check
3223-WZWJM,Yes,1,26,83.95,Month-to-month,Fiber optic,No,No,Electronic check
3422-GALYP,No,0,2,79.45,Month-to-month,Fiber optic,No,No,Electronic check
9053-JZFKV,Yes,1,67,116.2,Two year,Fiber optic,Yes,Yes,Credit card (automatic)
2530-ENDWQ,Yes,1,71,93.7,Two year,Fiber optic,No,No,Bank transfer (automatic)
2890-WFBHU,No,0,59,79.85,One year,DSL,Yes,Yes,Credit card (automatic)
0327-WFZSY,No,0,39,100.0,One year,Fiber optic,No,No,Electronic check
7977-HXJKU,No,0,21,19.6,Two year,No,No internet service,No internet service,Mailed check
6615-ZGEDR,Yes,1,1,19.7,Month-to-month,No,No internet service,No internet service,Mailed check
7033-CLAMM,No,0,48,20.2,Two year,No,No internet service,No internet service,Bank transfer (automatic)
4023-RTIQM,No,0,31,50.4,One year,DSL,No,Yes,Credit card (automatic)
0864-FVJNJ,No,0,64,113.35,One year,Fiber optic,Yes,Yes,Electronic check
7356-IWLFW,No,0,46,80.0,Month-to-month,Fiber optic,No,No,Bank transfer (automatic)
9541-PWTWO,No,0,52,80.95,Two year,DSL,Yes,No,Bank transfer (automatic)
3967-VQOGC,No,0,67,24.9,Two year,No,No internet service,No internet service,Mailed check
7872-RDDLZ,No,0,67,54.9,Month-to-month,DSL,No,No,Electronic check
9250-WYPLL,Yes,1,5,75.55,Month-to-month,Fiber optic,No,No,Electronic check
6308-CQRBU,No,0,71,109.25,Two year,Fiber optic,Yes,No,Electronic check
2754-XBHTB,Yes,1,9,77.65,Month-to-month,Fiber optic,No,No,Bank transfer (automatic)
1597-LHYNC,Yes,1,26,95.0,Month-to-month,Fiber optic,No,Yes,Electronic check
0186-CAERR,No,0,71,116.3,One year,Fiber optic,Yes,Yes,Bank transfer (automatic)
3043-SUDUA,No,0,32,19.9,Month-to-month,No,No internet service,No internet service,Bank transfer (automatic)
5442-BHQNG,No,0,2,70.35,Month-to-month,Fiber optic,No,No,Electronic check
2169-RRLFW,No,0,71,25.6,Two year,No,No internet service,No internet service,Credit card (automatic)
5872-OEQNH,No,0,60,44.45,One year,DSL,No,Yes,Electronic check
3162-KKZXO,No,0,55,100.15,One year,Fiber optic,No,No,Electronic check
7055-VKGDA,Yes,1,54,105.4,One year,Fiber optic,Yes,Yes,Credit card (automatic)
0754-UKWQP,Yes,1,2,95.85,Month-to-month,Fiber optic,No,No,Electronic check
8873-GLDMH,No,0,6,73.85,Month-to-month,Fiber optic,No,No,Mailed check
5696-JVVQY,No,0,48,70.1,Two year,DSL,No,Yes,Credit card (automatic)
8946-BFWSG,No,0,63,25.25,Two year,No,No internet service,No internet service,Mailed check
7493-TPUWZ,Yes,1,1,79.15,Month-to-month,Fiber optic,No,No,Electronic check
0547-HURJB,No,0,12,21.05,Month-to-month,No,No internet service,No internet service,Credit card (automatic)
8904-OPDCK,No,0,54,24.95,Month-to-month,DSL,No,No,Bank transfer (automatic)
8845-LWKGE,No,0,30,64.5,One year,DSL,Yes,No,Electronic check
1577-HKTFG,Yes,1,30,19.65,Month-to-month,No,No internet service,No internet service,Bank transfer (automatic)
8752-STIVR,Yes,1,4,79.0,Month-to-month,Fiber optic,No,No,Electronic check
0691-NIKRI,No,0,40,105.95,One year,Fiber optic,Yes,No,Credit card (automatic)
5022-JNQEQ,No,0,9,75.85,Month-to-month,Fiber optic,Yes,No,Electronic check
4558-FANTW,Yes,1,17,91.85,Month-to-month,Fiber optic,Yes,Yes,Electronic check
3249-VHRIP,No,0,62,43.6,Two year,DSL,No,No,Credit card (automatic)
3736-BLEPA,No,0,28,91.25,One year,Fiber optic,Yes,No,Bank transfer (automatic)
4701-LKOZD,No,0,70,89.75,Two year,DSL,Yes,Yes,Credit card (automatic)
6603-QWSPR,No,0,46,104.4,Two year,Fiber optic,Yes,No,Bank transfer (automatic)
9921-QFQUL,No,0,23,90.15,Month-to-month,Fiber optic,No,No,Mailed check
1929-ZCBHE,No,0,47,40.3,One year,DSL,Yes,Yes,Electronic check
4378-MYPGO,No,0,68,105.25,Two year,Fiber optic,No,Yes,Bank transfer (automatic)
8651-ENBZX,Yes,1,60,106.0,One year,Fiber optic,Yes,No,Electronic check
4129-LYCOI,No,0,67,104.0,Two year,Fiber optic,Yes,No,Electronic check
7798-JVXYM,No,0,14,69.65,Month-to-month,DSL,Yes,No,Electronic check
8647-SDTWQ,No,0,57,74.3,Month-to-month,Fiber optic,No,No,Electronic check
2696-ECXKC,No,0,55,100.9,One year,Fiber optic,No,Yes,Mailed check
2081-KJSQF,No,0,1,20.25,Month-to-month,No,No internet service,No internet service,Mailed check
7623-TRNQN,Yes,1,1,49.9,Month-to-month,DSL,Yes,No,Mailed check
3323-CPBWR,No,0,23,96.9,Month-to-month,Fiber optic,Yes,No,Credit card (automatic)
9330-IJWIO,Yes,1,13,100.35,Month-to-month,Fiber optic,No,Yes,Electronic check
3384-CTMSF,No,0,47,104.1,Month-to-month,Fiber optic,No,No,Electronic check
0902-RFHOF,No,0,38,20.1,One year,No,No internet service,No internet service,Mailed check
9286-DOJGF,Yes,1,38,74.95,Month-to-month,Fiber optic,No,No,Bank transfer (automatic)
6048-QBXKL,No,0,2,56.55,Month-to-month,DSL,No,No,Credit card (automatic)
9661-MHUMO,Yes,1,1,49.25,Month-to-month,DSL,Yes,No,Credit card (automatic)
7718-RXDGG,No,0,15,68.6,Month-to-month,Fiber optic,No,No,Bank transfer (automatic)
1025-FALIX,No,0,26,69.05,Month-to-month,Fiber optic,No,No,Credit card (automatic)
3451-VAWLI,No,0,35,19.7,Two year,No,No internet service,No internet service,Credit card (automatic)
3407-QGWLG,No,0,3,20.05,Month-to-month,No,No internet service,No internet service,Mailed check
1842-EZJMK,Yes,1,50,103.7,Month-to-month,Fiber optic,Yes,No,Electronic check
2347-WKKAE,No,0,42,94.4,Month-to-month,Fiber optic,No,Yes,Electronic check
8735-DCXNF,No,0,10,54.95,Month-to-month,DSL,Yes,Yes,Credit card (automatic)
3214-IYUUQ,No,0,61,93.7,One year,Fiber optic,Yes,Yes,Bank transfer (automatic)
1936-UAFEH,No,0,68,110.25,Two year,Fiber optic,Yes,Yes,Credit card (automatic)
3587-PMCOY,No,0,10,98.9,One year,Fiber optic,No,Yes,Electronic check
8079-XRJRS,Yes,1,65,89.75,One year,Fiber optic,No,Yes,Electronic check
1027-LKKQQ,No,0,72,80.45,Two year,DSL,Yes,Yes,Bank transfer (automatic)
7148-XZPHA,No,0,55,79.4,Month-to-month,Fiber optic,Yes,No,Electronic check
8073-IJDCM,Yes,1,1,20.3,Month-to-month,No,No internet service,No internet service,Mailed check
5309-TAIKL,No,0,7,62.8,Month-to-month,DSL,Yes,No,Bank transfer (automatic)
6856-RAURS,No,0,2,74.9,Month-to-month,Fiber optic,No,No,Mailed check
8778-LMWTJ,No,0,9,74.85,Month-to-month,Fiber optic,No,Yes,Electronic check
9717-IOAAF,No,0,27,25.85,Two year,No,No internet service,No internet service,Credit card (automatic)
8884-ADFVN,Yes,1,7,101.95,Month-to-month,Fiber optic,No,No,Electronic check
2845-KDHVX,No,0,64,68.3,Two year,DSL,Yes,No,Mailed check
0848-SOMKO,No,0,70,48.4,Two year,DSL,Yes,Yes,Bank transfer (automatic)
2720-WGKHP,Yes,1,2,94.0,Month-to-month,Fiber optic,No,No,Electronic check
6734-FQAJX,No,0,67,105.05,Two year,Fiber optic,Yes,Yes,Electronic check
2869-ADAWR,Yes,1,45,89.3,Month-to-month,Fiber optic,No,No,Credit card (automatic)
1535-VTJOQ,No,0,24,25.15,Two year,No,No internet service,No internet service,Credit card (automatic)
6368-TZZDT,No,0,4,19.5,Two year,No,No internet service,No internet service,Credit card (automatic)
0943-ZQPXH,No,0,44,92.95,Month-to-month,Fiber optic,No,No,Bank transfer (automatic)
1293-BSEUN,No,0,72,20.7,Two year,No,No internet service,No internet service,Mailed check
9894-EZEWG,Yes,1,1,74.3,Month-to-month,Fiber optic,No,No,Credit card (automatic)
1302-TPUBN,No,0,66,19.35,Two year,No,No internet service,No internet service,Bank transfer (automatic)
7851-FLGGQ,Yes,1,1,44.65,Month-to-month,DSL,Yes,No,Mailed check
0637-UBJRP,Yes,1,13,84.05,Month-to-month,Fiber optic,No,Yes,Electronic check
0940-OUQEC,Yes,1,10,80.7,Month-to-month,Fiber optic,No,No,Bank transfer (automatic)
2378-VTKDH,No,0,65,104.35,Month-to-month,Fiber optic,No,No,Electronic check
0927-CNGRH,No,0,1,19.55,Month-to-month,No,No internet service,No internet service,Mailed check
8608-OZTLB,No,0,38,74.05,One year,DSL,Yes,Yes,Electronic check
2335-GSODA,No,0,23,40.1,Two year,DSL,Yes,Yes,Mailed check
1952-DVVSW,No,0,10,20.1,One year,No,No internet service,No internet service,Mailed check
0702-PGIBZ,Yes,1,4,101.7,Month-to-month,Fiber optic,No,No,Electronic check
6656-GULJQ,No,0,72,83.55,Two year,DSL,Yes,Yes,Credit card (automatic)
9853-JFZDU,No,0,35,56.85,Month-to-month,DSL,Yes,No,Electronic check
1963-VAUKV,Yes,1,1,20.4,Month-to-month,No,No internet service,No internet service,Mailed check
3777-XROBG,No,0,58,19.55,Two year,No,No internet service,No internet service,Credit card (automatic)
6994-FGRHH,No,0,70,106.15,One year,Fiber optic,Yes,No,Electronic check
4000-VGMQP,No,0,38,78.95,One year,DSL,No,No,Credit card (automatic)
3999-WRNGR,No,0,60,49.75,Month-to-month,DSL,No,No,Electronic check
3466-RITXD,No,0,26,92.4,Month-to-month,Fiber optic,No,Yes,Credit card (automatic)
2680-XKKNJ,No,0,8,58.2,One year,DSL,Yes,Yes,Bank transfer (automatic)
3058-HJCUY,Yes,1,41,102.6,One year,Fiber optic,Yes,No,Electronic check
2974-GGUXS,No,0,36,91.95,Month-to-month,Fiber optic,No,No,Credit card (automatic)
7994-XIRTR,No,0,54,65.25,One year,DSL,Yes,No,Bank transfer (automatic)
3259-FDWOY,Yes,1,71,106.0,Two year,Fiber optic,No,No,Bank transfer (automatic)
2101-RANCD,No,0,55,73.1,Month-to-month,Fiber optic,No,No,Electronic check
7921-BEPCI,No,0,72,59.75,Two year,DSL,No,Yes,Bank transfer (automatic)
0807-ZABDG,Yes,1,3,55.1,Month-to-month,DSL,Yes,Yes,Mailed check
8510-TMWYB,No,0,54,59.8,Two year,DSL,No,No,Bank transfer (automatic)
3258-ZKPAI,No,0,72,116.6,Two year,Fiber optic,Yes,Yes,Bank transfer (automatic)
1428-IEDPR,No,0,52,109.3,Two year,Fiber optic,Yes,Yes,Electronic check
5298-GSTLM,No,0,60,101.4,One year,Fiber optic,No,Yes,Bank transfer (automatic)
4450-YOOHP,No,0,39,50.65,Month-to-month,DSL,No,No,Credit card (automatic)
6728-CZFEI,No,0,15,56.15,One year,DSL,No,No,Mailed check
5748-RNCJT,Yes,1,69,106.5,Two year,Fiber optic,Yes,No,Bank transfer (automatic)
3653-NCRDJ,No,0,43,19.2,One year,No,No internet service,No internet service,Mailed check
6121-TNHBO,No,0,63,83.0,One year,DSL,Yes,Yes,Bank transfer (automatic)
5119-NZPTV,No,0,2,70.1,Month-to-month,Fiber optic,No,No,Electronic check
6519-ZHPXP,No,0,72,108.3,Two year,Fiber optic,Yes,Yes,Bank transfer (automatic)
7739-LAXOG,Yes,1,32,91.05,Month-to-month,Fiber optic,No,No,Bank transfer (automatic)
3472-QPRCH,No,0,40,25.25,Two year,No,No internet service,No internet service,Credit card (automatic)
8224-UAXBZ,No,0,58,45.35,One year,DSL,No,Yes,Electronic check
9610-WCESF,No,0,67,43.9,Two year,DSL,Yes,Yes,Electronic check
9776-CLUJA,Yes,1,51,77.5,Month-to-month,Fiber optic,No,Yes,Electronic check
2486-WYVVE,No,0,31,79.3,One year,DSL,Yes,No,Mailed check
3865-ZYKAD,No,0,69,84.9,Month-to-month,Fiber optic,No,Yes,Credit card (automatic)
1422-DGUBX,No,0,32,79.25,One year,Fiber optic,Yes,No,Electronic check
2999-AANRQ,No,0,21,71.05,Two year,DSL,Yes,Yes,Credit card (automatic)
8668-KNZTI,No,0,52,53.75,One year,DSL,No,Yes,Electronic check
0480-KYJVA,No,0,72,24.25,Two year,No,No internet service,No internet service,Credit card (automatic)
6034-ZRYCV,Yes,1,72,54.2,Two year,DSL,No,No,Electronic check
9746-YKGXB,No,0,52,44.25,One year,DSL,No,Yes,Bank transfer (automatic)
3926-YZVVX,No,0,41,50.05,One year,DSL,Yes,No,Bank transfer (automatic)
6000-UKLWI,No,0,41,20.15,Two year,No,No internet service,No internet service,Mailed check
2079-FBMZK,Yes,1,6,69.25,Month-to-month,Fiber optic,No,No,Mailed check
6332-FBZRI,No,0,67,69.35,One year,DSL,Yes,Yes,Credit card (automatic)
2096-XOTMO,No,0,16,19.35,Month-to-month,No,No internet service,No internet service,Mailed check
3266-FTKHB,No,0,17,19.15,Two year,No,No internet service,No internet service,Mailed check
8221-EQDGL,No,0,35,61.0,Month-to-month,DSL,No,Yes,Mailed check
2346-LOCWC,No,0,58,20.5,Two year,No,No internet service,No internet service,Credit card (automatic)
6608-QQLVK,Yes,1,1,50.5,Month-to-month,DSL,No,No,Electronic check
0298-XACET,No,0,52,50.2,Two year,DSL,Yes,No,Mailed check
7560-QJAVJ,No,0,70,79.6,Two year,DSL,Yes,Yes,Bank transfer (automatic)
2995-YWTCD,No,0,19,24.9,Two year,No,No internet service,No internet service,Bank transfer (automatic)
3551-HUAZH,Yes,1,1,74.4,Month-to-month,Fiber optic,No,No,Electronic check
9137-UIYPG,No,0,35,106.9,Month-to-month,Fiber optic,Yes,Yes,Electronic check
2809-ZMYOQ,No,0,32,101.35,Month-to-month,Fiber optic,No,No,Electronic check
5084-OOVCJ,No,0,17,55.35,Month-to-month,DSL,Yes,Yes,Credit card (automatic)
0254-WWRKD,No,0,67,50.55,One year,DSL,No,No,Credit card (automatic)
7727-SHVZV,No,0,9,19.5,Month-to-month,No,No internet service,No internet service,Bank transfer (automatic)
6302-JGYRJ,Yes,1,31,79.45,One year,DSL,Yes,No,Mailed check
5339-PXDVH,No,0,4,90.65,Month-to-month,Fiber optic,No,Yes,Electronic check
2205-LPVGL,No,0,58,89.85,One year,Fiber optic,Yes,Yes,Bank transfer (automatic)
8782-NUUOL,No,0,60,79.0,One year,DSL,Yes,Yes,Mailed check
3685-YLCMQ,Yes,1,58,104.65,One year,Fiber optic,Yes,No,Electronic check
7601-WFVZV,No,0,1,19.55,Month-to-month,No,No internet service,No internet service,Mailed check
4609-KNNWG,No,0,27,19.9,Two year,No,No internet service,No internet service,Mailed check
4868-AADLV,No,0,66,116.25,One year,Fiber optic,Yes,Yes,Electronic check
9529-OFXHY,No,0,15,87.75,Month-to-month,Fiber optic,No,Yes,Bank transfer (automatic)
8634-MPHTR,Yes,1,47,100.05,Month-to-month,Fiber optic,No,No,Electronic check
2669-QVCRG,No,0,41,81.3,Month-to-month,Fiber optic,No,Yes,Credit card (automatic)
2478-EEWWM,No,0,59,44.3,Month-to-month,DSL,No,No,Electronic check
9174-IHETN,No,0,50,70.35,Two year,Fiber optic,No,No,Credit card (automatic)
2233-TXSIU,No,0,17,44.45,One year,DSL,No,Yes,Credit card (automatic)
9644-UMGQA,No,0,6,49.15,Month-to-month,DSL,No,Yes,Electronic check
3256-EZDBI,No,0,51,29.45,Month-to-month,DSL,No,No,Credit card (automatic)
8761-NSOBC,Yes,1,44,100.55,Month-to-month,Fiber optic,Yes,No,Electronic check
0419-YAAPX,No,0,49,85.3,Month-to-month,Fiber optic,No,No,Credit card (automatic)
8413-VONUO,Yes,1,2,95.65,Month-to-month,Fiber optic,No,No,Electronic check
0872-CASZJ,No,0,59,69.1,One year,DSL,Yes,Yes,Mailed check
4726-DLWQN,No,0,50,70.35,Month-to-month,DSL,No,Yes,Bank transfer (automatic)
8164-OCKUJ,No,0,59,20.6,Two year,No,No internet service,No internet service,Mailed check
3094-JOJAI,No,0,18,74.15,Month-to-month,Fiber optic,No,No,Mailed check
9494-MRNYX,No,0,10,75.05,Month-to-month,Fiber optic,No,No,Electronic check
2599-CZABP,No,0,14,44.6,One year,DSL,No,No,Electronic check
7945-PRBVF,No,0,35,21.45,Two year,No,No internet service,No internet service,Bank transfer (automatic)
4544-RXFMG,No,0,8,43.45,One year,DSL,No,No,Mailed check
0859-YGKFW,No,0,18,20.05,One year,No,No internet service,No internet service,Bank transfer (automatic)
1150-FTQGN,No,0,60,94.15,One year,Fiber optic,No,Yes,Bank transfer (automatic)
9223-UCPVT,Yes,1,1,94.4,Month-to-month,Fiber optic,No,No,Electronic check
7196-LIWRH,No,0,6,19.55,Two year,No,No internet service,No internet service,Mailed check
5448-VWNAM,No,0,19,75.9,Month-to-month,DSL,Yes,Yes,Mailed check
1177-XZBJL,No,0,53,64.15,One year,DSL,Yes,Yes,Bank transfer (automatic)
3518-FSTWG,No,0,72,109.55,Two year,Fiber optic,No,Yes,Bank transfer (automatic)
9330-VOFSZ,No,0,60,110.8,Two year,Fiber optic,Yes,No,Credit card (automatic)
4351-QLCSU,Yes,1,1,55.0,Month-to-month,DSL,No,No,Credit card (automatic)
0939-EREMR,No,0,13,53.45,Month-to-month,DSL,Yes,No,Mailed check
9389-ACWBI,No,0,5,69.95,Month-to-month,Fiber optic,No,No,Credit card (automatic)
5419-JPRRN,Yes,1,1,101.45,Month-to-month,Fiber optic,No,No,Electronic check
3644-QXEHN,No,0,13,97.0,Month-to-month,Fiber optic,No,No,Electronic check
2911-IJORQ,No,0,37,90.6,One year,DSL,Yes,Yes,Bank transfer (automatic)
5921-NGYRH,No,0,64,73.55,Month-to-month,Fiber optic,No,Yes,Mailed check
2100-BDNSN,Yes,1,5,67.95,Month-to-month,DSL,Yes,No,Bank transfer (automatic)
5998-DZLYR,No,0,61,94.35,Two year,Fiber optic,Yes,No,Bank transfer (automatic)
0488-GSLFR,Yes,1,1,69.5,Month-to-month,Fiber optic,No,No,Electronic check
9318-NKNFC,Yes,1,1,18.85,Month-to-month,No,No internet service,No internet service,Mailed check
3985-HOYPM,No,0,26,19.4,One year,No,No internet service,No internet service,Mailed check
9728-FTTVZ,Yes,1,1,69.2,Month-to-month,Fiber optic,No,No,Electronic check
9548-LERKT,No,0,24,19.75,Two year,No,No internet service,No internet service,Mailed check
6576-FBXOJ,No,0,17,54.6,One year,DSL,Yes,No,Electronic check
4310-KEDTB,No,0,26,29.8,Month-to-month,DSL,No,No,Mailed check
7254-IQWOZ,Yes,1,1,69.65,Month-to-month,Fiber optic,No,No,Electronic check
2474-BRUCM,Yes,1,40,101.85,Month-to-month,Fiber optic,No,Yes,Electronic check
4062-HBMOS,No,0,52,103.05,Month-to-month,Fiber optic,No,No,Electronic check
0742-NXBGR,Yes,1,1,82.3,Month-to-month,Fiber optic,No,No,Electronic check
2676-ISHSF,No,0,1,20.3,Month-to-month,No,No internet service,No internet service,Mailed check
9236-NDUCW,No,0,21,35.1,Two year,DSL,Yes,Yes,Mailed check
4753-PADAS,No,0,67,105.7,One year,Fiber optic,No,No,Bank transfer (automatic)
6103-QCKFX,No,0,44,56.25,Month-to-month,DSL,Yes,Yes,Bank transfer (automatic)
7781-EWARA,No,0,70,60.35,One year,DSL,Yes,No,Electronic check
6110-OHIHY,Yes,1,3,79.25,Month-to-month,Fiber optic,No,No,Electronic check
7018-FPXHH,No,0,56,59.8,Two year,DSL,No,Yes,Bank transfer (automatic)
5889-LFOLL,Yes,1,13,84.6,Month-to-month,Fiber optic,No,No,Electronic check
5708-EVONK,Yes,1,58,93.4,Month-to-month,Fiber optic,No,Yes,Bank transfer (automatic)
8708-XPXHZ,Yes,1,42,94.2,Month-to-month,Fiber optic,No,No,Electronic check
0616-ATFGB,Yes,1,1,25.05,Month-to-month,DSL,No,No,Electronic check
0572-ZJKLT,No,0,46,99.65,Two year,Fiber optic,Yes,Yes,Mailed check
5135-RDDQL,No,0,63,50.65,Two year,DSL,No,Yes,Bank transfer (automatic)
1353-LJWEM,No,0,11,60.9,Month-to-month,DSL,Yes,No,Electronic check
1794-SWWKL,No,0,15,59.65,Month-to-month,DSL,Yes,No,Bank transfer (automatic)
6166-YIPFO,No,0,72,64.7,Two year,DSL,Yes,Yes,Electronic check
7016-BPGEU,Yes,1,29,25.1,Month-to-month,DSL,No,No,Credit card (automatic)
6876-ADESB,Yes,1,1,48.95,Month-to-month,DSL,No,No,Electronic check
9332-GYWLO,No,0,6,54.85,Month-to-month,DSL,No,No,Electronic check
1963-SVUCV,Yes,1,1,45.3,Month-to-month,DSL,No,No,Electronic check
4184-VODJZ,No,0,63,91.35,One year,Fiber optic,No,No,Electronic check
0220-EBGCE,Yes,1,2,85.85,Month-to-month,Fiber optic,No,No,Electronic check
1092-WPIVQ,No,0,18,25.1,Two year,No,No internet service,No internet service,Mailed check
7233-IOQNP,No,0,43,34.0,Month-to-month,DSL,Yes,Yes,Bank transfer (automatic)
2834-JKOOW,No,0,15,45.9,One year,DSL,Yes,Yes,Mailed check
2754-VDLTR,Yes,1,10,95.2,Month-to-month,Fiber optic,No,No,Electronic check
2400-FEQME,No,0,55,20.5,Two year,No,No internet service,No internet service,Mailed check
3190-XFANI,Yes,1,49,100.6,One year,Fiber optic,Yes,No,Bank transfer (automatic)
7551-DACSP,Yes,1,6,55.3,Month-to-month,DSL,No,No,Mailed check
4957-SREEC,No,0,70,20.35,Two year,No,No internet service,No internet service,Credit card (automatic)
7235-NXZCP,Yes,1,2,74.85,Month-to-month,Fiber optic,No,No,Mailed check
0230-UBYPQ,No,0,63,36.1,One year,DSL,Yes,Yes,Bank transfer (automatic)
4923-ADWXJ,No,0,25,65.8,Month-to-month,DSL,Yes,No,Bank transfer (automatic)
1763-KUAAW,No,0,18,20.35,One year,No,No internet service,No internet service,Bank transfer (automatic)
1104-TNLZA,No,0,28,105.8,Month-to-month,Fiber optic,Yes,No,Electronic check
5195-KPUNQ,No,0,53,96.75,One year,Fiber optic,Yes,Yes,Mailed check
0520-FDVVT,Yes,1,35,102.35,One year,Fiber optic,No,No,Bank transfer (automatic)
3439-GVUSX,No,0,1,24.4,Month-to-month,DSL,No,No,Mailed check
1444-VVSGW,Yes,1,70,115.65,One year,Fiber optic,Yes,Yes,Credit card (automatic)
5712-PTIWW,Yes,1,2,79.85,Month-to-month,Fiber optic,Yes,No,Electronic check
5949-HGVJL,No,0,26,73.05,Month-to-month,DSL,Yes,No,Electronic check
5203-XEHAX,No,0,34,64.35,One year,DSL,No,Yes,Electronic check
1635-HDGFT,No,0,19,20.5,Two year,No,No internet service,No internet service,Mailed check
3315-TOTBP,Yes,1,15,76.0,Month-to-month,Fiber optic,No,No,Mailed check
8050-XGRVL,No,0,62,54.75,One year,DSL,No,Yes,Credit card (automatic)
6661-HBGWL,Yes,1,42,104.75,Month-to-month,Fiber optic,No,No,Bank transfer (automatic)
1518-VOWAV,Yes,1,9,74.65,Month-to-month,DSL,No,Yes,Electronic check
9828-QHFBK,No,0,24,51.15,Month-to-month,DSL,No,Yes,Electronic check
3908-MKIMJ,No,0,68,41.95,Two year,DSL,No,Yes,Electronic check
5012-YSPJJ,No,0,31,54.35,Month-to-month,DSL,Yes,No,Mailed check
5909-ECHUI,Yes,1,1,56.25,Month-to-month,DSL,No,No,Electronic check
1309-BXVOQ,Yes,1,21,106.1,Month-to-month,Fiber optic,Yes,No,Electronic check
6728-VOIFY,No,0,63,96.0,One year,Fiber optic,No,No,Electronic check
9317-WZPGV,Yes,1,2,79.75,Month-to-month,Fiber optic,No,No,Bank transfer (automatic)
4891-NLUBA,No,0,61,61.45,Two year,DSL,Yes,No,Bank transfer (automatic)
2856-HYAPG,Yes,1,1,68.65,Month-to-month,Fiber optic,No,No,Electronic check
8969-PRHFK,No,0,18,19.65,One year,No,No internet service,No internet service,Mailed check
0661-KQHNK,No,0,6,19.0,One year,No,No internet service,No internet service,Credit card (automatic)
8709-KRDVL,No,0,33,100.0,Month-to-month,Fiber optic,No,No,Electronic check
4488-PSYCG,Yes,1,16,20.25,Month-to-month,No,No internet service,No internet service,Bank transfer (automatic)
1427-VERSM,No,0,56,98.7,Month-to-month,Fiber optic,Yes,No,Electronic check
9801-NOSHQ,No,0,23,19.8,One year,No,No internet service,No internet service,Mailed check
6339-YPSAH,No,0,9,73.8,Month-to-month,Fiber optic,No,No,Electronic check
3621-CEOVK,Yes,1,14,100.2,Month-to-month,Fiber optic,No,No,Electronic check
6906-ANDWJ,Yes,1,15,74.9,Month-to-month,Fiber optic,No,No,Bank transfer (automatic)
2159-TURXX,No,0,5,20.05,Month-to-month,No,No internet service,No internet service,Credit card (automatic)
1548-FEHVL,No,0,61,106.2,Month-to-month,Fiber optic,No,Yes,Electronic check
3795-CAWEX,No,0,70,116.55,Two year,Fiber optic,Yes,Yes,Credit card (automatic)
6215-NQCPY,No,0,15,99.7,Month-to-month,Fiber optic,No,Yes,Electronic check
5647-URDKA,No,0,8,19.7,Two year,No,No internet service,No internet service,Mailed check
2229-DPMBI,No,0,8,19.5,Two year,No,No internet service,No internet service,Mailed check
9626-WEQRM,No,0,4,29.15,Month-to-month,DSL,No,Yes,Mailed check
2188-SXWVT,No,0,34,55.0,One year,DSL,No,Yes,Mailed check
6258-PVZWJ,No,0,68,90.8,Two year,DSL,Yes,Yes,Credit card (automatic)
1094-BKOSX,No,0,45,51.0,One year,DSL,Yes,No,Bank transfer (automatic)
6969-MVBAI,No,0,9,90.1,Month-to-month,Fiber optic,No,No,Electronic check
2978-XXSOG,No,0,22,59.05,Month-to-month,DSL,Yes,Yes,Mailed check
2342-CKIAO,No,0,2,20.3,Month-to-month,No,No internet service,No internet service,Mailed check
6953-PBDIN,No,0,70,72.95,Two year,DSL,Yes,No,Bank transfer (automatic)
3898-BSJYF,No,0,10,73.55,One year,DSL,Yes,Yes,Credit card (automatic)
3938-YFPXD,No,0,72,84.3,Two year,DSL,Yes,Yes,Credit card (automatic)
7696-AMHOD,No,0,49,78.0,One year,DSL,No,No,Credit card (automatic)
2453-SAFNS,No,0,54,72.1,One year,DSL,Yes,No,Mailed check
9558-IHEZX,No,0,71,106.75,Two year,Fiber optic,No,Yes,Credit card (automatic)
9617-UDPEU,No,0,22,19.25,One year,No,No internet service,No internet service,Mailed check
6340-DACFT,No,0,50,20.55,Two year,No,No internet service,No internet service,Credit card (automatic)
4955-VCWBI,No,0,43,20.0,One year,No,No internet service,No internet service,Mailed check
6813-GZQCG,No,0,45,24.65,Two year,No,No internet service,No internet service,Credit card (automatic)
7426-GSWPO,No,0,64,103.5,Month-to-month,Fiber optic,No,Yes,Bank transfer (automatic)
3389-KTRXV,No,0,23,23.85,Two year,No,No internet service,No internet service,Mailed check
3118-UHVVQ,No,0,68,25.8,Two year,No,No internet service,No internet service,Credit card (automatic)
1031-IIDEO,Yes,1,1,70.85,Month-to-month,Fiber optic,No,No,Electronic check
5832-XKAES,Yes,1,2,69.8,Month-to-month,Fiber optic,No,No,Credit card (automatic)
3205-MXZRA,No,0,26,59.45,One year,DSL,Yes,No,Credit card (automatic)
4701-AHWMW,Yes,1,55,54.55,Month-to-month,DSL,Yes,No,Bank transfer (automatic)
8317-BVKSO,No,0,14,20.05,Month-to-month,No,No internet service,No internet service,Electronic check
5702-KVQRD,No,0,71,82.55,Two year,DSL,Yes,Yes,Electronic check
0083-PIVIK,No,0,64,81.25,One year,DSL,Yes,Yes,Electronic check
9210-IAHGH,Yes,1,7,70.75,Month-to-month,DSL,Yes,No,Credit card (automatic)
6169-PGNCD,No,0,57,74.3,Two year,DSL,Yes,Yes,Credit card (automatic)
0023-XUOPT,Yes,1,13,94.1,Month-to-month,Fiber optic,No,No,Electronic check
4592-IWTJI,Yes,1,3,29.7,Month-to-month,DSL,No,Yes,Credit card (automatic)
4909-JOUPP,No,0,72,109.7,Two year,Fiber optic,Yes,No,Credit card (automatic)
4657-FWVFY,No,0,40,96.35,Month-to-month,Fiber optic,No,No,Credit card (automatic)
2257-BOVXD,No,0,14,66.6,Month-to-month,DSL,Yes,No,Credit card (automatic)
7729-JTEEC,No,0,2,44.5,Month-to-month,DSL,No,No,Electronic check
7632-MNYOY,Yes,1,66,110.9,One year,Fiber optic,Yes,No,Credit card (automatic)
6518-LGAOV,Yes,1,38,105.0,Month-to-month,Fiber optic,Yes,No,Electronic check
7242-QZLXF,Yes,1,1,25.3,Month-to-month,DSL,No,No,Electronic check
4576-CSAJH,Yes,1,22,55.15,One year,DSL,Yes,No,Credit card (automatic)
1000-AJSLD,Yes,1,1,20.1,Month-to-month,No,No internet service,No internet service,Mailed check
9696-RMYBA,No,0,5,80.1,Month-to-month,Fiber optic,No,No,Mailed check
8690-UPCZI,No,0,29,69.05,One year,DSL,Yes,Yes,Bank transfer (automatic)
1062-LHZOD,Yes,1,1,69.9,Month-to-month,Fiber optic,No,No,Mailed check
9770-LXDBK,No,0,3,20.4,Month-to-month,No,No internet service,No internet service,Mailed check
4086-WITJG,No,0,71,19.7,Two year,No,No internet service,No internet service,Credit card (automatic)
8344-WFMFH,No,0,9,50.1,Month-to-month,DSL,No,No,Electronic check
9600-NAXZN,Yes,1,43,101.4,Month-to-month,Fiber optic,No,No,Electronic check
8822-KNBHV,No,0,48,83.45,One year,DSL,No,Yes,Credit card (automatic)
8404-FYDIB,No,0,26,86.65,Month-to-month,Fiber optic,No,Yes,Credit card (automatic)
2791-SFVEW,No,0,9,20.15,Month-to-month,No,No internet service,No internet service,Bank transfer (automatic)
6457-USBER,Yes,1,1,80.8,Month-to-month,Fiber optic,No,No,Electronic check
6762-NSODU,No,0,46,19.4,Two year,No,No internet service,No internet service,Credit card (automatic)
4662-EKDPQ,Yes,1,2,62.05,Month-to-month,DSL,No,No,Bank transfer (automatic)
9248-OJYKK,Yes,1,1,76.45,Month-to-month,Fiber optic,No,No,Electronic check
9888-ZCUMM,No,0,64,60.05,Two year,DSL,Yes,Yes,Bank transfer (automatic)
3398-FSHON,Yes,1,12,91.3,Month-to-month,Fiber optic,No,No,Electronic check
3319-DWOEP,Yes,1,6,95.75,Month-to-month,Fiber optic,No,No,Electronic check
1074-WVEVG,No,0,59,20.35,One year,No,No internet service,No internet service,Mailed check
9979-RGMZT,No,0,7,94.05,One year,Fiber optic,No,No,Mailed check
6437-UDQJM,No,0,72,84.1,Two year,DSL,No,Yes,Credit card (automatic)
1226-IENZN,No,0,16,78.75,Month-to-month,Fiber optic,No,No,Electronic check
2108-GLPQB,No,0,25,55.55,Month-to-month,DSL,No,No,Credit card (automatic)
9259-PACGQ,Yes,1,34,62.65,Month-to-month,DSL,Yes,Yes,Electronic check
4415-IJZTP,Yes,1,1,74.5,Month-to-month,Fiber optic,No,No,Electronic check
1465-VINDH,Yes,1,10,102.1,Month-to-month,Fiber optic,No,No,Credit card (automatic)
5474-LAMUQ,No,0,24,20.1,One year,No,No internet service,No internet service,Mailed check
3468-DRVQJ,No,0,10,70.3,One year,DSL,No,Yes,Electronic check
1122-YJBCS,No,0,69,53.65,One year,DSL,No,Yes,Credit card (automatic)
4990-ALDGW,No,0,57,20.75,Two year,No,No internet service,No internet service,Mailed check
4816-OKWNX,No,0,50,103.4,One year,Fiber optic,Yes,No,Bank transfer (automatic)
3315-IKYZQ,No,0,28,50.8,One year,DSL,Yes,Yes,Mailed check
2810-FTLEM,Yes,1,16,50.15,Month-to-month,DSL,No,Yes,Electronic check
4747-LCAQL,No,0,25,79.0,Month-to-month,DSL,Yes,Yes,Mailed check
3411-WLRSQ,No,0,3,74.6,Month-to-month,Fiber optic,No,No,Bank transfer (automatic)
0898-XCGTF,No,0,61,96.5,One year,Fiber optic,No,No,Bank transfer (automatic)
8006-PYCSW,No,0,2,20.1,Month-to-month,No,No internet service,No internet service,Mailed check
8249-THVEC,No,0,51,19.4,One year,No,No internet service,No internet service,Mailed check
8722-PRFDV,No,0,71,77.55,Two year,DSL,No,Yes,Credit card (automatic)
2164-SOQXL,No,0,20,20.05,Month-to-month,No,No internet service,No internet service,Mailed check
4020-KIUDI,No,0,6,19.85,Month-to-month,No,No internet service,No internet service,Credit card (automatic)
5850-BDWCY,No,0,6,20.2,Month-to-month,No,No internet service,No internet service,Mailed check
2038-YSEZE,No,0,29,67.45,Month-to-month,DSL,Yes,Yes,Mailed check
0827-ITJPH,No,0,36,18.55,Two year,No,No internet service,No internet service,Credit card (automatic)
8799-OXZMD,No,0,28,29.75,Month-to-month,DSL,No,No,Mailed check
1925-TIBLE,Yes,1,7,86.5,Month-to-month,Fiber optic,No,No,Electronic check
1705-GUHPV,No,0,63,24.2,Two year,No,No internet service,No internet service,Mailed check
4779-ZGICK,No,0,48,23.55,Two year,No,No internet service,No internet service,Mailed check
0048-PIHNL,No,0,49,20.45,One year,No,No internet service,No internet service,Bank transfer (automatic)
0818-OCPZO,Yes,1,27,81.45,Month-to-month,Fiber optic,No,No,Electronic check
3967-KXAPS,No,0,72,92.3,Two year,DSL,Yes,Yes,Credit card (automatic)
1447-GIQMR,Yes,1,1,69.15,Month-to-month,Fiber optic,No,No,Electronic check
3704-IEAXF,No,0,72,53.65,Two year,DSL,Yes,No,Credit card (automatic)
6810-VCAEX,No,0,47,39.65,One year,DSL,Yes,Yes,Credit card (automatic)
0674-EYYZV,No,0,1,54.65,Month-to-month,DSL,No,No,Electronic check
4480-MBMLB,No,0,36,104.8,One year,Fiber optic,No,No,Bank transfer (automatic)
1395-OFUWC,No,0,43,29.3,Month-to-month,DSL,No,No,Credit card (automatic)
0822-QGCXA,No,0,27,83.85,Month-to-month,DSL,Yes,No,Electronic check
0872-NXJYS,Yes,1,9,79.55,Month-to-month,Fiber optic,No,No,Electronic check
2832-KJCRD,No,0,38,103.65,Month-to-month,Fiber optic,Yes,No,Electronic check
3588-WSTTJ,No,0,35,99.05,Month-to-month,Fiber optic,No,Yes,Electronic check
4075-WKNIU,No,0,0,73.35,Two year,DSL,Yes,No,Mailed check
5090-EMGTC,No,0,59,100.05,Two year,Fiber optic,Yes,No,Mailed check
2346-CZYIL,No,0,27,20.35,Two year,No,No internet service,No internet service,Credit card (automatic)
3798-EPWRR,No,0,2,43.95,Month-to-month,DSL,No,No,Electronic check
6258-NGCNG,No,0,7,23.5,Month-to-month,No,No internet service,No internet service,Mailed check
4186-ZBUEW,No,0,36,70.7,One year,DSL,Yes,No,Mailed check
5274-XHAKY,No,0,41,94.3,Month-to-month,Fiber optic,No,Yes,Bank transfer (automatic)
1442-BQPVU,No,0,13,29.15,Month-to-month,DSL,No,No,Electronic check
3978-YNKDD,No,0,19,20.85,Two year,No,No internet service,No internet service,Credit card (automatic)
4940-KHCWD,No,0,60,37.7,Two year,DSL,Yes,Yes,Bank transfer (automatic)
9412-ARGBX,Yes,1,48,95.5,Two year,Fiber optic,Yes,No,Mailed check
1389-CXMLU,Yes,1,3,91.05,Month-to-month,Fiber optic,No,No,Electronic check
9589-ABEPT,No,0,69,92.45,Two year,Fiber optic,Yes,No,Mailed check
9388-ZEYVT,No,0,43,44.15,One year,DSL,Yes,No,Electronic check
0305-SQECB,No,0,11,36.05,One year,DSL,Yes,Yes,Mailed check
7605-SNLQG,No,0,45,50.25,Month-to-month,DSL,No,No,Credit card (automatic)
4670-TABXH,No,0,72,109.75,Two year,Fiber optic,Yes,No,Credit card (automatic)
5561-NWEVX,Yes,1,2,79.2,Month-to-month,Fiber optic,No,No,Electronic check
0064-SUDOG,No,0,12,20.3,Two year,No,No internet service,No internet service,Bank transfer (automatic)
8561-NMTBD,No,0,67,112.35,One year,Fiber optic,Yes,No,Credit card (automatic)
5161-XEUVX,No,0,37,94.3,Two year,Fiber optic,Yes,No,Mailed check
8292-FRFZQ,No,0,39,41.15,One year,DSL,Yes,Yes,Bank transfer (automatic)
8591-NXRCV,No,0,41,74.65,Month-to-month,DSL,Yes,Yes,Bank transfer (automatic)
7895-VONWT,No,0,25,48.25,Month-to-month,DSL,No,No,Electronic check
4526-RMTLL,No,0,8,76.15,Two year,DSL,Yes,Yes,Credit card (automatic)
6253-GNHWH,No,0,71,71.1,Two year,DSL,Yes,Yes,Mailed check
4566-NECEV,No,0,5,96.55,Month-to-month,Fiber optic,No,No,Electronic check
8080-POTJR,No,0,30,79.3,One year,DSL,No,Yes,Credit card (automatic)
6906-MPARY,No,0,40,89.6,One year,Fiber optic,Yes,No,Credit card (automatic)
3662-FXJFO,No,0,54,20.5,Two year,No,No internet service,No internet service,Mailed check
8107-RZLNV,No,0,72,106.3,Two year,Fiber optic,No,No,Bank transfer (automatic)
0516-OOHAR,No,0,28,100.35,One year,Fiber optic,No,No,Bank transfer (automatic)
2027-CWDNU,No,0,18,85.6,Month-to-month,Fiber optic,Yes,No,Electronic check
2737-WFVYW,Yes,1,2,45.25,Month-to-month,DSL,No,No,Electronic check
9912-OMZDS,No,0,59,106.15,One year,Fiber optic,No,No,Electronic check
3733-ZEECP,No,0,22,51.1,Month-to-month,DSL,Yes,No,Electronic check
7878-RTCZG,No,0,1,19.9,Month-to-month,No,No internet service,No internet service,Mailed check
2452-MRMZF,No,0,72,25.7,Two year,No,No internet service,No internet service,Credit card (automatic)
2272-QAGFO,Yes,1,14,74.3,Month-to-month,Fiber optic,No,No,Electronic check
7103-IPXPJ,No,0,50,99.4,One year,Fiber optic,Yes,No,Electronic check
4342-HFXWS,No,0,48,69.7,One year,DSL,Yes,Yes,Bank transfer (automatic)
3545-CNWRG,No,0,49,98.35,Month-to-month,Fiber optic,No,No,Electronic check
1785-BPHTP,No,0,28,85.45,Month-to-month,Fiber optic,No,No,Electronic check
4989-LIXVT,No,0,68,95.9,Month-to-month,Fiber optic,No,No,Electronic check
7315-WYOAW,No,0,13,100.75,Month-to-month,Fiber optic,Yes,No,Electronic check
1173-XZPYF,No,0,11,89.2,Month-to-month,Fiber optic,No,No,Electronic check
9850-OWRHQ,Yes,1,3,74.1,Month-to-month,Fiber optic,No,No,Credit card (automatic)
3768-NLUBH,Yes,1,57,100.6,Month-to-month,Fiber optic,No,No,Electronic check
8676-TRMJS,Yes,1,3,75.0,Month-to-month,Fiber optic,No,No,Mailed check
2509-TFPJU,No,0,72,25.75,Two year,No,No internet service,No internet service,Credit card (automatic)
9530-GRMJG,No,0,70,84.1,Two year,DSL,Yes,No,Electronic check
6898-RBTLU,No,0,49,79.3,Two year,DSL,Yes,No,Bank transfer (automatic)
5481-NTDOH,No,0,67,107.05,One year,Fiber optic,No,Yes,Credit card (automatic)
2068-WWXQZ,No,0,46,20.05,Two year,No,No internet service,No internet service,Bank transfer (automatic)
7359-SSBJK,Yes,1,64,70.2,Two year,DSL,Yes,Yes,Credit card (automatic)
2061-VVFST,No,0,37,19.5,Month-to-month,No,No internet service,No internet service,Bank transfer (automatic)
0685-MLYYM,Yes,1,2,70.75,Month-to-month,Fiber optic,No,No,Electronic check
0749-IRGQE,No,0,13,45.3,Month-to-month,DSL,No,No,Electronic check
2380-DAMQP,No,0,72,115.15,Two year,Fiber optic,Yes,Yes,Electronic check
2256-YLYLP,No,0,68,72.95,Two year,DSL,Yes,No,Bank transfer (automatic)
1272-ILHFG,No,0,15,19.65,One year,No,No internet service,No internet service,Mailed check
0164-XAIRP,No,0,24,19.55,Two year,No,No internet service,No internet service,Bank transfer (automatic)
5666-CYCYZ,No,0,24,89.55,Month-to-month,Fiber optic,Yes,No,Electronic check
4011-ARPHK,No,0,27,50.35,Month-to-month,DSL,No,Yes,Mailed check
8182-PNAGI,Yes,1,12,50.25,Month-to-month,DSL,Yes,No,Bank transfer (automatic)
6365-HITVU,No,0,71,87.25,Two year,DSL,Yes,Yes,Credit card (automatic)
7558-IMLMT,No,0,67,20.8,Two year,No,No internet service,No internet service,Mailed check
9488-FYQAU,No,0,63,109.25,Two year,Fiber optic,Yes,No,Bank transfer (automatic)
3590-TCXTB,No,0,1,20.35,Month-to-month,No,No internet service,No internet service,Mailed check
6994-KERXL,No,0,4,55.9,Month-to-month,DSL,No,No,Electronic check
7957-RYHQD,Yes,1,40,79.2,Month-to-month,Fiber optic,No,Yes,Credit card (automatic)
2180-DXNEG,Yes,1,12,96.0,Month-to-month,Fiber optic,No,No,Electronic check
1960-UOTYM,No,0,52,79.2,Two year,DSL,No,Yes,Electronic check
2740-JFBOK,No,0,10,24.0,Month-to-month,No,No internet service,No internet service,Electronic check
6500-JVEGC,No,0,68,101.35,One year,Fiber optic,No,Yes,Bank transfer (automatic)
5515-AKOAJ,Yes,1,54,100.1,Month-to-month,Fiber optic,Yes,No,Electronic check
8976-OQHGT,Yes,1,4,56.5,Month-to-month,DSL,Yes,No,Mailed check
5245-VDBUR,No,0,52,35.45,One year,DSL,No,Yes,Mailed check
6230-BSUXY,Yes,1,1,85.0,Month-to-month,Fiber optic,No,No,Electronic check
8469-SNFFH,No,0,70,79.4,One year,DSL,Yes,Yes,Bank transfer (automatic)
2144-ESWKO,No,0,43,35.2,One year,DSL,No,Yes,Credit card (automatic)
1241-FPMOF,No,0,52,19.65,Two year,No,No internet service,No internet service,Mailed check
9928-BZVLZ,No,0,12,49.85,Two year,DSL,Yes,Yes,Mailed check
4114-QMKVN,No,0,56,68.75,One year,DSL,No,Yes,Bank transfer (automatic)
2775-SEFEE,No,0,0,61.9,Two year,DSL,Yes,Yes,Bank transfer (automatic)
9003-CPATH,No,0,42,79.9,Month-to-month,Fiber optic,No,No,Electronic check
1754-GKYPY,No,0,22,89.75,Month-to-month,Fiber optic,No,No,Bank transfer (automatic)
5294-CDGWY,Yes,1,51,59.3,One year,DSL,No,Yes,Electronic check
7956-XQWGU,No,0,27,19.4,Month-to-month,No,No internet service,No internet service,Credit card (automatic)
1591-MQJTP,No,0,51,93.65,One year,Fiber optic,No,Yes,Bank transfer (automatic)
5295-PCJOO,Yes,1,4,49.4,Month-to-month,DSL,No,Yes,Electronic check
2369-FEVNO,No,0,1,19.9,Month-to-month,No,No internet service,No internet service,Mailed check
9863-JZAIC,Yes,1,35,55.0,Month-to-month,DSL,No,No,Mailed check
7471-MQPOS,No,0,71,72.9,One year,DSL,Yes,No,Bank transfer (automatic)
7660-HDPJV,Yes,1,1,69.2,Month-to-month,Fiber optic,No,No,Electronic check
5115-SQAAU,No,0,69,25.6,Two year,No,No internet service,No internet service,Bank transfer (automatic)
9845-QOMAD,No,0,14,19.75,One year,No,No internet service,No internet service,Mailed check
7672-VFMXZ,No,0,57,55.7,Month-to-month,DSL,Yes,Yes,Electronic check
9739-JLPQJ,No,0,72,117.5,Two year,Fiber optic,Yes,Yes,Credit card (automatic)
9916-AYHTC,No,0,48,19.85,Two year,No,No internet service,No internet service,Credit card (automatic)
3855-ONCAR,No,0,4,78.9,Month-to-month,Fiber optic,No,No,Mailed check
1488-SYSFC,No,0,31,20.65,Month-to-month,No,No internet service,No internet service,Electronic check
7931-PXHFC,Yes,1,38,62.3,One year,DSL,Yes,No,Mailed check
3990-QYKBE,Yes,1,37,92.5,Month-to-month,Fiber optic,No,No,Electronic check
0970-QXPXW,No,0,1,19.65,Month-to-month,No,No internet service,No internet service,Mailed check
3259-KNMRR,No,0,57,79.75,Two year,DSL,No,No,Bank transfer (automatic)
6120-RJKLU,No,0,62,79.95,Two year,DSL,Yes,Yes,Credit card (automatic)
9572-WUKSB,No,0,3,29.9,Month-to-month,DSL,Yes,No,Electronic check
5893-KCLGT,No,0,72,19.75,Two year,No,No internet service,No internet service,Mailed check
0076-LVEPS,No,0,29,45.0,Month-to-month,DSL,Yes,Yes,Mailed check
3640-JQGJG,No,0,13,44.8,Month-to-month,DSL,No,No,Bank transfer (automatic)
4919-MOAVT,Yes,1,3,69.65,Month-to-month,Fiber optic,No,No,Electronic check
1596-OQSPS,No,0,11,51.1,Month-to-month,DSL,No,No,Electronic check
9867-XOBQA,No,0,21,53.15,Two year,DSL,Yes,Yes,Mailed check
9546-KDTRB,No,0,19,24.7,Month-to-month,No,No internet service,No internet service,Bank transfer (automatic)
3090-HAWSU,Yes,1,61,111.6,Two year,Fiber optic,Yes,Yes,Credit card (automatic)
9820-RMCQV,Yes,1,11,48.55,Month-to-month,DSL,No,Yes,Credit card (automatic)
3174-RKMOW,No,0,35,109.95,Month-to-month,Fiber optic,Yes,No,Electronic check
1760-CAZHT,No,0,25,20.8,Month-to-month,No,No internet service,No internet service,Mailed check
7839-QRKXN,Yes,1,1,20.2,Month-to-month,No,No internet service,No internet service,Mailed check
8441-SHIPE,No,0,67,25.6,Two year,No,No internet service,No internet service,Bank transfer (automatic)
5204-QZXPU,Yes,1,19,39.65,Month-to-month,DSL,No,No,Electronic check
4597-ELFTS,Yes,1,56,24.9,One year,No,No internet service,No internet service,Electronic check
1320-GVNHT,No,0,72,108.4,Two year,Fiber optic,No,Yes,Credit card (automatic)
1047-RNXZV,No,0,43,19.55,Two year,No,No internet service,No internet service,Mailed check
3541-ZNUHK,No,0,55,85.1,Month-to-month,Fiber optic,No,Yes,Electronic check
8450-JOVAH,Yes,1,2,56.7,Month-to-month,DSL,No,Yes,Mailed check
8725-JEDFD,No,0,27,69.05,Month-to-month,Fiber optic,No,No,Mailed check
7562-UXTPG,No,0,13,70.15,Month-to-month,Fiber optic,No,No,Mailed check
8071-SBTRN,No,0,70,111.15,Two year,Fiber optic,No,Yes,Mailed check
1113-IUJYX,Yes,1,14,105.95,One year,Fiber optic,Yes,Yes,Mailed check
6668-CNMFP,No,0,19,89.35,One year,Fiber optic,Yes,No,Bank transfer (automatic)
5626-MGTUK,No,0,20,89.1,Month-to-month,Fiber optic,No,Yes,Bank transfer (automatic)
5681-LLOEI,No,0,43,91.25,One year,Fiber optic,Yes,Yes,Credit card (automatic)
8212-DJRCH,No,0,5,90.35,Month-to-month,Fiber optic,No,Yes,Mailed check
4323-OHFOW,No,0,70,105.55,One year,Fiber optic,Yes,No,Bank transfer (automatic)
4933-BSAIP,No,0,40,19.1,Two year,No,No internet service,No internet service,Mailed check
2030-BTZRO,No,0,6,20.4,Two year,No,No internet service,No internet service,Credit card (automatic)
1116-DXXDF,No,0,39,100.45,Two year,Fiber optic,No,Yes,Electronic check
9274-CNFMO,Yes,1,4,74.95,Month-to-month,Fiber optic,No,No,Electronic check
7758-XKCBS,Yes,1,15,29.7,Month-to-month,DSL,Yes,No,Electronic check
8992-JQYUN,Yes,1,1,50.35,Month-to-month,DSL,No,No,Electronic check
6563-VNPMN,No,0,45,85.7,Month-to-month,Fiber optic,Yes,Yes,Bank transfer (automatic)
0617-AQNWT,Yes,1,64,47.85,Two year,DSL,Yes,Yes,Electronic check
2267-WTPYD,No,0,57,94.0,Month-to-month,Fiber optic,No,No,Credit card (automatic)
0270-THENM,No,0,72,69.85,Two year,DSL,Yes,Yes,Bank transfer (automatic)
2446-PLQVO,Yes,1,1,70.3,Month-to-month,Fiber optic,No,No,Electronic check
4707-MAXGU,No,0,72,25.85,Two year,No,No internet service,No internet service,Credit card (automatic)
2710-WYVXG,No,0,3,71.1,Two year,DSL,Yes,Yes,Mailed check
3005-NFMTA,Yes,1,55,98.8,Month-to-month,Fiber optic,No,Yes,Electronic check
6300-BWMJX,No,0,59,93.35,Month-to-month,Fiber optic,Yes,No,Electronic check
8784-CGILN,Yes,1,18,99.85,Month-to-month,Fiber optic,Yes,No,Bank transfer (automatic)
5389-FFVKB,Yes,1,32,80.3,Month-to-month,Fiber optic,No,No,Credit card (automatic)
7009-LGECI,No,0,4,50.55,Month-to-month,DSL,No,Yes,Bank transfer (automatic)
8444-WRIDW,Yes,1,66,80.45,Month-to-month,Fiber optic,No,No,Credit card (automatic)
5022-KVDQT,No,0,27,81.3,Month-to-month,Fiber optic,No,No,Electronic check
7976-CICYS,No,0,4,20.7,Month-to-month,No,No internet service,No internet service,Credit card (automatic)
1036-GUDCL,No,0,60,79.05,Month-to-month,DSL,Yes,Yes,Credit card (automatic)
2005-DWQZJ,No,0,8,19.05,Two year,No,No internet service,No internet service,Mailed check
8148-WOCMK,No,0,8,19.6,Two year,No,No internet service,No internet service,Credit card (automatic)
7815-PDTHL,No,0,35,20.2,Two year,No,No internet service,No internet service,Mailed check
9451-LPGOO,Yes,1,7,86.8,Month-to-month,Fiber optic,No,No,Electronic check
9173-IVZVP,No,0,53,20.9,Two year,No,No internet service,No internet service,Mailed check
9129-UXERG,No,0,18,103.6,Month-to-month,Fiber optic,Yes,No,Credit card (automatic)
3635-JBPSG,No,0,15,38.8,Two year,DSL,No,No,Mailed check
7964-ZRKKG,No,0,67,88.4,One year,Fiber optic,No,No,Bank transfer (automatic)
5868-YWPDW,Yes,1,6,84.2,Month-to-month,Fiber optic,No,No,Electronic check
6229-LSCKB,No,0,6,79.7,Month-to-month,Fiber optic,No,No,Electronic check
2025-JKFWI,Yes,1,13,99.0,Month-to-month,Fiber optic,Yes,No,Mailed check
4078-SAYYN,Yes,1,11,100.75,Month-to-month,Fiber optic,No,No,Electronic check
1724-IQWNM,No,0,1,19.3,Month-to-month,No,No internet service,No internet service,Mailed check
8217-QYOHV,No,0,5,55.75,Month-to-month,DSL,Yes,Yes,Mailed check
5546-QUERU,No,0,13,19.95,One year,No,No internet service,No internet service,Mailed check
9940-HPQPG,Yes,1,9,91.75,Month-to-month,Fiber optic,No,Yes,Bank transfer (automatic)
6897-UUBNU,No,0,29,89.65,Month-to-month,Fiber optic,Yes,No,Mailed check
6127-IYJOZ,No,0,1,45.85,Month-to-month,DSL,No,No,Mailed check
6618-RYATB,Yes,1,1,79.55,Month-to-month,Fiber optic,No,No,Mailed check
8930-XOTDP,No,0,18,55.95,Month-to-month,DSL,No,No,Mailed check
5916-QEWPT,No,0,2,69.0,Month-to-month,DSL,No,No,Credit card (automatic)
5060-TQUQN,No,0,30,83.55,Month-to-month,Fiber optic,Yes,No,Bank transfer (automatic)
0531-XBKMM,No,0,66,65.7,Two year,DSL,Yes,Yes,Bank transfer (automatic)
8465-SBRXP,No,0,38,94.9,Two year,Fiber optic,Yes,No,Bank transfer (automatic)
2408-PSJVE,No,0,44,61.9,Month-to-month,DSL,Yes,No,Mailed check
9079-YEXQJ,Yes,1,54,111.1,Month-to-month,Fiber optic,Yes,No,Electronic check
9700-ZCLOT,No,0,2,20.0,Month-to-month,No,No internet service,No internet service,Mailed check
8738-JOKAR,No,0,42,67.7,One year,DSL,Yes,Yes,Mailed check
4534-WGCIR,No,0,58,25.15,Two year,No,No internet service,No internet service,Credit card (automatic)
1930-WNXSB,No,0,58,92.85,Month-to-month,Fiber optic,No,No,Electronic check
2685-SREOM,Yes,1,25,89.1,Month-to-month,Fiber optic,No,No,Electronic check
3508-CFVZL,No,0,71,111.3,Two year,Fiber optic,Yes,Yes,Mailed check
0402-CQAJN,Yes,1,37,101.9,Month-to-month,Fiber optic,No,No,Bank transfer (automatic)
6692-UDPJC,Yes,1,14,91.65,Month-to-month,Fiber optic,Yes,No,Electronic check
1273-MTETI,Yes,1,4,88.85,Month-to-month,Fiber optic,No,No,Electronic check
0657-DOGUM,No,0,48,60.6,One year,DSL,Yes,Yes,Bank transfer (automatic)
5480-HPRRX,Yes,1,3,25.3,Month-to-month,DSL,No,No,Electronic check
8792-AOROI,No,0,8,65.5,Two year,DSL,Yes,Yes,Mailed check
0295-PPHDO,Yes,1,1,95.45,Month-to-month,Fiber optic,No,No,Electronic check
5146-YYFRZ,No,0,67,19.95,Two year,No,No internet service,No internet service,Bank transfer (automatic)
1195-OIYEJ,Yes,1,13,91.1,Month-to-month,Fiber optic,No,No,Electronic check
5906-CVLHP,Yes,1,45,54.15,One year,DSL,Yes,No,Credit card (automatic)
3452-SRFEG,No,0,49,74.6,Month-to-month,Fiber optic,No,No,Bank transfer (automatic)
4070-OKWVH,No,0,52,94.6,Month-to-month,Fiber optic,No,No,Bank transfer (automatic)
5297-MDOIR,No,0,63,81.15,One year,Fiber optic,No,Yes,Credit card (automatic)
6369-MCAKO,No,0,68,89.05,Two year,DSL,Yes,Yes,Bank transfer (automatic)
4926-UMJZD,No,0,31,49.2,Month-to-month,DSL,Yes,No,Mailed check
6848-HJTXY,No,0,64,19.45,Two year,No,No internet service,No internet service,Credit card (automatic)
6341-AEVKX,No,0,62,104.3,One year,Fiber optic,Yes,Yes,Electronic check
4501-EQDRN,Yes,1,1,69.7,Month-to-month,Fiber optic,No,No,Bank transfer (automatic)
2990-HWIML,Yes,1,6,89.5,Month-to-month,Fiber optic,No,No,Electronic check
0682-USIXD,No,0,21,86.05,Month-to-month,Fiber optic,Yes,No,Electronic check
6976-BWGLQ,No,0,72,25.2,Two year,No,No internet service,No internet service,Bank transfer (automatic)
7078-NVFAM,No,0,32,35.15,Month-to-month,DSL,No,Yes,Electronic check
8065-QBYTO,No,0,71,99.65,One year,Fiber optic,Yes,Yes,Credit card (automatic)
2133-TSRRM,No,0,34,105.35,Month-to-month,Fiber optic,No,Yes,Bank transfer (automatic)
7384-GHBPI,Yes,1,3,35.15,Month-to-month,DSL,No,No,Electronic check
7603-USHJS,Yes,1,12,73.75,Month-to-month,Fiber optic,No,No,Credit card (automatic)
7234-FECYN,Yes,1,8,101.35,Month-to-month,Fiber optic,No,No,Electronic check
2511-ALLCS,No,0,35,24.3,Two year,No,No internet service,No internet service,Bank transfer (automatic)
3191-CSNMG,No,0,3,80.7,Month-to-month,Fiber optic,No,No,Electronic check
7952-OBOYL,No,0,3,89.85,Month-to-month,Fiber optic,Yes,No,Mailed check
7470-DYNOE,No,0,53,61.1,One year,DSL,No,No,Electronic check
7853-OETYL,No,0,4,29.05,Month-to-month,DSL,No,Yes,Electronic check
1545-ACTAS,No,0,48,99.7,One year,Fiber optic,No,Yes,Bank transfer (automatic)
5876-HZVZM,Yes,1,6,55.9,Month-to-month,DSL,No,Yes,Credit card (automatic)
1400-MMYXY,Yes,1,3,105.9,Month-to-month,Fiber optic,No,No,Electronic check
5126-RCXYW,No,0,54,46.0,Two year,DSL,Yes,No,Credit card (automatic)
3085-QUOZK,Yes,1,1,43.95,Month-to-month,DSL,No,No,Mailed check
2363-BJLSL,No,0,62,80.4,Month-to-month,DSL,Yes,No,Bank transfer (automatic)
1956-YIFGE,No,0,22,100.05,One year,Fiber optic,No,No,Mailed check
3926-CUQZX,Yes,1,1,45.1,Month-to-month,DSL,No,No,Bank transfer (automatic)
7921-LMDFQ,No,0,51,94.0,One year,Fiber optic,No,No,Bank transfer (automatic)
2925-MXLSX,No,0,30,68.95,One year,DSL,No,No,Credit card (automatic)
5820-PTRYM,No,0,56,68.45,One year,DSL,Yes,Yes,Credit card (automatic)
9609-BENEA,No,0,35,69.0,One year,DSL,Yes,No,Electronic check
6211-WHMYA,No,0,64,43.85,Month-to-month,DSL,Yes,No,Electronic check
4459-BBGHE,No,0,30,44.5,Month-to-month,DSL,No,No,Electronic check
9945-PSVIP,No,0,25,18.7,Two year,No,No internet service,No internet service,Mailed check
1041-RXHRA,Yes,1,41,70.25,Month-to-month,Fiber optic,No,No,Bank transfer (automatic)
1750-CSKKM,Yes,1,9,55.35,Month-to-month,DSL,No,No,Electronic check
9108-EJFJP,No,0,1,53.55,Month-to-month,DSL,No,Yes,Mailed check
0530-IJVDB,No,0,70,114.6,Two year,Fiber optic,Yes,Yes,Electronic check
0508-SQWPL,No,0,57,20.1,Two year,No,No internet service,No internet service,Bank transfer (automatic)
2215-ZAFGX,No,0,9,85.5,Month-to-month,Fiber optic,No,No,Electronic check
8213-TAZPM,No,0,69,108.75,One year,Fiber optic,Yes,No,Bank transfer (automatic)
7142-HVGBG,Yes,1,43,103.0,Month-to-month,Fiber optic,No,No,Electronic check
1304-SEGFY,No,0,72,97.85,Two year,Fiber optic,No,No,Electronic check
7242-EDTYC,No,0,44,19.55,Two year,No,No internet service,No internet service,Bank transfer (automatic)
2904-GGUAZ,No,0,72,84.05,Two year,Fiber optic,No,Yes,Bank transfer (automatic)
8267-ZNYVZ,Yes,1,33,103.75,One year,Fiber optic,Yes,Yes,Electronic check
5136-GFPMB,No,0,54,89.4,Month-to-month,Fiber optic,No,No,Credit card (automatic)
2595-KIWPV,No,0,27,19.7,Two year,No,No internet service,No internet service,Credit card (automatic)
5243-SAOTC,No,0,54,79.85,Month-to-month,Fiber optic,No,No,Bank transfer (automatic)
9398-MMQTO,No,0,3,74.45,Month-to-month,Fiber optic,No,No,Credit card (automatic)
7619-PLRLP,No,0,53,74.1,One year,DSL,No,Yes,Bank transfer (automatic)
6457-GIRWB,Yes,1,1,69.35,Month-to-month,Fiber optic,No,No,Electronic check
6508-NJYRO,No,0,15,18.8,One year,No,No internet service,No internet service,Mailed check
1450-SKCVI,Yes,1,56,73.85,Month-to-month,Fiber optic,No,No,Electronic check
4710-NKCAW,No,0,5,64.4,Month-to-month,DSL,Yes,Yes,Credit card (automatic)
5306-BVTKJ,No,0,48,55.8,One year,DSL,No,No,Credit card (automatic)
0357-NVCRI,No,0,25,20.05,Month-to-month,No,No internet service,No internet service,Credit card (automatic)
5570-PTWEH,Yes,1,3,75.15,Month-to-month,Fiber optic,No,No,Credit card (automatic)
2371-KFUOG,No,0,58,99.15,One year,Fiber optic,No,Yes,Bank transfer (automatic)
0463-ZSDNT,No,0,10,56.75,Month-to-month,DSL,No,No,Bank transfer (automatic)
6502-MJQAE,Yes,1,1,69.6,Month-to-month,Fiber optic,No,No,Electronic check
6257-DTAYD,No,0,71,104.15,Two year,Fiber optic,Yes,No,Credit card (automatic)
4616-ULAOA,No,0,65,110.8,Two year,Fiber optic,Yes,No,Credit card (automatic)
7693-LCKZL,Yes,1,5,80.15,Month-to-month,Fiber optic,No,No,Electronic check
7746-AWNQW,No,0,28,35.75,Month-to-month,DSL,Yes,No,Mailed check
5996-EBTKM,No,0,67,69.9,Two year,DSL,Yes,No,Bank transfer (automatic)
2758-RNWXS,No,0,35,89.2,One year,Fiber optic,Yes,Yes,Electronic check
2314-TNDJQ,No,0,72,55.65,Two year,DSL,Yes,Yes,Credit card (automatic)
2405-LBMUW,No,0,61,50.7,One year,DSL,Yes,Yes,Bank transfer (automatic)
3454-JFUBC,No,0,68,20.0,Two year,No,No internet service,No internet service,Credit card (automatic)
0032-PGELS,Yes,1,1,30.5,Month-to-month,DSL,No,Yes,Bank transfer (automatic)
9039-ZVJDC,No,0,3,19.1,Month-to-month,No,No internet service,No internet service,Mailed check
6797-LNAQX,Yes,1,70,98.3,Two year,Fiber optic,No,No,Bank transfer (automatic)
9013-AQORL,No,0,48,45.55,Month-to-month,DSL,No,No,Credit card (automatic)
2898-MRKPI,No,0,68,101.05,One year,Fiber optic,No,No,Credit card (automatic)
2750-BJLSB,No,0,47,103.7,One year,Fiber optic,Yes,Yes,Electronic check
3648-GZPHF,No,0,32,36.25,One year,DSL,Yes,No,Mailed check
2075-RMJIK,No,0,5,49.4,Month-to-month,DSL,No,Yes,Mailed check
9588-YRFHY,No,0,49,19.9,Two year,No,No internet service,No internet service,Credit card (automatic)
6394-MFYNG,Yes,1,48,107.4,Month-to-month,Fiber optic,No,No,Bank transfer (automatic)
1564-NTYXF,Yes,1,13,82.0,Month-to-month,Fiber optic,No,No,Electronic check
9364-YKUVW,No,0,15,19.8,Month-to-month,No,No internet service,No internet service,Mailed check
5392-AKEMH,No,0,12,45.05,Month-to-month,DSL,No,No,Electronic check
2451-YMUXS,No,0,67,64.55,Two year,DSL,Yes,Yes,Bank transfer (automatic)
3914-FDRHP,No,0,9,86.25,Month-to-month,Fiber optic,Yes,No,Electronic check
3078-ZKNTS,No,0,13,19.75,Two year,No,No internet service,No internet service,Bank transfer (automatic)
1024-KPRBB,No,0,38,89.1,One year,Fiber optic,No,No,Mailed check
4690-PKDQG,No,0,42,95.55,Month-to-month,Fiber optic,No,No,Electronic check
8155-IBNHG,Yes,1,24,75.4,Month-to-month,Fiber optic,No,No,Credit card (automatic)
0886-QGENL,Yes,1,27,101.25,Month-to-month,Fiber optic,No,Yes,Electronic check
9547-ITEFG,No,0,9,102.6,Month-to-month,Fiber optic,No,No,Credit card (automatic)
1264-FUHCX,No,0,49,56.3,One year,DSL,Yes,No,Credit card (automatic)
7789-CRUVC,No,0,61,94.2,Month-to-month,Fiber optic,Yes,Yes,Credit card (automatic)
6598-KELSS,No,0,50,43.05,One year,DSL,No,Yes,Bank transfer (automatic)
8739-WWKDU,Yes,1,25,89.5,Month-to-month,Fiber optic,No,No,Electronic check
8685-WHQPW,Yes,1,22,74.4,Month-to-month,Fiber optic,No,No,Bank transfer (automatic)
4745-LSPLO,Yes,1,1,20.5,Month-to-month,No,No internet service,No internet service,Mailed check
8083-YTZES,Yes,1,4,74.35,Month-to-month,Fiber optic,No,No,Electronic check
7240-FQLHE,Yes,1,18,99.75,Month-to-month,Fiber optic,Yes,No,Bank transfer (automatic)
6664-FPDAC,Yes,1,56,111.95,One year,Fiber optic,Yes,No,Electronic check
9972-VAFJJ,No,0,53,94.0,One year,Fiber optic,Yes,No,Electronic check
0422-UXFAP,No,0,51,98.85,One year,Fiber optic,No,No,Electronic check
1904-WAJAA,No,0,24,64.35,Two year,DSL,No,Yes,Electronic check
5130-YPIRV,No,0,62,72.0,Two year,DSL,No,Yes,Credit card (automatic)
2843-CQMEG,No,0,24,49.7,Month-to-month,DSL,No,No,Mailed check
6439-PKTRR,No,0,70,80.7,Two year,DSL,Yes,Yes,Electronic check
5351-QESIO,No,0,1,24.2,Month-to-month,DSL,No,No,Mailed check
0786-VSSUD,Yes,1,16,39.0,Month-to-month,DSL,No,No,Mailed check
5568-DMXZS,No,0,8,65.45,Month-to-month,DSL,Yes,No,Electronic check
8468-FZTOE,No,0,72,74.35,Two year,DSL,Yes,Yes,Electronic check
6633-SYEUS,No,0,23,83.2,Month-to-month,Fiber optic,Yes,No,Bank transfer (automatic)
6447-GORXK,No,0,31,25.0,Month-to-month,DSL,No,No,Credit card (automatic)
6967-PEJLL,No,0,37,40.2,One year,DSL,Yes,Yes,Electronic check
3976-BWUCK,Yes,1,30,94.1,Month-to-month,Fiber optic,Yes,No,Credit card (automatic)
5981-ZVXOT,No,0,35,108.35,One year,Fiber optic,No,Yes,Electronic check
1684-FLBGS,No,0,23,69.5,Month-to-month,DSL,Yes,No,Credit card (automatic)
1389-WNUIB,No,0,20,76.0,One year,DSL,No,Yes,Bank transfer (automatic)
0376-OIWME,No,0,36,93.6,Month-to-month,Fiber optic,No,Yes,Electronic check
3585-ISXZP,Yes,1,8,95.65,Month-to-month,Fiber optic,No,No,Bank transfer (automatic)
0218-QNVAS,No,0,71,100.55,One year,Fiber optic,No,No,Bank transfer (automatic)
6583-QGCSI,Yes,1,50,88.05,Month-to-month,Fiber optic,No,No,Electronic check
0804-YGEQV,No,0,43,24.45,One year,No,No internet service,No internet service,Bank transfer (automatic)
7164-BPTUT,No,0,57,89.55,Two year,DSL,Yes,Yes,Mailed check
4174-LPGTI,Yes,1,41,66.5,One year,DSL,Yes,No,Bank transfer (automatic)
2523-EWWZL,No,0,27,76.1,Month-to-month,Fiber optic,No,No,Electronic check
0928-XUTSN,No,0,13,80.5,Month-to-month,Fiber optic,No,No,Electronic check
2108-XWMPY,Yes,1,3,35.45,Month-to-month,DSL,No,Yes,Mailed check
0052-YNYOT,No,0,67,20.55,One year,No,No internet service,No internet service,Electronic check
6304-IJFSQ,Yes,1,3,49.9,Month-to-month,DSL,No,No,Mailed check
9586-JGQKH,No,0,64,105.4,Two year,Fiber optic,Yes,No,Bank transfer (automatic)
4501-VCPFK,No,0,26,35.75,Month-to-month,DSL,Yes,No,Electronic check
6075-SLNIL,No,0,38,95.1,Month-to-month,Fiber optic,No,No,Credit card (automatic)
9347-AERRL,No,0,23,19.3,One year,No,No internet service,No internet service,Credit card (automatic)
0093-XWZFY,Yes,1,40,104.5,Month-to-month,Fiber optic,No,No,Credit card (automatic)
2274-XUATA,No,0,72,63.1,Two year,DSL,Yes,Yes,Bank transfer (automatic)
1980-KXVPM,Yes,1,3,75.05,Month-to-month,Fiber optic,No,No,Credit card (automatic)
7703-ZEKEF,Yes,1,23,81.0,Month-to-month,Fiber optic,No,No,Electronic check
0723-DRCLG,Yes,1,1,74.45,Month-to-month,Fiber optic,No,No,Electronic check
5482-NUPNA,Yes,1,4,60.4,Month-to-month,DSL,Yes,Yes,Mailed check
6691-CCIHA,No,0,62,84.95,Two year,DSL,Yes,Yes,Electronic check
1685-BQULA,No,0,40,93.4,Month-to-month,Fiber optic,No,No,Bank transfer (automatic)
9053-EJUNL,No,0,41,89.2,Month-to-month,Fiber optic,No,No,Electronic check
0666-UXTJO,No,0,34,85.2,Month-to-month,Fiber optic,No,No,Credit card (automatic)
1471-GIQKQ,No,0,1,49.95,Month-to-month,DSL,No,No,Electronic check
4807-IZYOZ,No,0,51,20.65,Two year,No,No internet service,No internet service,Bank transfer (automatic)
1122-JWTJW,Yes,1,1,70.65,Month-to-month,Fiber optic,No,No,Mailed check
9710-NJERN,No,0,39,20.15,Two year,No,No internet service,No internet service,Mailed check
9837-FWLCH,No,0,12,19.2,Month-to-month,No,No internet service,No internet service,Electronic check
1699-HPSBG,Yes,1,12,59.8,One year,DSL,Yes,No,Electronic check
7203-OYKCT,No,0,72,104.95,One year,Fiber optic,No,No,Electronic check
1035-IPQPU,No,0,63,103.5,Month-to-month,Fiber optic,No,No,Electronic check
7398-LXGYX,No,0,44,84.8,Month-to-month,Fiber optic,No,Yes,Credit card (automatic)
2823-LKABH,No,0,18,95.05,Month-to-month,Fiber optic,Yes,No,Bank transfer (automatic)
8775-CEBBJ,Yes,1,9,44.2,Month-to-month,DSL,No,No,Bank transfer (automatic)
0550-DCXLH,No,0,13,73.35,Month-to-month,DSL,Yes,No,Mailed check
9281-CEDRU,No,0,68,64.1,Two year,DSL,Yes,No,Bank transfer (automatic)
2235-DWLJU,No,0,6,44.4,Month-to-month,DSL,No,No,Electronic check
0871-OPBXW,No,0,2,20.05,Month-to-month,No,No internet service,No internet service,Mailed check
3605-JISKB,No,0,55,60.0,One year,DSL,No,Yes,Credit card (automatic)
6894-LFHLY,Yes,1,1,75.75,Month-to-month,Fiber optic,No,No,Electronic check
9767-FFLEM,No,0,38,69.5,Month-to-month,Fiber optic,No,No,Credit card (automatic)
0639-TSIQW,Yes,1,67,102.95,Month-to-month,Fiber optic,No,Yes,Credit card (automatic)
8456-QDAVC,No,0,19,78.7,Month-to-month,Fiber optic,No,No,Bank transfer (automatic)
7750-EYXWZ,No,0,12,60.65,One year,DSL,Yes,No,Electronic check
2569-WGERO,No,0,72,21.15,Two year,No,No internet service,No internet service,Bank transfer (automatic)
6840-RESVB,No,0,24,84.8,One year,DSL,Yes,Yes,Mailed check
2234-XADUH,No,0,72,103.2,One year,Fiber optic,No,No,Credit card (automatic)
4801-JZAZL,No,0,11,29.6,Month-to-month,DSL,No,Yes,Electronic check
8361-LTMKD,Yes,1,4,74.4,Month-to-month,Fiber optic,No,No,Mailed check
3186-AJIEK,No,0,66,105.65,Two year,Fiber optic,Yes,Yes,Bank transfer (automatic)
